block,source,language,benchmark,variant,n_raw,n_valid,n_invalid,n_short,blocks,line_first,line_last,package_j_median,package_j_q25,package_j_q75,package_j_iqr_pct,time_s_median,time_s_q25,time_s_q75,time_s_iqr_pct,power_w_median,edp_js_median,cpu_share_median,dram_j_median,block_time_ratio,flags,exploratory_eligible
2,Ada/Ada.csv,Ada,binary-trees,False,10,10,0,0,1,11,20,110.6441650390625,110.31080627441406,110.90754699707031,0.5393332060896053,2.81823,2.813215,2.838545,0.8987910851846674,39.26017448843953,312.15306306701655,0.7560291350369142,9.63201904296875,1.0,,True
12,Ada/Ada.csv,Ada,binary-trees,False,10,10,0,0,1,112,121,112.65963745117188,112.45016479492188,112.987548828125,0.4769978364576525,2.823215,2.8117075000000002,2.826155,0.5117392759672829,39.963047520957986,317.52692817962645,0.757247492960342,9.6702880859375,1.0,,True
5,Ada/Ada.csv,Ada,fannkuch-redux,False,10,10,0,0,1,41,50,309.6572570800781,309.24932861328125,310.06089782714844,0.26208628905387277,7.343909999999999,7.3394525,7.3601275,0.28152578122552946,42.14427366033545,2274.4154473071285,0.7875426991418747,17.742218017578125,1.0,,True
15,Ada/Ada.csv,Ada,fannkuch-redux,False,10,10,0,0,1,142,151,313.7393493652344,312.41810607910156,315.0090637207031,0.8258312662545056,7.358169999999999,7.3445,7.3670025,0.3058165277507841,42.67085302843974,2303.668323654785,0.7878766375026129,17.777587890625,1.0,,True
9,Ada/Ada.csv,Ada,fasta,False,10,10,0,0,1,81,90,62.27496337890625,61.51869201660156,63.1326904296875,2.591729204665627,2.733025,2.71557,2.7564825,1.4969676457405303,22.736099271725156,171.20722143585203,0.5372774766807433,6.671722412109375,1.0,,True
19,Ada/Ada.csv,Ada,fasta,False,10,10,0,0,1,182,191,63.141357421875,62.411529541015625,63.31591796875,1.432323384642748,2.76647,2.7359549999999997,2.7854575,1.7893741844299937,22.738065161477856,174.17862414001462,0.5364767539315987,6.75360107421875,1.0,,True
6,Ada/Ada.csv,Ada,k-nucleotide,False,10,10,0,0,1,51,60,182.68521118164062,180.6221466064453,186.43650817871094,3.1827215430615836,6.5428,6.430145,6.6359525,3.1455569480956123,28.045386655008446,1196.5679054449463,0.6611001460099846,19.723052978515625,1.0,,True
16,Ada/Ada.csv,Ada,k-nucleotide,False,10,10,0,0,1,152,161,195.3082275390625,193.27381896972656,198.85206604003906,2.856124977733888,7.050025,6.921155,7.1951775,3.8868301885454315,27.694785582886762,1379.336845413208,0.6556184337683693,22.106231689453125,1.0,,True
7,Ada/Ada.csv,Ada,mandelbrot,False,10,10,0,0,1,61,70,117.72622680664062,117.42509460449219,117.90879821777344,0.41087158435452853,3.188085,3.1822325,3.1945699999999997,0.38698779988612814,36.92668733228211,375.4840794110107,0.7608508372322673,7.72760009765625,1.0,,True
17,Ada/Ada.csv,Ada,mandelbrot,False,10,10,0,0,1,162,171,118.10150146484375,117.95521545410156,118.21380615234375,0.21895631726508094,3.18961,3.1815025,3.19855,0.5344697314091654,36.96053405728046,376.75560168548583,0.7611066726068216,7.730072021484375,1.0,,True
1,Ada/Ada.csv,Ada,n-body,False,10,10,0,0,1,1,10,79.4378662109375,79.41845703125,81.46575927734375,2.5772372090879054,4.084110000000001,4.0839375,4.0867075,0.06782383432375569,19.44917527210139,324.4205370516968,0.5234156917388618,9.867462158203125,1.0,,True
11,Ada/Ada.csv,Ada,n-body,False,10,10,0,0,1,102,111,79.57339477539062,79.53919982910156,79.64382934570312,0.13148806444276637,4.08534,4.08495,4.08699,0.04993464436252654,19.4783862509964,325.07442439361574,0.5237923710703458,9.87005615234375,1.0,,True
8,Ada/Ada.csv,Ada,pidigits,False,10,10,0,0,1,71,80,11.428985595703125,11.41845703125,11.451019287109375,0.28490941375949586,0.5448005,0.5441,0.5468222500000001,0.4996783226153495,20.974612836408504,6.223474682739258,0.5506069967203935,1.3172607421875,1.0,,True
18,Ada/Ada.csv,Ada,pidigits,False,10,10,0,0,1,172,181,11.579376220703125,11.5120849609375,11.618972778320312,0.9230878705858478,0.5466770000000001,0.545148,0.5477815,0.48172869903070115,21.116857574762324,6.3387411510314955,0.5525698822990751,1.319732666015625,1.0,,True
4,Ada/Ada.csv,Ada,regex-redux,False,10,10,0,0,1,31,40,182.50323486328125,181.31507873535156,183.9508514404297,1.4442334170419844,5.060105,5.0204775,5.1761725,3.076912435611508,35.92702758315873,922.689025336914,0.7308371794799031,12.583465576171875,1.0,,True
14,Ada/Ada.csv,Ada,regex-redux,False,10,10,0,0,1,132,141,185.775146484375,184.78610229492188,186.85284423828125,1.112496468160881,5.118245,5.0579600000000005,5.142885,1.6592601565575553,36.40479109133541,950.9795556866454,0.7327798799101767,12.726104736328125,1.0,,True
3,Ada/Ada.csv,Ada,reverse-complement,False,10,10,0,0,1,21,30,10.723052978515625,10.696578979492188,10.826858520507812,1.2149482174213728,0.3644115,0.36244175,0.3674885,1.3849041536834015,29.440309074305837,3.918159912292481,0.6597458461734853,1.120147705078125,1.0,,True
13,Ada/Ada.csv,Ada,reverse-complement,False,10,10,0,0,1,122,131,10.933990478515625,10.746139526367188,10.9854736328125,2.188899898125794,0.36591549999999995,0.364981,0.36829425,0.9054686122889001,29.68504988020056,4.005968717498779,0.6597805082928676,1.1285400390625,1.0,,True
10,Ada/Ada.csv,Ada,spectral-norm,False,10,10,0,0,1,91,100,32.56121826171875,32.49114990234375,32.58538818359375,0.2894187818543421,0.7728744999999999,0.77271125,0.77307775,0.047420376788216895,42.13568061930707,25.170366058227536,0.7727869930400062,1.8671875,1.0,,True
20,Ada/Ada.csv,Ada,spectral-norm,False,10,10,0,0,1,192,201,32.602874755859375,32.500274658203125,32.61761474609375,0.3599071823245792,0.773243,0.7728745,0.7735762499999999,0.09075413550460003,42.16035239737262,25.207799496429445,0.7728869175698982,1.868560791015625,1.0,,True
2,C++/C++.csv,C++,binary-trees,False,10,10,0,0,1,11,20,47.007293701171875,46.803497314453125,47.163787841796875,0.7664566474176072,1.104755,1.1008675,1.1082925000000001,0.6720947178333672,42.48232794225915,51.89404252197265,0.7751302670792968,3.663543701171875,1.0,,True
12,C++/C++.csv,C++,binary-trees,False,10,10,0,0,1,111,120,48.507720947265625,48.314117431640625,48.616241455078125,0.6228369783976229,1.10718,1.1016475000000001,1.1162375,1.3177622428150688,43.655899911033444,53.780430877685546,0.7759357997853675,3.666778564453125,1.0,,True
5,C++/C++.csv,C++,fannkuch-redux,False,10,10,0,0,1,41,50,260.50616455078125,259.04356384277344,261.45692443847656,0.926412086971048,6.1164000000000005,6.108245,6.1234625,0.248798312732971,42.62621996837216,1595.6192583886718,0.7879989940429288,14.777008056640625,1.0,,True
15,C++/C++.csv,C++,fannkuch-redux,False,10,10,0,10,1,141,150,0.008392333984375,0.0080108642578125,0.0159149169921875,94.18181818181819,0.001458,0.0013372500000000001,0.001542,14.0432098765432,6.380136947185672,1.2259246826171876e-05,0.16507416909964906,0.002471923828125,1.0,short_time,False
9,C++/C++.csv,C++,fasta,False,10,10,0,0,1,81,90,42.887908935546875,42.57157897949219,43.17112731933594,1.3979425780463386,1.1540050000000002,1.1366325,1.164995,2.457744983773906,37.27263237432433,49.76438629455566,0.7443950202225056,2.860137939453125,1.0,,True
19,C++/C++.csv,C++,fasta,False,10,10,0,0,1,181,190,43.08758544921875,42.935089111328125,43.222747802734375,0.6676138576975326,1.153455,1.14462,1.160375,1.3658963722035073,37.41708361697631,49.79237399505615,0.7449718071018012,2.857147216796875,1.0,,True
6,C++/C++.csv,C++,k-nucleotide,False,10,10,0,0,1,51,60,126.00390625,124.92745971679688,126.50192260742188,1.2495349846544936,3.6584199999999996,3.57699,3.7162275,3.80594628282155,34.5361486689136,462.2338742016601,0.7258809589009539,13.535614013671875,1.0,,True
16,C++/C++.csv,C++,k-nucleotide,False,10,10,0,0,1,151,160,133.41958618164062,124.58500671386719,137.87791442871094,9.963235605262984,3.86411,3.574775,4.00469,11.125847866649766,34.498457750425175,515.7559351553344,0.7253307462209764,15.6395263671875,1.0,,True
7,C++/C++.csv,C++,mandelbrot,False,10,10,0,0,1,61,70,34.161102294921875,34.08308410644531,34.22392272949219,0.4122777474537494,0.8552235,0.8533405000000001,0.85726375,0.45873973294699383,39.950877683646326,29.2532077991333,0.887316520393568,2.09625244140625,1.0,,True
17,C++/C++.csv,C++,mandelbrot,False,10,10,0,0,1,161,170,34.20501708984375,34.16752624511719,34.31373596191406,0.42745108535638765,0.857969,0.8552435,0.8583252499999999,0.3591912994525307,39.955004117746135,29.33778442175293,0.8871119936094305,2.102386474609375,1.0,,True
1,C++/C++.csv,C++,n-body,False,10,10,0,0,1,1,10,67.76824951171875,67.43641662597656,68.30059814453125,1.2752011816466498,3.770295,3.7701625,3.7708925,0.019361880171177518,17.972369453025113,256.35752154815674,0.6838160312532111,9.1094970703125,1.0,,True
11,C++/C++.csv,C++,n-body,False,10,10,0,0,1,101,110,70.37298583984375,70.36441040039062,70.38775634765625,0.033174586792091176,3.7702549999999997,3.77013,3.7704199999999997,0.0076917874255104605,18.664093464940713,265.3340888946533,0.6846348941303392,9.108489990234375,1.0,,True
8,C++/C++.csv,C++,pidigits,False,10,10,0,0,1,71,80,11.617950439453125,11.527450561523438,11.646896362304688,1.0281142220716213,0.549253,0.54854625,0.55111175,0.46708893715646493,21.08936133558359,6.403761815185547,0.5540685176515276,1.32708740234375,1.0,,True
18,C++/C++.csv,C++,pidigits,False,10,10,0,0,1,171,180,11.644012451171875,11.605697631835938,11.691650390625,0.7381713060639338,0.549453,0.5483387500000001,0.5496902499999999,0.24597190296528348,21.2134976346866,6.388826668457032,0.5556108529392543,1.32708740234375,1.0,,True
4,C++/C++.csv,C++,regex-redux,False,10,10,0,0,1,31,40,247.85723876953125,245.77980041503906,255.47206115722656,3.910420688257484,10.5869,10.5708,10.8149,2.305679660712763,23.45146226651366,2619.589840905762,0.5960273138334731,26.004425048828125,1.0,,True
14,C++/C++.csv,C++,regex-redux,False,10,10,0,0,1,131,140,250.05105590820312,249.68702697753906,252.36636352539062,1.0715157902933155,10.57265,10.568800000000001,10.745149999999999,1.6679829560233015,23.64622720715939,2643.315283758545,0.596744825326744,25.976104736328125,1.0,,True
3,C++/C++.csv,C++,reverse-complement,False,10,10,0,0,1,21,30,7.096771240234375,7.08935546875,7.1482391357421875,0.8297247438152288,0.21851399999999999,0.2173735,0.22037125000000002,1.371880062604694,32.564859814145976,1.549094199279785,0.7094094066611154,0.84906005859375,1.0,,True
13,C++/C++.csv,C++,reverse-complement,False,10,10,0,0,1,121,130,7.461639404296875,7.419586181640625,7.5191650390625,1.3345439524259417,0.222597,0.22152225,0.22346675,0.8735517549652457,33.4404936954208,1.663368956085205,0.7094860482009981,0.864898681640625,1.0,,True
10,C++/C++.csv,C++,spectral-norm,False,10,10,0,0,1,91,100,21.344390869140625,21.307220458984375,21.359710693359375,0.24592050762568038,0.665449,0.665265,0.6656585,0.059133006436262826,32.08266851999616,14.201525475311279,0.7313448916923663,1.607940673828125,1.0,,True
20,C++/C++.csv,C++,spectral-norm,False,10,10,0,0,1,191,200,21.35797119140625,21.34051513671875,21.369842529296875,0.13731356932406288,0.66548,0.66535125,0.665545,0.02911432349583813,32.100017443886856,14.215859409454346,0.7312767009694836,1.6080322265625,1.0,,True
2,C/C.csv,C,binary-trees,False,10,10,0,0,1,11,20,46.877227783203125,46.78712463378906,46.91340637207031,0.2693882387100092,1.12476,1.1229899999999997,1.1296825,0.5950158255983687,41.716171298108534,52.72623054718017,0.7699901059027354,3.739410400390625,1.0,,True
13,C/C.csv,C,binary-trees,False,10,10,0,0,1,121,130,47.93353271484375,47.86224365234375,48.04559326171875,0.3825080251558873,1.12013,1.119465,1.1228225,0.29974199423282333,42.82475057114937,53.7318155984497,0.7721312655553845,3.8045654296875,1.0,,True
5,C/C.csv,C,fannkuch-redux,False,10,10,0,0,1,41,50,257.4580078125,255.1650390625,257.8289794921875,1.034708709323805,6.0808800000000005,6.076992499999999,6.0825225,0.09094078488640224,42.3389371509046,1564.3178920489504,0.7830052603329696,14.820037841796875,1.0,,True
16,C/C.csv,C,fannkuch-redux,False,10,10,0,0,1,151,160,260.1376647949219,259.38621520996094,261.8500518798828,0.9471280031148998,6.08092,6.076102499999999,6.089034999999999,0.21267341126013484,42.765860442527895,1587.8735191390992,0.7834957505922621,14.691009521484375,1.0,,True
10,C/C.csv,C,fasta,False,10,10,0,0,1,91,100,32.89337158203125,31.976608276367188,34.54765319824219,7.816300969522661,0.94013,0.91306975,1.00594925,9.879431567974642,34.94671680285617,30.9259620791626,0.7531400904065955,2.34136962890625,1.0,,True
20,C/C.csv,C,fasta,False,10,10,0,0,1,191,200,33.391357421875,33.21974182128906,34.39678955078125,3.525007128704184,0.9328945,0.9233172500000001,0.97345975,5.374937894906644,35.83519142648785,31.12721359362793,0.7552010934699888,2.3232421875,1.0,,True
6,C/C.csv,C,k-nucleotide,False,10,10,0,0,1,51,60,108.57211303710938,107.31625366210938,109.80877685546875,2.2957305735658324,2.813735,2.7519649999999998,2.8746424999999998,4.359952163227881,38.6359557157335,305.1066040338135,0.7554477024955242,8.11358642578125,1.0,,True
17,C/C.csv,C,k-nucleotide,False,10,10,0,0,1,161,170,110.02655029296875,108.6903076171875,112.02349853515625,3.029442356497982,2.848635,2.81184,2.95198,4.919549187593346,38.483302505523326,313.19175095581056,0.7538660175348719,8.334197998046875,1.0,,True
8,C/C.csv,C,mandelbrot,False,10,10,0,0,1,71,80,41.905792236328125,41.8929443359375,41.98089599609375,0.20987948315174607,1.14161,1.1413975,1.141835,0.038323070050180756,36.70682206073917,47.86681528106689,0.7775671003118246,2.786956787109375,1.0,,True
18,C/C.csv,C,mandelbrot,False,10,10,0,0,1,171,180,43.353546142578125,43.271209716796875,43.41447448730469,0.3304568674420618,1.14275,1.1421724999999998,1.142975,0.07022533362505022,37.9525227240338,49.539775491027825,0.7787798391230447,2.79205322265625,1.0,,True
1,C/C.csv,C,n-body,False,10,10,0,0,1,1,10,72.6109619140625,72.13589477539062,73.2208251953125,1.4941689124101212,4.190955,4.190365,4.191202499999999,0.019983512111186603,17.327241434228966,305.5309154602051,0.6764663507378197,10.21307373046875,1.0,,True
12,C/C.csv,C,n-body,False,10,10,0,0,1,111,120,74.8759765625,74.84259033203125,75.02018737792969,0.237188286619801,4.190665000000001,4.189725,4.191625,0.045338866265855475,17.863294632503386,313.76445091217045,0.6776048595113231,10.12420654296875,1.0,,True
9,C/C.csv,C,pidigits,False,10,10,0,0,1,81,90,11.280029296875,11.155899047851562,11.335678100585938,1.5937817890613164,0.5470645,0.5452195000000001,0.54760725,0.4364659011871381,20.54639226925432,6.17985487310791,0.5510632097187468,1.3209228515625,1.0,,True
19,C/C.csv,C,pidigits,False,10,10,0,0,1,181,190,11.5355224609375,11.499954223632812,11.647506713867188,1.2791140646990973,0.5466090000000001,0.54576325,0.5488379999999999,0.5625136066182415,21.068394228434872,6.30083646270752,0.5525933696439833,1.31982421875,1.0,,True
4,C/C.csv,C,regex-redux,False,10,10,0,0,1,31,40,29.997802734375,29.971939086914062,30.0272216796875,0.18428880696014519,0.805374,0.80412025,0.8058690000000001,0.21713514466571762,37.27182946760858,24.155008619720462,0.7537537411342035,2.22442626953125,1.0,,True
15,C/C.csv,C,regex-redux,False,10,10,0,0,1,141,150,30.4842529296875,30.44720458984375,30.544921875,0.3205500406443837,0.8047535,0.80411775,0.80556525,0.17986874241616171,37.8409354965312,24.53958878805542,0.7546945966291538,2.20867919921875,1.0,,True
3,C/C.csv,C,reverse-complement,False,10,10,0,0,1,21,30,7.850250244140625,7.7408294677734375,7.8748016357421875,1.706597417945319,0.22707349999999998,0.22531475,0.23084925,2.43731655168921,34.32670779003416,1.784294723876953,0.7203312090592806,0.875274658203125,1.0,,True
14,C/C.csv,C,reverse-complement,False,10,10,0,0,1,131,140,8.113250732421875,8.015975952148438,8.23175048828125,2.659532451900472,0.233692,0.23264175,0.23513075,1.065077110042274,34.46293481114714,1.898572058959961,0.7200634984616897,0.891387939453125,1.0,,True
11,C/C.csv,C,spectral-norm,False,10,10,0,0,1,101,110,22.887359619140625,22.874237060546875,22.950424194335938,0.3328786502980774,0.6716675000000001,0.67140525,0.67213975,0.10935470303387944,34.07118813045928,15.378611800109866,0.8746292029994044,1.62249755859375,1.0,,True
21,C/C.csv,C,spectral-norm,False,10,10,0,0,1,201,210,23.376251220703125,23.351654052734375,23.40191650390625,0.21501501971950135,0.6716515000000001,0.67138025,0.67207525,0.10347628197063523,34.798877631615014,15.717262750549317,0.8751956463546278,1.62255859375,1.0,,True
7,C/C.csv,C,thread-ring,False,10,10,0,0,1,61,70,1238.3668823242188,1229.6067352294922,1245.3490142822266,1.2712128592447989,65.95275000000001,65.3914,66.40145000000001,1.5314751848861596,18.743671761511152,81673.24965230713,0.5112647415699649,178.289306640625,1.0,,True
2,CSharp/CSharp.csv,CSharp,binary-trees,False,10,10,0,0,1,11,20,273.05560302734375,270.08628845214844,273.7191162109375,1.3304351635755562,10.825,10.745825,10.846975,0.9344110854503512,25.1966587642546,2955.8311693481446,0.5864970848119488,34.642486572265625,1.0,,True
5,CSharp/CSharp.csv,CSharp,fannkuch-redux,False,10,10,0,0,1,41,50,477.4609375,476.7445526123047,478.0116424560547,0.265380839401129,10.7917,10.772525,10.819275,0.4332032951249516,44.26975680138831,5157.626410131836,0.7938094924526397,26.078521728515625,1.0,,True
9,CSharp/CSharp.csv,CSharp,fasta,False,10,10,0,0,1,81,90,57.3450927734375,57.07884216308594,57.772430419921875,1.2094988834985556,1.55408,1.5422975,1.5668449999999998,1.5795518892206144,36.91769345122821,89.06702046966552,0.7502003905685695,3.89630126953125,1.0,,True
6,CSharp/CSharp.csv,CSharp,k-nucleotide,False,10,10,0,0,1,51,60,265.1874694824219,264.6326446533203,269.40821838378906,1.8008293302053255,7.209614999999999,7.1573275,7.382977500000001,3.129848126425625,36.76489066581499,1910.9913358752442,0.7287713300685992,20.91424560546875,1.0,,True
7,CSharp/CSharp.csv,CSharp,mandelbrot,False,10,10,0,0,1,61,70,180.91009521484375,179.9010772705078,181.23146057128906,0.7353836717632171,3.964745,3.9631425,3.964985,0.046472093413320884,45.660213266993736,716.7467083279419,0.8012562004765794,9.611907958984375,1.0,,True
1,CSharp/CSharp.csv,CSharp,n-body,False,10,10,0,0,1,1,10,113.46322631835938,110.91046142578125,113.78018188476562,2.5292075257338493,6.11037,6.10869,6.114445,0.09418414924136727,18.562566889430457,693.5414680838012,0.4912152605550654,14.7679443359375,1.0,,True
8,CSharp/CSharp.csv,CSharp,pidigits,False,10,10,0,0,1,71,80,20.81915283203125,20.767105102539062,20.882659912109375,0.555040882319313,0.943249,0.941655,0.9472925,0.5976682721105415,22.07163093860099,19.644050565490723,0.5696970731168385,2.283172607421875,1.0,,True
4,CSharp/CSharp.csv,CSharp,regex-redux,False,10,9,1,0,1,31,40,631.2437744140625,624.7440795898438,632.3729858398438,1.2085515230754325,14.7098,14.6579,14.724,0.44936029041863584,42.986593841941826,9257.02629036255,0.7825776113377142,36.99188232421875,1.0,invalid_rows_removed,True
3,CSharp/CSharp.csv,CSharp,reverse-complement,False,10,10,0,0,1,21,30,17.104156494140625,16.816055297851562,17.172027587890625,2.081203420706587,0.58874,0.5831537500000001,0.5936645,1.7852957162754188,29.04631649410866,10.10017409829712,0.6531987066696137,2.0205078125,1.0,,True
10,CSharp/CSharp.csv,CSharp,spectral-norm,False,10,10,0,0,1,91,100,45.722259521484375,45.705718994140625,45.825408935546875,0.26177608600031904,1.37409,1.3730674999999999,1.3754075000000001,0.17029452219288627,33.29233977647857,62.854861307067864,0.7350630339808222,3.324951171875,1.0,,True
2,Chapel/Chapel.csv,Chapel,binary-trees,False,10,10,0,0,1,11,20,277.3096618652344,276.4019775390625,278.9563903808594,0.921140945690618,7.267215,7.264915,7.2692475,0.0596170610061682,38.162711001249576,2016.104098921814,0.7604379198103854,20.98809814453125,1.0,,True
11,Chapel/Chapel.csv,Chapel,binary-trees,False,10,10,0,0,1,101,110,284.8376770019531,282.4364776611328,285.6956481933594,1.1442203034833114,7.26516,7.2637325,7.2666,0.03946919269500863,39.19892422780004,2075.5094689636235,0.7611518292127196,20.98565673828125,1.0,,True
5,Chapel/Chapel.csv,Chapel,fannkuch-redux,False,10,10,0,0,1,41,50,335.3097229003906,333.30157470703125,337.1924591064453,1.160385200213808,7.852455,7.847155,7.86268,0.19770886939180465,42.73130497275377,2631.153288461914,0.7854705118396381,18.984222412109375,1.0,,True
14,Chapel/Chapel.csv,Chapel,fannkuch-redux,False,10,10,0,0,1,131,140,338.7668762207031,337.5478973388672,340.45262145996094,0.8574404184668138,7.854625,7.8506475,7.856825000000001,0.07864793035950937,43.11765521190548,2666.384222709961,0.78607975806868,18.988800048828125,1.0,,True
8,Chapel/Chapel.csv,Chapel,fasta,False,10,10,0,0,1,71,80,49.920562744140625,49.602386474609375,50.3740234375,1.5457296962887204,1.38582,1.377255,1.3958624999999998,1.342706845044803,36.14852484945834,69.09270963348388,0.7446675820045227,3.42999267578125,1.0,,True
17,Chapel/Chapel.csv,Chapel,fasta,False,10,10,0,0,1,161,170,50.111602783203125,49.917816162109375,50.55552673339844,1.272580671681921,1.38098,1.37044,1.4026800000000001,2.334573998175212,36.43758845204921,69.56146945434571,0.7448260182780788,3.4168701171875,1.0,,True
6,Chapel/Chapel.csv,Chapel,k-nucleotide,False,10,10,0,0,1,51,60,307.7694091796875,305.80711364746094,308.0418701171875,0.7261139031598253,7.8924199999999995,7.8757225,7.9424925,0.8460016066048183,38.83712842208693,2427.7146102423094,0.7743374883398286,21.3907470703125,1.0,,True
15,Chapel/Chapel.csv,Chapel,k-nucleotide,False,10,10,0,0,1,141,150,310.6001281738281,310.5731658935547,311.42982482910156,0.2758076568041349,7.911365,7.89394,7.94619,0.6604422877720837,39.22594092556136,2460.5198627624513,0.7747589145551139,21.463836669921875,1.0,,True
7,Chapel/Chapel.csv,Chapel,mandelbrot,False,10,10,0,0,1,61,70,113.50686645507812,113.44778442382812,113.85789489746094,0.36130895552043035,2.4448350000000003,2.4438075,2.4452725,0.05992224424143345,46.470771703697864,277.8363960748291,0.8154401437314547,5.975616455078125,1.0,,True
16,Chapel/Chapel.csv,Chapel,mandelbrot,False,10,10,0,0,1,151,160,115.1968994140625,115.11880493164062,115.43165588378906,0.2715793165785907,2.45202,2.4517624999999996,2.45219,0.01743460493797959,47.03264900035565,282.4841116043091,0.8154538410103149,5.992156982421875,1.0,,True
1,Chapel/Chapel.csv,Chapel,n-body,False,10,10,0,0,1,1,10,92.92507934570312,92.92356872558594,93.12939453125,0.2214965078462211,5.20018,5.1998475,5.20228,0.04677722694214973,17.87085715924333,483.42440199401847,0.4881817589038144,12.574371337890625,1.0,,True
10,Chapel/Chapel.csv,Chapel,n-body,False,10,10,0,0,1,91,100,97.1580810546875,97.05329895019531,97.1767578125,0.12707009130326075,5.2035,5.1998825,5.20613,0.1200634188526903,18.66350090467676,505.8166288891602,0.48957885638696497,12.581817626953125,1.0,,True
4,Chapel/Chapel.csv,Chapel,regex-redux,False,10,10,0,0,1,31,40,125.570068359375,125.39582824707031,125.71484375,0.2540537781795911,4.528219999999999,4.5267124999999995,4.5323649999999995,0.12482829897840787,27.741346559596543,568.2339703134155,0.6645271219683482,12.257080078125,1.0,,True
13,Chapel/Chapel.csv,Chapel,regex-redux,False,10,10,0,0,1,121,130,127.71694946289062,127.60546875,127.94786071777344,0.2680865532831433,4.519415,4.51721,4.526237500000001,0.19974930383689454,28.247198598994125,577.1138988824463,0.6650077143738128,12.239166259765625,1.0,,True
3,Chapel/Chapel.csv,Chapel,reverse-complement,False,10,10,0,0,1,21,30,21.17120361328125,21.09698486328125,21.229812622070312,0.627398239681263,0.9054905,0.902113,0.9073395000000001,0.5772009756038328,23.41461308117594,19.228716868469238,0.587192359874436,2.76397705078125,1.0,,True
12,Chapel/Chapel.csv,Chapel,reverse-complement,False,10,10,0,0,1,111,120,22.030853271484375,21.914718627929688,22.1544189453125,1.088021033180174,0.914785,0.91297025,0.9179405,0.5433243876976629,24.02325286340504,20.178008651245115,0.5866622753077769,2.789794921875,1.0,,True
9,Chapel/Chapel.csv,Chapel,spectral-norm,False,10,10,0,0,1,81,90,44.676483154296875,44.611175537109375,44.71757507324219,0.23815557676137106,1.352165,1.3517450000000002,1.35265,0.06692970162662926,33.03444197570157,60.43170039733887,0.7330176622565414,3.278839111328125,1.0,,True
18,Chapel/Chapel.csv,Chapel,spectral-norm,False,10,10,0,0,1,171,180,45.163299560546875,45.138336181640625,45.19502258300781,0.12551430457642385,1.35208,1.3519450000000002,1.3526475,0.051956984793786486,33.38715898363584,61.07410345001221,0.7335888856883239,3.27874755859375,1.0,,True
2,Dart/Dart.csv,Dart,binary-trees,False,10,10,0,0,1,11,20,393.352294921875,388.0659484863281,395.2298278808594,1.8212374726208453,17.10995,17.063025,17.167025,0.6078334536336997,22.955432332950636,6728.40479753418,0.5811658087414393,56.526611328125,1.0,,True
11,Dart/Dart.csv,Dart,binary-trees,False,10,10,0,0,1,101,110,402.066162109375,399.44252014160156,402.67820739746094,0.8047648772241528,17.223599999999998,17.124975,17.2471,0.7090561787315108,23.331941305961465,6929.061063574218,0.5820322910668306,56.764495849609375,1.0,,True
5,Dart/Dart.csv,Dart,fannkuch-redux,False,10,10,0,0,1,41,50,753.1301574707031,752.9430236816406,753.2885284423828,0.045875836641905775,38.679449999999996,38.673,38.683,0.025853521702087313,19.46747720971664,29130.27099899292,0.519146259892697,93.47073364257812,1.0,,True
14,Dart/Dart.csv,Dart,fannkuch-redux,False,10,10,0,0,1,131,140,756.8659057617188,756.1753540039062,761.8110656738281,0.7446116448130965,38.6795,38.672725,38.683975,0.02908517431713666,19.571368450278605,29269.593546453856,0.5193155919240917,93.467041015625,1.0,,True
8,Dart/Dart.csv,Dart,fasta,False,10,10,0,0,1,71,80,95.35885620117188,95.27127075195312,96.73307800292969,1.5329538432095815,4.743265,4.7396175,4.762207500000001,0.4762542257285013,20.091977194187315,452.122919703064,0.537016626502207,11.6378173828125,1.0,,True
17,Dart/Dart.csv,Dart,fasta,False,10,10,0,0,1,161,170,96.35440063476562,96.12371826171875,97.62646484375,1.559603476469599,4.75666,4.7439925,4.8491475,2.210689853804978,20.196986728771172,457.89733010253906,0.5368373437502314,11.675811767578125,1.0,,True
6,Dart/Dart.csv,Dart,k-nucleotide,False,10,10,0,0,1,51,60,519.5996704101562,517.5858306884766,521.7315063476562,0.7978595629029589,14.469899999999999,14.44665,14.509025,0.43106724994643647,35.87692415184252,7516.716550195313,0.7392583797034386,39.399078369140625,1.0,,True
15,Dart/Dart.csv,Dart,k-nucleotide,False,10,10,0,0,1,141,150,523.8937072753906,521.3794403076172,525.5734100341797,0.8005382901760819,14.4714,14.458450000000001,14.5024,0.30370247522699134,36.10275911650598,7593.829559954834,0.7397142201899147,39.389373779296875,1.0,,True
7,Dart/Dart.csv,Dart,mandelbrot,False,10,10,0,0,1,61,70,274.2060546875,272.3409118652344,275.1691131591797,1.031414604308604,10.0731,9.955042500000001,10.080475,1.2452224240799628,27.30235948943062,2762.9006657226564,0.6862049501269196,24.49627685546875,1.0,,True
16,Dart/Dart.csv,Dart,mandelbrot,False,10,10,0,0,1,151,160,276.8061828613281,276.4592742919922,277.3114776611328,0.3078700628473874,10.0787,9.984459999999999,10.081750000000001,0.9653030648794266,27.512112583387015,2787.680250457764,0.6868282450131602,24.501068115234375,1.0,,True
1,Dart/Dart.csv,Dart,n-body,False,10,10,0,0,1,1,10,126.56719970703125,126.381103515625,126.86053466796875,0.37879573337602723,6.825055,6.824455,6.829775000000001,0.0779480897956165,18.547184586215604,864.085401418457,0.510707804376713,16.507720947265625,1.0,,True
10,Dart/Dart.csv,Dart,n-body,False,10,10,0,0,1,91,100,132.43252563476562,131.75619506835938,132.8669891357422,0.8387622769094207,6.8252049999999995,6.8240275,6.83307,0.13248686303196033,19.343822619671897,904.2588505935669,0.5124166351083431,16.50689697265625,1.0,,True
4,Dart/Dart.csv,Dart,regex-redux,False,10,10,0,0,1,31,40,288.73358154296875,288.15724182128906,289.84637451171875,0.5850142825102297,13.52215,13.483575,13.535025000000001,0.38048683086639984,21.38466899198511,3902.504412768555,0.5556135875401882,35.329742431640625,1.0,,True
13,Dart/Dart.csv,Dart,regex-redux,False,10,9,1,0,1,121,130,291.8619384765625,291.4700927734375,293.9990234375,0.8664818294782831,13.4776,13.4629,13.5039,0.30420846441503213,21.65880285068508,3933.9907387207027,0.5562264415224498,35.251953125,1.0,invalid_rows_removed,True
3,Dart/Dart.csv,Dart,reverse-complement,False,10,10,0,0,1,21,30,241.31988525390625,241.12332153320312,241.639404296875,0.21385836609729664,10.61835,10.61205,10.624725,0.1193688284903,22.727210719035916,2563.875241479492,0.5759098230186268,32.173004150390625,1.0,,True
12,Dart/Dart.csv,Dart,reverse-complement,False,10,10,0,0,1,111,120,245.20486450195312,244.94960021972656,245.6848907470703,0.2998678386080278,10.6339,10.630625,10.642499999999998,0.11167116485953489,23.05856668209843,2607.364071630859,0.5764662766844657,32.204620361328125,1.0,,True
9,Dart/Dart.csv,Dart,spectral-norm,False,10,10,0,0,1,81,90,89.58358764648438,89.28900146484375,89.78205871582031,0.5503879269964826,5.114795,5.1146424999999995,5.1153675,0.014174566136083396,17.515045050495008,457.84938764190673,0.4681276705748322,12.37664794921875,1.0,,True
18,Dart/Dart.csv,Dart,spectral-norm,False,10,10,0,0,1,171,180,91.20950317382812,91.05433654785156,91.32174682617188,0.2931824744299713,5.1145,5.08169,5.1151525,0.6542672793039345,17.860116318921968,466.5060604998779,0.46922116496472444,12.37158203125,1.0,,True
2,Erlang/Erlang.csv,Erlang,binary-trees,False,10,10,0,0,1,11,20,314.8534851074219,314.3087615966797,317.065185546875,0.8754624231822856,7.305759999999999,7.285635000000001,7.3666149999999995,1.108440463415148,42.99763275446257,2317.2159495416263,0.7708518957672514,23.11468505859375,1.0,,True
4,Erlang/Erlang.csv,Erlang,fannkuch-redux,False,10,10,0,0,1,31,40,4872.4056396484375,4837.140655517578,4924.334915161133,1.7895525556005654,102.435,101.1925,102.75075,1.521208571289111,47.93950028887035,496643.77258203126,0.7999836452275013,247.4998779296875,1.0,,True
8,Erlang/Erlang.csv,Erlang,fasta,False,10,10,0,0,1,71,80,720.9285888671875,719.3056335449219,723.7866973876953,0.6215683372766007,27.842399999999998,27.8209,27.891099999999998,0.25213343677267863,25.88083750043996,20087.469970635986,0.5687243485856552,67.35800170898438,1.0,,True
5,Erlang/Erlang.csv,Erlang,k-nucleotide,False,10,9,1,0,1,41,50,3152.09814453125,3134.7510375976562,3177.953369140625,1.3705896695482935,86.8287,85.6636,87.8043,2.465429057442983,36.38770757676802,273796.47228499147,0.7464585254536856,232.84454345703125,1.0,invalid_rows_removed,True
6,Erlang/Erlang.csv,Erlang,mandelbrot,False,10,10,0,0,1,51,60,10658.085144042969,10650.430847167969,10672.193588256836,0.20418997216428553,194.791,194.6675,194.89975,0.11923035458518198,54.69109387072778,2076006.8877329407,0.8151397570384684,487.29339599609375,1.0,,True
1,Erlang/Erlang.csv,Erlang,n-body,False,10,10,0,0,1,1,10,3075.7792358398438,3044.6644287109375,3115.1727447509766,2.29237245698444,150.1435,149.33975,152.3005,1.9719468375254277,20.29033188638582,462610.0394407959,0.5307129694291294,362.74395751953125,1.0,,True
7,Erlang/Erlang.csv,Erlang,pidigits,False,10,10,0,0,1,61,70,167.3740234375,165.7013397216797,170.20713806152344,2.6920535500697236,7.359795,7.3408125,7.370225,0.3996374899029035,22.773296286813082,1230.1327957269286,0.5023788796362108,17.9569091796875,1.0,,True
3,Erlang/Erlang.csv,Erlang,reverse-complement,False,10,10,0,0,1,21,30,182.04608154296875,181.5243377685547,183.25242614746094,0.9492587614407758,6.5008,6.4793674999999995,6.5348425,0.8533565099680098,28.00132084807859,1183.5466557330324,0.6610768149615966,16.536468505859375,1.0,,True
9,Erlang/Erlang.csv,Erlang,spectral-norm,False,10,10,0,0,1,81,90,902.7578735351562,895.6669464111328,904.7767181396484,1.00910465536481,17.999000000000002,17.991374999999998,18.003075,0.06500361131174594,50.14738531270167,16251.060044476319,0.8038377635663545,43.50531005859375,1.0,,True
2,FSharp/FSharp.csv,FSharp,binary-trees,False,10,10,0,0,1,11,20,0.8443603515625,0.832550048828125,0.847320556640625,1.7493132861066936,0.039795,0.03955925,0.039927000000000004,0.9241110692298203,21.107230887465967,0.03364599249267579,0.5206997654137749,0.1002197265625,1.0,,True
12,FSharp/FSharp.csv,FSharp,binary-trees,False,10,10,0,0,1,111,120,1222.3526611328125,1209.6137084960938,1251.1693267822266,3.399642313341981,23.639850000000003,23.453125,24.132075,2.872057140802502,51.847787101177616,28853.773158178712,0.806108126700761,65.94741821289062,1.0,,True
23,FSharp/FSharp.csv,FSharp,binary-trees,False,10,10,0,0,1,231,240,313.19403076171875,310.9870147705078,316.1476593017578,1.647746771769182,15.6204,15.556625,15.69765,0.9028257919131333,20.036361568860432,4897.90420091858,0.5129454608756188,46.31317138671875,1.0,,True
5,FSharp/FSharp.csv,FSharp,fannkuch-redux,False,10,10,0,0,1,41,50,0.823944091796875,0.8124542236328125,0.8350830078125,2.7463980147412865,0.039616,0.039455250000000004,0.03982125,0.9238691437802865,20.620055102433206,0.03291485934448242,0.5178869833506734,0.101409912109375,1.0,,True
15,FSharp/FSharp.csv,FSharp,fannkuch-redux,False,10,10,0,0,1,141,150,468.2690734863281,464.1847229003906,470.76487731933594,1.4052079865012548,10.91425,10.89435,10.990475,0.8807293217582581,42.64807109620686,5135.44734609375,0.7882458981537692,26.37835693359375,1.0,,True
9,FSharp/FSharp.csv,FSharp,fasta,False,10,10,0,0,1,81,90,0.811492919921875,0.79547119140625,0.8250732421875,3.6478507765785415,0.0394525,0.0393805,0.03961625,0.5975540206577525,20.4544196482739,0.03205092572021484,0.5168541811852816,0.10052490234375,1.0,,True
19,FSharp/FSharp.csv,FSharp,fasta,False,10,10,0,0,1,181,190,135.25271606445312,133.94741821289062,137.37545776367188,2.534543963721702,5.34812,5.340935,5.3833975,0.7939705915349706,25.289239466487373,723.3482632598877,0.5900589245205,13.003082275390625,1.0,,True
6,FSharp/FSharp.csv,FSharp,k-nucleotide,False,10,10,0,0,1,51,60,0.823760986328125,0.81512451171875,0.8329925537109375,2.169080872818879,0.039519,0.03927275,0.03964025,0.9299324375616786,20.781073248273113,0.03263016357421875,0.5180999477085897,0.10052490234375,1.0,,True
16,FSharp/FSharp.csv,FSharp,k-nucleotide,False,10,10,0,0,1,151,160,501.7209167480469,495.3904266357422,506.90911865234375,2.2958365162969665,14.5684,14.288900000000002,14.7409,3.102605639603513,34.43906554630603,7327.454687667847,0.7180836879347906,45.60400390625,1.0,,True
7,FSharp/FSharp.csv,FSharp,mandelbrot,False,10,10,0,0,1,61,70,0.82000732421875,0.80926513671875,0.8412322998046875,3.89839970227019,0.039454,0.039368999999999994,0.039562,0.48917726973185394,20.71685395952486,0.0323129751586914,0.5172440500229416,0.09930419921875,1.0,,True
17,FSharp/FSharp.csv,FSharp,mandelbrot,False,10,10,0,0,1,161,170,238.79617309570312,238.64747619628906,239.21453857421875,0.23746711288477143,6.873665,6.8727599999999995,6.87421,0.02109500535740647,34.727907095143365,1641.5944418585204,0.7558213291983291,16.65283203125,1.0,,True
1,FSharp/FSharp.csv,FSharp,n-body,False,10,10,0,0,1,1,10,0.813507080078125,0.81170654296875,0.8148193359375,0.38263870653111753,0.03937,0.0390925,0.03958425,1.249047498094994,20.7095044169077,0.03194566876220703,0.5174308070256759,0.09912109375,1.0,,True
11,FSharp/FSharp.csv,FSharp,n-body,False,10,10,0,0,1,101,110,225.93344116210938,127.98451232910156,433.2769317626953,135.12493673503764,7.904145,7.11749,9.012575,23.975837993862715,27.66596245002259,1856.9185196130375,0.6292967983566335,19.17742919921875,1.0,,True
21,FSharp/FSharp.csv,FSharp,n-body,False,10,10,0,0,1,201,210,127.04776000976562,126.98440551757812,127.08900451660156,0.08233045511026515,7.104485,7.1039975,7.112847499999999,0.12456919818957903,17.881413977688844,902.7893553353881,0.4897589302817833,17.178436279296875,1.0,,True
8,FSharp/FSharp.csv,FSharp,pidigits,False,10,10,0,0,1,71,80,0.829437255859375,0.8236083984375,0.8325347900390625,1.0761985356341293,0.039768,0.0394585,0.0400695,1.5364111848722604,20.83550805155572,0.03289988360595703,0.5184828277020268,0.1015625,1.0,,True
18,FSharp/FSharp.csv,FSharp,pidigits,False,10,10,0,0,1,171,180,20.88616943359375,20.753005981445312,21.03460693359375,1.3482651907223575,0.953343,0.949662,0.95571425,0.6348449613622779,21.9109318287417,19.93033341107178,0.5692856082335112,2.309356689453125,1.0,,True
4,FSharp/FSharp.csv,FSharp,regex-redux,False,10,10,0,0,1,31,40,0.825469970703125,0.8202056884765625,0.838653564453125,2.2348330807053864,0.0393805,0.039263000000000006,0.04003975,1.972422899658442,20.90519635541283,0.03244662338256836,0.5191116959362335,0.1002197265625,1.0,,True
14,FSharp/FSharp.csv,FSharp,regex-redux,False,10,10,0,0,1,131,140,988.8729858398438,983.4661407470703,991.6984558105469,0.8324946865127383,46.8079,46.709450000000004,47.152300000000004,0.9461009786809491,21.03029107846573,46424.937974874876,0.5413662217155597,114.6419677734375,1.0,,True
24,FSharp/FSharp.csv,FSharp,regex-redux,False,10,10,0,0,1,241,250,962.946533203125,951.3290100097656,968.3079833984375,1.7632311663445506,46.74445,46.682525,46.784575,0.21831468762601425,20.543326452687992,45039.168964013676,0.5410903069558357,114.21282958984375,1.0,,True
3,FSharp/FSharp.csv,FSharp,reverse-complement,False,10,10,0,0,1,21,30,0.834442138671875,0.8206329345703125,0.85406494140625,4.006509892842775,0.039701,0.0396475,0.039862999999999996,0.5428074859575162,20.945199971113453,0.033194161834716795,0.5191839390426387,0.100433349609375,1.0,,True
13,FSharp/FSharp.csv,FSharp,reverse-complement,False,10,10,0,0,1,121,130,459.6912841796875,222.0950164794922,973.4424285888672,163.44608609452834,10.5457,7.398225,18.568174999999997,105.91947428809843,40.88000331595668,5492.567389294433,0.7423366396351243,27.58392333984375,1.0,,True
22,FSharp/FSharp.csv,FSharp,reverse-complement,False,20,20,0,0,1,211,230,111.54660034179688,110.821533203125,112.44425964355469,1.454752036778701,5.633945,5.6113125,5.6634525,0.9254616436617615,19.803873182796302,626.7956091339111,0.5310313364054191,15.50726318359375,1.0,,True
10,FSharp/FSharp.csv,FSharp,spectral-norm,False,10,10,0,0,1,91,100,0.802581787109375,0.7882537841796875,0.8197174072265625,3.920301152135062,0.0395865,0.039313,0.03985975,1.381152665681479,20.253392741108428,0.03202406707763672,0.5163845988474729,0.10052490234375,1.0,,True
20,FSharp/FSharp.csv,FSharp,spectral-norm,False,10,10,0,0,1,191,200,58.599761962890625,58.53688049316406,58.68290710449219,0.24919318174124844,1.41742,1.41446,1.41817,0.26174316716286494,41.328575834066044,83.02698607391358,0.770611295230111,3.4327392578125,1.0,,True
2,Fortran/Fortran.csv,Fortran,binary-trees,False,10,10,0,0,1,11,20,82.8455810546875,82.65925598144531,83.69636535644531,1.2518584115130895,2.1002400000000003,2.0960324999999997,2.123855,1.32472955471756,39.38449747258684,174.6881377871704,0.7650270960677362,6.233123779296875,1.0,,True
10,Fortran/Fortran.csv,Fortran,binary-trees,False,10,10,0,0,1,91,100,86.31170654296875,86.22929382324219,87.10865783691406,1.0188235743364653,2.108485,2.099945,2.1233999999999997,1.1124100954002416,40.997697345179276,181.87082872528077,0.7659157687810243,6.27874755859375,1.0,,True
4,Fortran/Fortran.csv,Fortran,fannkuch-redux,False,10,10,0,0,1,31,40,373.9777526855469,371.8588562011719,377.50584411621094,1.5099796376891008,8.66119,8.660505,8.66152,0.011718943932633714,43.09323069672931,3243.3907252349854,0.789595075009984,20.929595947265625,1.0,,True
12,Fortran/Fortran.csv,Fortran,fannkuch-redux,False,10,10,0,0,1,111,120,380.61029052734375,378.90953063964844,384.0744323730469,1.3570052786125029,8.66085,8.66033,8.661360000000002,0.011892597146952814,43.948983351453975,3303.813685549011,0.7903053018765449,20.92877197265625,1.0,,True
7,Fortran/Fortran.csv,Fortran,fasta,False,10,10,0,0,1,61,70,38.370269775390625,37.24943542480469,38.95137023925781,4.435556029227315,1.65703,1.6452275,1.6685149999999997,1.4053758833575545,23.088193095193034,63.35413620605469,0.6156301280868743,4.07171630859375,1.0,,True
15,Fortran/Fortran.csv,Fortran,fasta,False,10,10,0,0,1,141,150,38.420013427734375,37.48292541503906,39.10392761230469,4.219160933700942,1.65564,1.652175,1.6566125,0.26802324176753967,23.01417988581062,63.63717818725586,0.6133267804372009,4.0677490234375,1.0,,True
5,Fortran/Fortran.csv,Fortran,k-nucleotide,False,10,10,0,0,1,41,50,782.7350769042969,778.9354705810547,783.8757476806641,0.6311557058549212,41.61995,41.59629999999999,41.709199999999996,0.27126414135529553,18.770135194499634,32556.839359802245,0.5033786908723861,106.55706787109375,1.0,,True
13,Fortran/Fortran.csv,Fortran,k-nucleotide,False,10,10,0,0,1,121,130,783.5214233398438,781.697265625,786.1998748779297,0.5746631960281104,41.4942,41.417275,41.569475,0.3667982513218728,18.907679368056503,32477.163564874267,0.5043523288284181,106.31167602539062,1.0,,True
6,Fortran/Fortran.csv,Fortran,mandelbrot,False,10,10,0,0,1,51,60,220.3331298828125,219.15907287597656,221.28363037109375,0.9642478624286622,8.63709,8.6276525,8.64284,0.17584047404854744,25.524926413154034,1901.9327225555421,0.6654775325301903,20.91571044921875,1.0,,True
14,Fortran/Fortran.csv,Fortran,mandelbrot,False,10,10,0,0,1,131,140,223.92831420898438,223.19488525390625,224.24154663085938,0.46740912628686737,8.63374,8.6285325,8.6439775,0.17889118736491613,25.94327944188899,1932.8281043145753,0.6661122432748361,20.9046630859375,1.0,,True
1,Fortran/Fortran.csv,Fortran,n-body,False,10,10,0,0,1,1,10,61.56671142578125,61.37882995605469,61.85371398925781,0.77133246555746,3.5713850000000003,3.5702475,3.59417,0.6698381720257068,17.200937489955006,220.68908239013672,0.6761384955879106,8.628936767578125,1.0,,True
9,Fortran/Fortran.csv,Fortran,n-body,False,10,10,0,0,1,81,90,65.217041015625,64.9808349609375,65.49766540527344,0.7924776044532791,3.57132,3.570835,3.5717800000000004,0.026460804408459496,18.26094444524308,232.9158008129883,0.6779503013227307,8.627716064453125,1.0,,True
3,Fortran/Fortran.csv,Fortran,reverse-complement,False,10,10,0,0,1,21,30,18.72711181640625,18.692138671875,18.822494506835938,0.6960808278334556,0.9379095,0.9363095,0.93899675,0.2865148503133863,19.973908380331515,17.59116974359131,0.5323007872461759,2.632080078125,1.0,,True
11,Fortran/Fortran.csv,Fortran,reverse-complement,False,10,10,0,0,1,101,110,19.5799560546875,19.525848388671875,19.683380126953125,0.804556138130537,0.9409015000000001,0.939334,0.941561,0.23668789984923808,20.798047603593044,18.43320647793579,0.533356796175539,2.642791748046875,1.0,,True
8,Fortran/Fortran.csv,Fortran,spectral-norm,False,10,10,0,0,1,71,80,22.140106201171875,22.098617553710938,22.208709716796875,0.4972521905974883,0.6667775,0.6667237500000001,0.66716975,0.06688887972373789,33.19764615238661,14.76649351623535,0.8746571851843813,1.6116943359375,1.0,,True
16,Fortran/Fortran.csv,Fortran,spectral-norm,False,10,10,0,0,1,151,160,22.226043701171875,22.198501586914062,22.285415649414062,0.3910460344115018,0.6669955,0.66661675,0.6672582499999999,0.0961775604183179,33.28741204718541,14.822412160095215,0.8744921745340143,1.610595703125,1.0,,True
2,Go/Go.csv,Go,binary-trees,False,10,10,0,0,1,11,20,742.3406066894531,729.7290344238281,751.9519653320312,2.99362997361934,16.32595,16.2544,16.34745,0.5699515189008791,45.58163468875121,12089.830439453126,0.7938382185518771,48.658966064453125,1.0,,True
11,Go/Go.csv,Go,binary-trees,False,10,10,0,0,1,101,110,755.2835998535156,747.7341766357422,758.0399627685547,1.3644922430211999,16.28365,16.260075,16.31295,0.32471221132854255,46.33108144398479,12293.303107632448,0.7944524131126964,48.57708740234375,1.0,,True
4,Go/Go.csv,Go,fannkuch-redux,False,10,10,0,0,1,31,40,375.6790771484375,374.81298828125,376.29376220703125,0.3941592747248391,8.486609999999999,8.4855375,8.4889,0.039621238633561734,44.26390625401005,3188.4844521765135,0.7936160079923771,20.50384521484375,1.0,,True
13,Go/Go.csv,Go,fannkuch-redux,False,10,9,1,0,1,121,130,377.36669921875,377.23193359375,379.020263671875,0.4738971620514798,8.486270000000001,8.485389999999999,8.487,0.018971821542341,44.47001344405611,3207.8907119750975,0.7940808710061255,20.50274658203125,1.0,invalid_rows_removed,True
8,Go/Go.csv,Go,fasta,False,10,10,0,0,1,71,80,52.88916015625,52.79951477050781,52.90202331542969,0.19381768328147936,1.8434899999999999,1.8396125,1.8443150000000001,0.25508681902261765,28.695651724217285,97.52454475128174,0.679874543389367,4.5247802734375,1.0,,True
17,Go/Go.csv,Go,fasta,False,10,10,0,0,1,161,170,53.60296630859375,53.586151123046875,53.66056823730469,0.1388302166514277,1.8452449999999998,1.843635,1.8483975,0.2580958084156848,29.04936762193991,98.93167541564941,0.68068364802722,4.531158447265625,1.0,,True
5,Go/Go.csv,Go,k-nucleotide,False,10,10,0,0,1,41,50,323.71759033203125,321.9525451660156,324.286865234375,0.7210976907263845,8.027515,8.012757500000001,8.081115,0.8515399846652346,40.27458927007977,2598.6467028295892,0.7656462997423215,22.664337158203125,1.0,,True
14,Go/Go.csv,Go,k-nucleotide,False,10,10,0,0,1,131,140,327.041748046875,323.66123962402344,327.69781494140625,1.234269123587319,7.986525,7.7419175,8.000905,3.2428058511054547,40.95260885735781,2613.9573795837405,0.7673591724428491,22.486846923828125,1.0,,True
6,Go/Go.csv,Go,mandelbrot,False,10,10,0,0,1,51,60,136.6090087890625,136.5399932861328,136.69219970703125,0.11141755748587483,3.45185,3.4501875,3.453275,0.0894447904746704,39.58917208066338,471.62296417236325,0.7870998726197564,8.36505126953125,1.0,,True
15,Go/Go.csv,Go,mandelbrot,False,10,10,0,0,1,141,150,138.36611938476562,138.31005859375,138.41415405273438,0.07523189885445043,3.453825,3.453405,3.4556625,0.06536231569346453,40.046755685962346,477.813128671875,0.7876488446325276,8.369140625,1.0,,True
1,Go/Go.csv,Go,n-body,False,10,10,0,0,1,1,10,105.33270263671875,105.32560729980469,105.35154724121094,0.024626674106819502,5.89948,5.8994325000000005,5.899545,0.001906947730974488,17.855457094972163,621.4460529699707,0.5029448110573354,14.2528076171875,1.0,,True
10,Go/Go.csv,Go,n-body,False,10,10,0,0,1,91,100,107.07968139648438,106.56111145019531,107.36172485351562,0.7476800387142337,5.8983,5.897984999999999,5.89865,0.01127443500670671,18.15576321591943,631.5082415133667,0.5038578863475669,14.250335693359375,1.0,,True
7,Go/Go.csv,Go,pidigits,False,10,10,0,0,1,61,70,19.7257080078125,19.691207885742188,19.768356323242188,0.39110605038584595,0.768872,0.7656812500000001,0.77617725,1.3651166904244074,25.606161615433948,15.162125862365723,0.5785038980998145,1.864349365234375,1.0,,True
16,Go/Go.csv,Go,pidigits,False,10,10,0,0,1,151,160,18.32232666015625,18.204605102539062,18.519729614257812,1.7198935351590476,0.747984,0.7438322500000001,0.7523252500000001,1.13545209523198,24.487321227329303,13.700030962402344,0.5801078490154339,1.812164306640625,1.0,,True
3,Go/Go.csv,Go,reverse-complement,False,10,10,0,0,1,21,30,11.60760498046875,11.533615112304688,11.690750122070312,1.3537246488834203,0.36709400000000003,0.36463924999999997,0.36834175,1.008597253019677,31.6185040182042,4.264194101776123,0.6814324055170102,1.270477294921875,1.0,,True
12,Go/Go.csv,Go,reverse-complement,False,10,10,0,0,1,111,120,11.837432861328125,11.80682373046875,11.921905517578125,0.972185341682801,0.368388,0.36777825,0.37122,0.9342731033584214,32.02596610116915,4.369283600372315,0.6820449159846613,1.281494140625,1.0,,True
9,Go/Go.csv,Go,spectral-norm,False,10,10,0,0,1,81,90,43.710723876953125,43.69044494628906,43.724884033203125,0.07878864466076899,1.33199,1.331365,1.3322025000000002,0.06287584741629205,32.822627726924765,58.21307402648926,0.7357733875600183,3.21832275390625,1.0,,True
18,Go/Go.csv,Go,spectral-norm,False,10,10,0,0,1,171,180,44.23602294921875,44.14308166503906,44.32423400878906,0.4095131787908599,1.33166,1.3311925,1.3319649999999998,0.05801030293016556,33.2178358781899,58.93746653503418,0.7370292365146842,3.216094970703125,1.0,,True
7,Hack/Hack.csv,Hack,binary-trees,False,10,10,0,0,1,61,70,184.79342651367188,183.79335021972656,185.3628387451172,0.8493205386147796,4.5017700000000005,4.4793,4.5325975,1.1839232124253198,40.94680735127578,830.6415823822022,0.7585993162411977,16.48541259765625,1.0,,True
9,Hack/Hack.csv,Hack,fannkuch-redux,False,10,10,0,0,1,81,90,6149.1922607421875,6092.217971801758,6198.444915771484,1.7274942702296532,115.3885,114.79175000000001,116.4875,1.469600523449035,53.05423072170969,706604.0772836304,0.8146182327931459,279.09356689453125,1.0,,True
4,Hack/Hack.csv,Hack,fasta,False,10,10,0,0,1,31,40,285.5814514160156,284.73399353027344,289.02154541015625,1.5013411615577927,13.506499999999999,13.476225,13.664275,1.3922925998593307,21.131520115903626,3854.3096581298832,0.5576713720430622,32.7508544921875,1.0,,True
12,Hack/Hack.csv,Hack,fasta,False,10,10,0,0,1,111,120,359.48223876953125,357.2281799316406,361.7615966796875,1.2610961708606994,17.148899999999998,16.968975,17.368750000000002,2.3311990856556504,20.898425168786154,6181.453810800171,0.5453545129375797,41.663330078125,1.0,,True
3,Hack/Hack.csv,Hack,k-nucleotide,False,10,10,0,0,1,21,30,895.5058288574219,887.4874725341797,910.2801361083984,2.5452278298735327,21.692700000000002,21.585475,21.779475,0.8943100674420547,41.2950304365021,19282.286026000977,0.768332676334432,60.7225341796875,1.0,,True
10,Hack/Hack.csv,Hack,k-nucleotide,False,10,10,0,0,1,91,100,1082.6082458496094,1080.326171875,1089.7720184326172,0.8725082774706076,26.4549,26.0574,26.618000000000002,2.119078129193461,41.1047419771009,28669.25966347046,0.7594091140352611,74.73907470703125,1.0,,True
11,Hack/Hack.csv,Hack,mandelbrot,False,10,10,0,0,1,101,110,807.3674621582031,801.7484283447266,807.8617095947266,0.7571869732845521,15.2618,15.254075,15.279775,0.16839429163008623,52.88282337518493,12312.88901201477,0.8167217077834298,37.1163330078125,1.0,,True
1,Hack/Hack.csv,Hack,n-body,False,10,9,1,0,1,1,10,5838.4207763671875,5786.143005371094,5933.555480957031,2.5248689882482442,284.259,283.734,286.027,0.8066587161708183,20.355179626225006,1656558.4805617675,0.5446401903490318,686.78759765625,1.0,invalid_rows_removed,True
6,Hack/Hack.csv,Hack,n-body,False,10,10,0,0,1,51,60,5110.416564941406,5103.185455322266,5149.44270324707,0.905156112754872,242.794,242.26100000000002,243.7385,0.6085405734902689,21.074530461343087,1240325.5640808106,0.548274680413515,586.6160888671875,1.0,,True
2,Hack/Hack.csv,Hack,regex-redux,False,10,10,0,0,1,11,20,50.10003662109375,50.04798889160156,50.31884765625,0.5406358616001433,1.91223,1.9108675000000002,1.9156624999999998,0.25075435486315245,26.176010739462367,95.92212279266357,0.6412200022696966,5.0169677734375,1.0,,True
8,Hack/Hack.csv,Hack,regex-redux,False,10,10,0,0,1,71,80,53.366302490234375,53.24554443359375,53.475128173828125,0.43020357326870656,2.05018,2.04503,2.0588875,0.6759162610112213,26.00791801680413,109.44707167541505,0.629676049367942,5.360504150390625,1.0,,True
5,Hack/Hack.csv,Hack,spectral-norm,False,10,10,0,0,1,41,50,303.55810546875,302.1457824707031,303.7074890136719,0.5144670871354878,6.117395,6.115740000000001,6.1410675,0.4140242701345835,49.323101553828806,1856.8131742599485,0.8078989559518824,14.939453125,1.0,,True
13,Hack/Hack.csv,Hack,spectral-norm,False,10,10,0,0,1,121,130,483.2632141113281,480.9502716064453,485.1896667480469,0.8772435016386213,11.528,11.524975,11.548375,0.20298403886190605,41.82602341891075,5565.228041778564,0.7817127618166889,28.034881591796875,1.0,,True
2,Haskell/Haskell.csv,Haskell,binary-trees,False,10,10,0,0,1,11,20,341.8731384277344,339.5654754638672,343.6724853515625,1.2013257042022498,11.589,11.560224999999999,11.60945,0.42475623436018317,29.565579294552222,3958.990722650147,0.6670104651233688,42.515289306640625,1.0,,True
4,Haskell/Haskell.csv,Haskell,fannkuch-redux,False,10,10,0,0,1,31,40,564.6697692871094,451.30824279785156,582.4837799072266,23.230486957887432,16.33475,11.265175000000001,16.738225,33.50556329297968,35.189425827977516,9239.907460745238,0.7415826352932988,39.466156005859375,1.0,,True
6,Haskell/Haskell.csv,Haskell,fasta,False,10,10,0,0,1,51,60,246.37738037109375,245.29730224609375,247.05001831054688,0.711394877976697,5.72484,5.708387500000001,5.7417925,0.583509757477925,43.06380875558326,1412.6896506103517,0.7762934233689598,14.47955322265625,1.0,,True
5,Haskell/Haskell.csv,Haskell,mandelbrot,False,10,10,0,0,1,41,50,205.2235107421875,204.874267578125,205.82791137695312,0.4646854521586185,6.02434,6.00178,6.038325,0.6066224681873911,34.14199806649777,1237.8141206082153,0.7554682887079431,14.591583251953125,1.0,,True
1,Haskell/Haskell.csv,Haskell,n-body,False,10,10,0,0,1,1,10,195.234619140625,194.6158905029297,197.34848022460938,1.3996440455631682,10.046050000000001,10.009225,10.063749999999999,0.5427506333334808,19.473279153216815,1959.1322758117676,0.529801956532977,24.271942138671875,1.0,,True
3,Haskell/Haskell.csv,Haskell,reverse-complement,False,10,10,0,0,1,21,30,18.9940185546875,18.942474365234375,19.0736083984375,0.6903964678436236,0.8055239999999999,0.8037055,0.807547,0.47689454317935326,23.55174758402633,15.297025086700438,0.6019762383510903,2.299591064453125,1.0,,True
7,Haskell/Haskell.csv,Haskell,spectral-norm,False,10,10,0,0,1,61,70,43.328033447265625,43.28764343261719,43.37042236328125,0.19105166811877675,1.3731999999999998,1.3704125,1.3765425,0.4464025633556634,31.572570907069814,59.50605805603027,0.7250713970902624,3.318695068359375,1.0,,True
2,JRuby/JRuby.csv,JRuby,binary-trees,False,10,10,0,0,1,11,20,811.7942810058594,794.9520568847656,834.2637329101562,4.842566268966716,19.39445,18.844549999999998,19.782025000000004,4.833728205749615,42.114610737934626,15672.021716253663,0.7612894232447853,102.95440673828125,1.0,,True
12,JRuby/JRuby.csv,JRuby,binary-trees,False,10,10,0,0,1,111,120,822.4167785644531,807.8828125,833.9621276855469,3.171058259665969,19.3017,19.170650000000002,19.703775,2.7620624090105963,42.32998997004134,15832.884298483277,0.7601053409447485,102.9537353515625,1.0,,True
5,JRuby/JRuby.csv,JRuby,fannkuch-redux,False,10,10,0,0,1,41,50,9139.603546142578,9022.626541137695,9613.642990112305,6.466543608711028,217.66649999999998,207.8555,237.5745,13.65345608993575,42.085721647464325,1966679.8237015381,0.7809335858544248,572.8967895507812,1.0,,True
15,JRuby/JRuby.csv,JRuby,fannkuch-redux,False,10,9,1,0,1,141,150,9446.580505371094,8705.730590820312,9993.081604003906,13.627693242561556,223.346,199.421,234.939,15.902680146499154,42.797766416098824,2109855.9695526124,0.785747071632792,586.850341796875,1.0,invalid_rows_removed,True
9,JRuby/JRuby.csv,JRuby,fasta,False,10,10,0,0,1,81,90,1272.5918884277344,1256.6615905761719,1277.0511322021484,1.6022058455179606,49.3947,49.372225,49.838300000000004,0.9435728934480897,25.71096428043581,62876.19636715087,0.6096856776164903,137.60601806640625,1.0,,True
19,JRuby/JRuby.csv,JRuby,fasta,False,10,10,0,0,1,181,190,1302.9787902832031,1294.8788146972656,1308.5059814453125,1.0458471657151842,49.96495,49.675824999999996,50.106199999999994,0.8613538090201189,26.117966833216478,65084.523896029656,0.6115709830772127,138.6707763671875,1.0,,True
6,JRuby/JRuby.csv,JRuby,k-nucleotide,False,10,10,0,0,1,51,60,3110.7513427734375,3039.964065551758,3150.9182739257812,3.5667977330229337,88.66130000000001,86.219275,90.79577499999999,5.161778588854433,34.81750593047885,275703.55139524234,0.7311790578618946,325.6302490234375,1.0,,True
16,JRuby/JRuby.csv,JRuby,k-nucleotide,False,10,10,0,0,1,151,160,3070.081756591797,3042.449996948242,3092.966796875,1.6454545491595718,86.6603,85.293725,87.4401,2.476768485684917,35.559945210293805,264828.2545783173,0.7334349237007531,319.80706787109375,1.0,,True
7,JRuby/JRuby.csv,JRuby,mandelbrot,False,10,8,2,0,1,61,70,9251.326385498047,9215.501037597656,9429.20378112793,2.309968696653747,217.31799999999998,216.53575,217.72275,0.5462041800495051,42.544218170454926,2015339.2360778502,0.7530106584547371,1420.7310485839844,1.0,invalid_rows_removed,True
17,JRuby/JRuby.csv,JRuby,mandelbrot,False,10,10,0,0,1,161,170,9282.318176269531,9260.98014831543,9330.487991333008,0.7488198712610024,217.03750000000002,216.44425,218.04475,0.7374301675977573,42.80111651734815,2014142.5117460326,0.7528905001160457,1415.8760681152344,1.0,,True
1,JRuby/JRuby.csv,JRuby,n-body,False,10,10,0,0,1,1,10,2418.1046142578125,2403.893783569336,2436.4601440429688,1.3467721901530876,98.52860000000001,97.236075,99.227925,2.021595760012828,24.53223920560241,238418.4767389038,0.5918791192309688,456.4341735839844,1.0,,True
11,JRuby/JRuby.csv,JRuby,n-body,False,10,9,1,0,1,101,110,2434.9616088867188,2410.8256225585938,2438.678955078125,1.1438920604693223,97.18360000000001,96.7264,98.48910000000001,1.8137833955523455,24.854197982981994,236999.6000987305,0.5937824798490249,454.2747802734375,1.0,invalid_rows_removed,True
8,JRuby/JRuby.csv,JRuby,pidigits,False,10,10,0,0,1,71,80,198.15432739257812,191.384765625,206.90126037597656,7.830510166066519,8.194299999999998,8.1144575,8.309740000000001,2.38315048265259,24.162474286713167,1625.2465681637573,0.6099093877312551,26.517181396484375,1.0,,True
18,JRuby/JRuby.csv,JRuby,pidigits,False,10,10,0,0,1,171,180,199.4605712890625,198.3330841064453,216.1370849609375,8.926075333801311,8.076554999999999,7.994875,8.2005175,2.5461660324234745,24.840416286625988,1614.985862571106,0.6030984088215174,25.911224365234375,1.0,,True
4,JRuby/JRuby.csv,JRuby,regex-redux,False,10,10,0,0,1,31,40,439.77532958984375,435.88775634765625,441.0607147216797,1.1762729798526885,13.47895,13.396425,13.560925,1.2204214719989208,32.6236658933303,5936.418835632324,0.713456688158043,35.3592529296875,1.0,,True
14,JRuby/JRuby.csv,JRuby,regex-redux,False,10,10,0,0,1,131,140,442.4429626464844,441.0686950683594,444.3405456542969,0.7394965819699874,13.59815,13.489550000000001,13.633175,1.056209852075454,32.70244825917267,6023.942763516236,0.7128396644442441,35.6219482421875,1.0,,True
3,JRuby/JRuby.csv,JRuby,reverse-complement,False,10,10,0,0,1,21,30,154.64675903320312,151.98736572265625,164.7220458984375,8.234689336778843,4.372505,4.3343675,4.6784324999999995,7.868830338673132,35.199348642888836,673.8396706741332,0.7219011920885291,16.58978271484375,1.0,,True
13,JRuby/JRuby.csv,JRuby,reverse-complement,False,10,10,0,0,1,121,130,162.98867797851562,158.5370635986328,166.4460906982422,4.85250092073997,4.524025,4.471895,4.762865,6.431662070832936,35.44371797590007,737.3777750839233,0.7232405001597424,17.2362060546875,1.0,,True
10,JRuby/JRuby.csv,JRuby,spectral-norm,False,10,10,0,0,1,91,100,1855.1491088867188,1848.9615325927734,1871.487060546875,1.2142165740854765,79.34925,79.07707500000001,79.714675,0.8035362653081056,23.40671787899417,147093.8289652832,0.5550310715463285,387.5408935546875,1.0,,True
20,JRuby/JRuby.csv,JRuby,spectral-norm,False,10,10,0,0,1,191,200,1874.1867370605469,1869.9039459228516,1886.1959533691406,0.8692841072945198,79.28345,79.122225,79.4536,0.4179623868537434,23.630174740648428,148704.0785166626,0.5552021150612112,386.5063171386719,1.0,,True
1,Java-GraalVM/GraalVM.csv,Java-GraalVM,binary-trees,False,20,20,0,0,1,2,21,76.36941528320312,73.95521545410156,79.48809814453125,7.2448933514966996,4.17326,4.120355,4.2255725,2.5212304050071213,18.49669927442737,319.203102802124,0.8260667678085589,,1.0,,True
4,Java-GraalVM/GraalVM.csv,Java-GraalVM,binary-trees,False,10,10,0,0,1,42,51,73.79611206054688,72.92849731445312,74.09474182128906,1.580360366246773,4.095420000000001,4.0826275,4.110684999999999,0.6850945690551683,17.958382456818626,302.2612593103027,0.8495032010983843,,1.0,,True
8,Java-GraalVM/GraalVM.csv,Java-GraalVM,fannkuch-redux,False,10,10,0,0,1,82,91,172.37399291992188,171.6260223388672,173.52566528320312,1.1020473054879203,8.834309999999999,8.80672,8.873215,0.7526903629145882,19.4648150067068,1526.9214798126218,0.8909857104424845,,1.0,,True
9,Java-GraalVM/GraalVM.csv,Java-GraalVM,fasta,False,10,10,0,0,1,92,101,25.822967529296875,25.614990234375,29.574996948242188,15.335211607165016,1.283995,1.2074474999999998,1.295,6.818757082387403,19.880398994857018,33.9859342388916,0.8917274453784003,,1.0,,True
3,Java-GraalVM/GraalVM.csv,Java-GraalVM,mandelbrot,False,10,10,0,0,1,32,41,69.67691040039062,68.30924987792969,69.94929504394531,2.353785718384021,3.580265,3.5112049999999995,3.5935975,2.3012961331074804,19.46708564386359,249.46181533996582,0.8910175746377675,,1.0,,True
7,Java-GraalVM/GraalVM.csv,Java-GraalVM,n-body,False,10,10,0,0,1,72,81,64.75054931640625,63.140655517578125,70.55705261230469,11.453797956965632,3.929685,3.742765,3.98247,6.099852787182695,16.47731746862074,254.63418190979004,0.8718345955679252,,1.0,,True
2,Java-GraalVM/GraalVM.csv,Java-GraalVM,regex-redux,False,10,9,1,10,1,22,31,0.0062255859375,0.00555419921875,0.00634765625,12.745098039215685,0.000911,0.000844,0.000972,14.050493962678372,7.028654804379921,5.398681640625e-06,0.5196078431372549,,1.0,invalid_rows_removed|short_time,False
5,Java-GraalVM/GraalVM.csv,Java-GraalVM,reverse-complement,False,10,9,1,10,1,52,61,0.0048828125,0.0045166015625,0.005615234375,22.5,0.000874,0.00085,0.0009040000000000001,6.178489702517177,5.744485294117648,4.1503906249999995e-06,0.4189189189189189,,1.0,invalid_rows_removed|short_time,False
6,Java-GraalVM/GraalVM.csv,Java-GraalVM,spectral-norm,False,10,10,0,0,1,62,71,26.98333740234375,26.852752685546875,27.052719116210938,0.7410737511168414,1.38514,1.370615,1.3874825,1.2177469425473262,19.473502343202945,37.43155716552734,0.8909827228529255,,1.0,,True
2,JavaScript/JavaScript.csv,JavaScript,binary-trees,False,10,10,0,0,1,11,20,455.66796875,452.8994903564453,457.5190734863281,1.0138046662694704,21.3397,21.254199999999997,21.416050000000002,0.7584455264132332,21.293486901497538,9693.897907781982,0.5241587723775889,73.35287475585938,1.0,,True
5,JavaScript/JavaScript.csv,JavaScript,fannkuch-redux,False,10,10,0,0,1,41,50,654.7826232910156,654.7427062988281,654.8623046875,0.018265357756557316,33.66775,33.666124999999994,33.670575,0.013217396469932254,19.44792690065472,22044.262976568603,0.5080578631190338,81.34255981445312,1.0,,True
8,JavaScript/JavaScript.csv,JavaScript,fasta,False,10,10,0,0,1,71,80,101.37640380859375,101.09407043457031,104.01376342773438,2.8800518498137513,5.09839,5.08645,5.1100200000000005,0.4623028053954349,19.92323386781641,516.1542927288818,0.5099472433011152,12.403167724609375,1.0,,True
6,JavaScript/JavaScript.csv,JavaScript,k-nucleotide,False,10,10,0,0,1,51,60,1326.8370361328125,1314.3457641601562,1330.8761444091797,1.245848570612917,34.392399999999995,34.307874999999996,34.77125,1.347318012118975,38.63577611176113,45648.36565212402,0.7471155963850109,118.7327880859375,1.0,,True
7,JavaScript/JavaScript.csv,JavaScript,mandelbrot,False,10,10,0,0,1,61,70,285.5960693359375,285.27667236328125,286.1766662597656,0.31512825039119885,8.269285,8.22956,8.322709999999999,1.1264577288120996,34.51380922835522,2360.0911393969727,0.7400737057894236,21.66119384765625,1.0,,True
1,JavaScript/JavaScript.csv,JavaScript,n-body,False,10,10,0,0,1,1,10,126.23983764648438,125.80397033691406,126.26510620117188,0.3652855333584585,6.761575000000001,6.736345,6.7660175,0.4388400631509701,18.658665064997216,853.0993967141724,0.49504314055629994,16.340789794921875,1.0,,True
4,JavaScript/JavaScript.csv,JavaScript,regex-redux,False,10,10,0,0,1,31,40,40.409759521484375,40.376556396484375,40.510955810546875,0.3325914720948656,2.088615,2.087615,2.0917524999999997,0.19809778250178628,19.345688641711085,84.48509158508301,0.49433124512819676,5.7156982421875,1.0,,True
3,JavaScript/JavaScript.csv,JavaScript,reverse-complement,False,10,10,0,0,1,21,30,46.148468017578125,45.30033874511719,46.77850341796875,3.2030633655889162,1.931835,1.92355,1.94339,1.0270028237401154,23.9283165061657,89.10593733764648,0.5713569328194822,5.219940185546875,1.0,,True
9,JavaScript/JavaScript.csv,JavaScript,spectral-norm,False,10,10,0,0,1,81,90,86.28097534179688,86.128173828125,86.59700012207031,0.5433715741947578,5.03978,5.0395275,5.0405050000000005,0.019395687907017716,17.105138598616186,434.86993474578856,0.45495499513024573,12.181121826171875,1.0,,True
2,Lisp/Lisp.csv,Lisp,binary-trees,False,10,10,0,0,1,11,20,220.71820068359375,220.3966827392578,221.23402404785156,0.379371209986486,10.56415,10.563275,10.582725,0.18411325094777223,20.879018571103636,2331.9429932556154,0.5274495323198046,32.976470947265625,1.0,,True
4,Lisp/Lisp.csv,Lisp,fannkuch-redux,False,10,10,0,0,1,31,40,368.3021240234375,367.5731201171875,368.9524230957031,0.3745031289658951,9.005645000000001,8.9899175,9.14894,1.7658091119514363,40.72097387489137,3318.7145345498657,0.7802119287898668,21.76690673828125,1.0,,True
6,Lisp/Lisp.csv,Lisp,fasta,False,10,10,0,0,1,51,60,344.9462585449219,344.5239562988281,345.4259338378906,0.2614834968401423,15.76325,15.7547,15.767825,0.08326328644156819,21.875536118663426,5436.749624057007,0.555886886278161,39.6900634765625,1.0,,True
5,Lisp/Lisp.csv,Lisp,mandelbrot,False,10,10,0,0,1,41,50,112.41714477539062,112.00071716308594,113.54551696777344,1.3741674437417966,3.3786050000000003,3.3256975,3.4623799999999996,4.0455306258056085,33.27351674004544,379.813122399292,0.7507715754275985,8.205718994140625,1.0,,True
1,Lisp/Lisp.csv,Lisp,n-body,False,10,10,0,0,1,1,10,119.45138549804688,119.44468688964844,119.49238586425781,0.0399317047772166,6.685015,6.6841099999999996,6.6862275,0.031675321596146916,17.869704683364247,798.6407861416626,0.4946585846907001,16.152374267578125,1.0,,True
8,Lisp/Lisp.csv,Lisp,pidigits,False,10,10,0,0,1,71,80,50.005096435546875,49.979766845703125,50.094207763671875,0.22885850868472268,2.4650600000000003,2.4628674999999998,2.4672675,0.17849464110408683,20.282749932045903,123.36274336151124,0.5273742549607787,9.525970458984375,1.0,,True
3,Lisp/Lisp.csv,Lisp,reverse-complement,False,10,10,0,0,1,21,30,25.027679443359375,24.79010009765625,25.416763305664062,2.5038805911911495,1.136565,1.1269425,1.1408975000000001,1.227822429865442,22.021963143682292,28.445953685302737,0.5507405998261273,3.1243896484375,1.0,,True
7,Lisp/Lisp.csv,Lisp,spectral-norm,False,10,10,0,0,1,61,70,51.789276123046875,51.74501037597656,51.8504638671875,0.20362032278726788,1.36998,1.36653,1.3758975,0.6837691061183355,37.799482662692455,70.9503152481079,0.7579001946431319,3.358734130859375,1.0,,True
2,Lua/Lua.csv,Lua,binary-trees,False,10,9,1,0,1,11,20,3794.99072265625,3765.5419311523438,3804.9374389648438,1.0380923351750824,207.407,204.992,208.242,1.566967363685893,18.302379396868606,787125.806649231,0.4812083311406728,605.2286987304688,1.0,invalid_rows_removed,True
10,Lua/Lua.csv,Lua,binary-trees,False,10,9,1,0,1,91,100,3795.64599609375,3765.6008911132812,3833.920166015625,1.7999380071970312,209.722,206.035,212.121,2.9019368497344162,18.28096320851234,797547.985612793,0.48043753852984167,610.7572021484375,1.0,invalid_rows_removed,True
4,Lua/Lua.csv,Lua,fannkuch-redux,False,10,9,1,0,1,31,40,12794.667297363281,12746.3896484375,12808.6865234375,0.48689718577393654,633.974,633.695,637.982,0.6762106963376922,20.126959847877576,8119447.53923401,0.5270111883529358,1531.6268920898438,1.0,invalid_rows_removed,True
12,Lua/Lua.csv,Lua,fannkuch-redux,False,10,10,0,0,1,111,120,12801.977722167969,12799.560073852539,12832.496795654297,0.25727838710986367,632.5365,632.372,634.02,0.2605383246658532,20.242178123350502,8095509.840514526,0.5271043200314232,1528.156005859375,1.0,,True
7,Lua/Lua.csv,Lua,fasta,False,10,10,0,0,1,61,70,520.6667175292969,519.1259765625,525.2302398681641,1.172393606149905,24.540550000000003,24.526775,24.68875,0.6600300319267424,21.1846688406647,12808.508136044311,0.5511592202213433,59.36236572265625,1.0,,True
15,Lua/Lua.csv,Lua,fasta,False,10,10,0,0,1,141,150,518.8938598632812,515.7542266845703,522.3557586669922,1.2722316629765582,24.523400000000002,24.453225000000003,24.569825,0.4754642504709716,21.103926357602482,12777.102926965332,0.5516154709667439,59.316680908203125,1.0,,True
5,Lua/Lua.csv,Lua,k-nucleotide,False,10,10,0,0,1,41,50,1827.2422180175781,1821.207260131836,1829.1248474121094,0.43330803120690975,88.0326,87.87847500000001,88.23310000000001,0.40283372296171943,20.74617253740704,160811.8713903534,0.5376639204240208,214.89999389648438,1.0,,True
13,Lua/Lua.csv,Lua,k-nucleotide,False,10,10,0,0,1,121,130,1826.1848449707031,1821.5075073242188,1847.7806701660156,1.438691319455034,87.9452,87.510975,88.26915,0.8620993527787694,20.832196445711034,160597.81637819824,0.5378839641362544,214.64385986328125,1.0,,True
6,Lua/Lua.csv,Lua,mandelbrot,False,10,9,1,0,1,51,60,4413.34814453125,4379.462646484375,4440.180908203125,1.3757868115160672,99.9455,99.7102,100.867,1.1574307997858875,44.09695612380504,442059.75782516476,0.7723676404230067,242.447998046875,1.0,invalid_rows_removed,True
14,Lua/Lua.csv,Lua,mandelbrot,False,10,10,0,0,1,131,140,4417.027191162109,4383.850555419922,4438.468963623047,1.2365422678947788,100.1541,99.35317500000001,101.30499999999999,1.9488218655052416,44.02016243120701,442166.96630985104,0.7723819177752945,242.8765869140625,1.0,,True
1,Lua/Lua.csv,Lua,n-body,False,10,10,0,0,1,1,10,5181.358978271484,5140.398452758789,5217.995681762695,1.4976231009917962,177.45,175.31625,182.45175,4.0211327134404105,29.280714889553323,922090.923319397,0.6675205856101061,520.4443664550781,1.0,,True
9,Lua/Lua.csv,Lua,n-body,False,10,10,0,0,1,81,90,3578.0247497558594,3573.2728576660156,3641.7724609375,1.914453030995896,176.923,176.39075,179.13975,1.5537832842535992,20.245927595018728,632659.6893871155,0.5226756429357995,427.4277038574219,1.0,,True
3,Lua/Lua.csv,Lua,reverse-complement,False,10,10,0,0,1,21,30,215.09933471679688,211.52745056152344,217.83712768554688,2.933378260946672,9.324745,9.1887775,9.40541,2.32320025909555,22.917060903340328,2020.0985584817504,0.5560405980841507,23.62451171875,1.0,,True
11,Lua/Lua.csv,Lua,reverse-complement,False,10,10,0,0,1,101,110,210.38311767578125,208.52525329589844,211.01756286621094,1.184652836143139,9.129900000000001,9.0493475,9.161059999999999,1.2235895245292876,23.097674617071082,1919.4278292208865,0.5557387269849304,23.161956787109375,1.0,,True
8,Lua/Lua.csv,Lua,spectral-norm,False,10,10,0,0,1,71,80,1938.1886291503906,1933.5528411865234,1945.3025817871094,0.6062227599455303,95.4316,95.412625,95.44985,0.03900699558635954,20.310423964519075,184842.89316530764,0.5251522382779812,230.55206298828125,1.0,,True
16,Lua/Lua.csv,Lua,spectral-norm,False,10,10,0,0,1,151,160,1940.3215637207031,1934.8129272460938,1959.0703582763672,1.250175820535546,95.4444,95.4126,95.48685,0.07779398267473667,20.300669924446154,185238.22878251952,0.5256382379179694,230.58575439453125,1.0,,True
2,OCaml/OCaml.csv,OCaml,binary-trees,False,10,10,0,0,1,11,20,120.67776489257812,119.95651245117188,121.78321838378906,1.5137054736166504,3.5407450000000003,3.4970925,3.5587574999999996,1.7415826330334332,34.382230108578064,428.55826942687986,0.6988308236812438,16.128662109375,1.0,,True
11,OCaml/OCaml.csv,OCaml,binary-trees,False,10,10,0,0,1,101,110,126.91696166992188,126.238037109375,127.24815368652344,0.7958877709155132,3.6152300000000004,3.50232,3.6259075,3.418523856020218,35.21998179934401,460.3216314953613,0.6968160355860538,16.54248046875,1.0,,True
5,OCaml/OCaml.csv,OCaml,fannkuch-redux,False,10,10,0,0,1,41,50,330.88043212890625,327.1919403076172,332.8175964355469,1.7002081663560005,7.88021,7.875735,7.91716,0.5256839601990336,41.91980227056211,2613.602914206238,0.7816381078005878,19.0401611328125,1.0,,True
14,OCaml/OCaml.csv,OCaml,fannkuch-redux,False,10,10,0,0,1,131,140,334.20416259765625,333.3673553466797,336.3965759277344,0.9063982200310067,7.8811,7.8711925,7.9049425,0.4282397127304501,42.43912588636114,2643.6241675579836,0.7821593800528199,19.04315185546875,1.0,,True
8,OCaml/OCaml.csv,OCaml,fasta,False,10,10,0,0,1,71,80,62.3671875,62.12117004394531,62.861297607421875,1.186725894087436,3.17126,3.1696850000000003,3.1720625,0.07497020111878872,19.668177472804437,198.3093302911377,0.5195457419275913,7.811187744140625,1.0,,True
17,OCaml/OCaml.csv,OCaml,fasta,False,10,10,0,0,1,161,170,63.229248046875,63.05560302734375,63.54302978515625,0.7708881140752238,3.1677350000000004,3.1668025,3.1684025,0.05050927555492563,19.950882628997284,200.17494843566894,0.51910611935506,7.805908203125,1.0,,True
6,OCaml/OCaml.csv,OCaml,k-nucleotide,False,10,10,0,0,1,51,60,424.88653564453125,422.3468322753906,429.08587646484375,1.5860809002173575,13.881599999999999,13.512075,14.105375,4.2740029967727144,30.466397247416634,5930.007849615478,0.6904559397934238,40.517547607421875,1.0,,True
15,OCaml/OCaml.csv,OCaml,k-nucleotide,False,10,10,0,0,1,141,150,423.3518371582031,421.22547912597656,427.85279846191406,1.5654400794441161,13.49155,13.308875,13.813475,3.7401188151101983,31.51039772828221,5654.60407145691,0.6952870216025722,38.88360595703125,1.0,,True
7,OCaml/OCaml.csv,OCaml,mandelbrot,False,10,10,0,0,1,61,70,254.97088623046875,254.7968292236328,255.33094787597656,0.20948221196554925,6.865215,6.8564975,6.871325000000001,0.21598012589556018,37.16118473119842,1750.9241157785036,0.762816788323941,16.63812255859375,1.0,,True
16,OCaml/OCaml.csv,OCaml,mandelbrot,False,10,10,0,0,1,151,160,256.5840759277344,256.170166015625,256.75953674316406,0.22969887176671705,6.86129,6.860177500000001,6.8679025,0.11258815762048932,37.389423533172526,1760.6688357043458,0.7634014153530798,16.63092041015625,1.0,,True
1,OCaml/OCaml.csv,OCaml,n-body,False,10,10,0,0,1,1,10,104.16799926757812,103.87940979003906,104.25163269042969,0.35732941307098515,5.85646,5.856305,5.8566825,0.006445873445732056,17.787354919727395,610.0385430545044,0.4955270567461608,14.148651123046875,1.0,,True
10,OCaml/OCaml.csv,OCaml,n-body,False,10,10,0,0,1,91,100,110.10076904296875,109.64273071289062,110.62548828125,0.8925982778338603,5.857815,5.8576975000000004,5.8582525,0.009474522496859615,18.76368027643111,644.9642341580201,0.49864259130322736,14.15118408203125,1.0,,True
4,OCaml/OCaml.csv,OCaml,regex-redux,False,10,10,0,0,1,31,40,261.8172302246094,260.92652893066406,263.21185302734375,0.872870014979205,12.9751,12.9665,12.99445,0.21541259797612802,20.159937445835418,3404.686390286255,0.5083788937759287,38.74615478515625,1.0,,True
13,OCaml/OCaml.csv,OCaml,regex-redux,False,10,10,0,0,1,121,130,264.8646240234375,264.5547180175781,265.4818420410156,0.35003693938208225,12.9896,12.965,13.004750000000001,0.30601404200284466,20.380878695657927,3438.6457886413577,0.5098896922380411,38.7447509765625,1.0,,True
3,OCaml/OCaml.csv,OCaml,reverse-complement,False,10,10,0,0,1,21,30,10.380859375,10.324722290039062,10.417327880859375,0.8920801975540922,0.2875255,0.28390150000000003,0.29489575,3.823747806716268,36.12105248081613,2.9861344434509274,0.7298218757114499,1.194549560546875,1.0,,True
12,OCaml/OCaml.csv,OCaml,reverse-complement,False,10,10,0,0,1,111,120,10.5811767578125,10.551605224609375,10.695556640625,1.3604480797406582,0.2838095,0.279246,0.285852,2.3276176449343664,37.490131938005405,3.002241020996094,0.7302993065532203,1.176361083984375,1.0,,True
9,OCaml/OCaml.csv,OCaml,spectral-norm,False,10,10,0,0,1,81,90,51.767730712890625,51.55928039550781,51.90516662597656,0.668150266016241,1.688815,1.67971,1.7059075000000001,1.5512356297167005,30.671000747881493,87.45039982543945,0.7058598985133081,4.08795166015625,1.0,,True
18,OCaml/OCaml.csv,OCaml,spectral-norm,False,10,10,0,0,1,171,180,52.14117431640625,52.00090026855469,52.34233093261719,0.6548196670650523,1.676365,1.6635300000000002,1.70905,2.7153990926796836,31.089074795964173,87.36658787292481,0.7080670199426158,4.06085205078125,1.0,,True
2,PHP/PHP.csv,PHP,binary-trees,False,10,10,0,0,1,11,20,1670.9442138671875,1664.763412475586,1676.7643585205078,0.7182134475421662,42.193799999999996,42.124700000000004,42.3595,0.556479861970225,39.571862396528125,70448.78287857666,0.7540070302038108,122.70724487304688,1.0,,True
7,PHP/PHP.csv,PHP,binary-trees,False,10,10,0,0,1,61,70,1692.4072570800781,1680.2193298339844,1699.5240020751953,1.1406635229464461,42.234750000000005,42.183949999999996,42.447250000000004,0.6234202877962058,39.932096372145665,71576.51653296509,0.7541577391337844,123.13442993164062,1.0,,True
10,PHP/PHP.csv,PHP,fannkuch-redux,False,10,8,2,0,1,91,100,6667.744232177734,6659.9881591796875,6687.063262939453,0.4060609228096126,126.0265,125.838,126.19975000000001,0.2870428044895438,52.94125325932477,840109.528865326,0.8141853830291311,304.4892883300781,1.0,invalid_rows_removed,True
4,PHP/PHP.csv,PHP,fasta,False,10,10,0,0,1,31,40,632.7343139648438,628.4580078125,648.9842834472656,3.244059185939158,29.80265,29.412925,30.28585,2.929018057119077,21.232181548073743,18872.162128271484,0.5514854547713139,72.09194946289062,1.0,,True
13,PHP/PHP.csv,PHP,fasta,False,10,10,0,0,1,121,130,648.359619140625,639.9643859863281,653.4290771484375,2.076731919232769,29.460300000000004,29.433124999999997,29.604100000000003,0.5803572943928121,21.836299763612843,19151.72164329529,0.5537807771037221,71.25634765625,1.0,,True
11,PHP/PHP.csv,PHP,k-nucleotide,False,10,10,0,0,1,101,110,1129.6369934082031,1123.2800903320312,1138.9749298095703,1.3893701754743801,29.27675,29.057499999999997,29.491375,1.4819780201012887,38.58831084436798,33044.0112560852,0.7388028917564421,79.91799926757812,1.0,,True
12,PHP/PHP.csv,PHP,mandelbrot,False,10,10,0,0,1,111,120,3959.660919189453,3954.428985595703,3970.569610595703,0.4076264440164236,73.75919999999999,73.63114999999999,74.07055,0.595722296337279,53.6998634209552,292179.97535284725,0.8066394681712941,178.2542724609375,1.0,,True
1,PHP/PHP.csv,PHP,n-body,False,10,9,1,0,1,1,10,3705.3783569335938,3694.0545654296875,3743.339111328125,1.3300813345070432,178.723,178.616,179.969,0.7570374266322634,20.79991060309345,665905.3914453125,0.5387241936392224,431.78070068359375,1.0,invalid_rows_removed,True
6,PHP/PHP.csv,PHP,n-body,False,10,10,0,0,1,51,60,3766.181365966797,3758.5208129882812,3777.912796020508,0.5148977478212483,179.22899999999998,178.64475,179.48950000000002,0.471324395047695,21.042096507652936,674337.7494030152,0.5388342639045391,433.00244140625,1.0,,True
9,PHP/PHP.csv,PHP,regex-redux,False,10,10,0,0,1,81,90,46.425079345703125,46.34971618652344,46.58247375488281,0.5013617028549416,1.667095,1.6467049999999999,1.684005,2.2374249817796894,27.852761281453105,77.38279999450684,0.6505921872860155,4.33917236328125,1.0,,True
3,PHP/PHP.csv,PHP,reverse-complement,False,10,10,0,0,1,21,30,33.645050048828125,33.509246826171875,34.5032958984375,2.954518037045536,1.20635,1.20503,1.2136475,0.7143449247730712,27.86137429965056,40.53083546173096,0.644985331165461,3.7421875,1.0,,True
8,PHP/PHP.csv,PHP,reverse-complement,False,10,10,0,0,1,71,80,34.41278076171875,34.21345520019531,34.954132080078125,2.152330801196838,1.209605,1.2069475,1.2157074999999997,0.7242033556408627,28.26322470439673,41.579046764831546,0.6450969857387686,3.76495361328125,1.0,,True
5,PHP/PHP.csv,PHP,spectral-norm,False,10,10,0,0,1,41,50,1007.7712097167969,992.4581909179688,1016.0788726806641,2.3438535984108118,19.0176,18.99945,19.131975,0.6968544926804702,52.800240605739205,19193.748638616944,0.8169304606145793,45.965789794921875,1.0,,True
14,PHP/PHP.csv,PHP,spectral-norm,False,10,10,0,0,1,131,140,1019.7417907714844,1008.7983856201172,1031.9491424560547,2.270256749840842,19.049300000000002,19.008000000000003,19.232174999999998,1.176814896085396,53.36099382423056,19375.651991677856,0.8173692693634624,46.054718017578125,1.0,,True
2,Pascal/Pascal.csv,Pascal,binary-trees,False,10,10,0,0,1,11,20,325.2266540527344,323.99961853027344,327.2702331542969,1.0056416296965374,16.0502,15.997525,16.202325000000002,1.2759965607905341,20.23837957895651,5219.963115414428,0.5263508021943244,43.164947509765625,1.0,,True
5,Pascal/Pascal.csv,Pascal,fannkuch-redux,False,10,10,0,0,1,41,50,404.7940368652344,399.6226501464844,405.38246154785156,1.4228992714348623,9.8047,9.7924875,9.829582499999999,0.3783389598865747,41.227100354359564,3967.2756581344606,0.7935301363159026,23.688140869140625,1.0,,True
8,Pascal/Pascal.csv,Pascal,fasta,False,10,10,0,0,1,71,80,104.1917724609375,103.99276733398438,105.62802124023438,1.5694654842953866,5.474359999999999,5.4669925,5.4778424999999995,0.1981966841785996,19.05094129761025,569.8368073104858,0.5285201586289097,13.293487548828125,1.0,,True
6,Pascal/Pascal.csv,Pascal,mandelbrot,False,10,10,0,0,1,51,60,255.97882080078125,255.8845672607422,256.28485107421875,0.15637380163888184,7.18828,7.186865,7.19951,0.1759113445775626,35.614549931423085,1840.288941369629,0.7627483822657026,17.393402099609375,1.0,,True
1,Pascal/Pascal.csv,Pascal,n-body,False,10,10,0,0,1,1,10,102.3594970703125,102.18841552734375,102.68673706054688,0.4868346831176978,5.70148,5.7013625,5.7016375,0.004823309035553001,17.95372759896035,583.5816870736694,0.4978868818912611,13.774505615234375,1.0,,True
7,Pascal/Pascal.csv,Pascal,pidigits,False,10,10,0,0,1,61,70,11.682830810546875,11.603805541992188,11.73248291015625,1.1014228507691544,0.5470520000000001,0.5463250000000001,0.54816175,0.335754187901688,21.29331833457919,6.390332766174317,0.5539666110569625,1.32232666015625,1.0,,True
4,Pascal/Pascal.csv,Pascal,regex-redux,False,10,10,0,0,1,31,40,50.693634033203125,50.62635803222656,50.824737548828125,0.39133023383494,2.28062,2.27917,2.2833875,0.184927782795896,22.213117958619797,115.64965783203124,0.578053225980713,5.905670166015625,1.0,,True
3,Pascal/Pascal.csv,Pascal,reverse-complement,False,10,10,0,0,1,21,30,21.4844970703125,21.282608032226562,21.990921020507812,3.2968562678621143,0.9092995,0.9057062499999999,0.92411475,2.0244704852471656,23.575331196852318,19.553065980560305,0.5701723898467568,2.679840087890625,1.0,,True
9,Pascal/Pascal.csv,Pascal,spectral-norm,False,10,10,0,0,1,81,90,46.349853515625,46.26481628417969,46.42152404785156,0.3380976460239453,1.348615,1.348455,1.3489,0.03299681525120429,34.33597380213726,62.50208186706543,0.7420995060012605,3.259552001953125,1.0,,True
2,Perl/Perl.csv,Perl,binary-trees,False,10,10,0,0,1,11,20,4171.287902832031,4160.6597900390625,4206.4656982421875,1.0981238713354162,95.95725,94.762025,96.71845,2.0388506340062995,43.46577406852538,400433.4844867798,0.783961388218502,265.2727355957031,1.0,,True
13,Perl/Perl.csv,Perl,binary-trees,False,10,9,1,0,1,131,140,4194.4029541015625,4181.451416015625,4222.496276855469,0.9785626533499218,95.17960000000001,94.9395,95.4436,0.5296302989296111,44.137648484492736,398311.2630999756,0.7851329517510272,263.4915771484375,1.0,invalid_rows_removed,True
5,Perl/Perl.csv,Perl,fannkuch-redux,False,10,8,2,0,1,41,50,12919.416137695312,12869.473220825195,12971.807250976562,0.7920948521255892,249.473,249.19425,249.93475,0.29682570859371443,51.82226926876567,3226964.488650513,0.8167060798023069,602.7102355957031,1.0,invalid_rows_removed,True
16,Perl/Perl.csv,Perl,fannkuch-redux,False,10,9,1,0,1,161,170,12995.253356933594,12977.523193359375,13016.660766601562,0.30116822017406625,249.078,248.674,249.306,0.2537357775475975,52.1708884721754,3236831.7156383055,0.8171513005476484,601.7569580078125,1.0,invalid_rows_removed,True
7,Perl/Perl.csv,Perl,fasta,False,10,10,0,0,1,61,70,3173.8177490234375,3012.6107635498047,3230.1924743652344,6.855520008430797,62.259150000000005,59.068200000000004,63.513225,7.139552981368993,50.98627018870238,197611.6955580414,0.8089245612830732,150.44287109375,1.0,,True
20,Perl/Perl.csv,Perl,fasta,False,10,10,0,0,1,201,210,981.5275268554688,975.6208801269531,994.3182830810547,1.904929046055657,46.354749999999996,46.210025,46.5308,0.6920002804459039,21.14701882018761,45508.489348861694,0.5495961903220552,112.11737060546875,1.0,,True
6,Perl/Perl.csv,Perl,k-nucleotide,False,10,10,0,0,1,51,60,1565.3511962890625,1560.5025482177734,1571.4336853027344,0.698318505832755,35.56945,35.4855,35.787975,0.8503786254777657,43.934705374885596,55607.66154035645,0.7837226461986497,104.48785400390625,1.0,,True
17,Perl/Perl.csv,Perl,k-nucleotide,False,10,10,0,0,1,171,180,1568.4549255371094,1565.350570678711,1572.6731719970703,0.4668671824185058,35.69965,35.611374999999995,35.7926,0.5076380300647342,43.95687525373294,55924.497320275885,0.7841354439646895,104.66937255859375,1.0,,True
8,Perl/Perl.csv,Perl,mandelbrot,False,20,16,4,0,1,71,90,39382.187408447266,20216.575485229492,39743.17176818848,49.58230501632988,772.296,395.9995,779.65675,49.67748764722334,50.975020811333515,30414712.43982077,0.8079327820977671,1865.9069519042969,1.0,invalid_rows_removed,True
11,Perl/Perl.csv,Perl,mandelbrot,False,10,8,2,0,1,111,120,19877.68310546875,19802.88900756836,19962.352600097656,0.8022242415436497,389.552,389.2845,391.27675,0.5114208115989682,50.81253273063693,7769980.177846741,0.8076997512560664,941.1666870117188,1.0,invalid_rows_removed,True
18,Perl/Perl.csv,Perl,mandelbrot,False,10,9,1,0,1,181,190,19871.328247070312,19766.742248535156,19941.68682861328,0.8803869469768212,390.252,388.94,391.784,0.7287598782325252,50.90671501313557,7749821.954111205,0.8076780389835188,942.8748779296875,1.0,invalid_rows_removed,True
1,Perl/Perl.csv,Perl,n-body,False,10,10,0,0,1,1,10,6865.714416503906,6845.266799926758,7386.891036987305,7.888825607988915,325.9145,324.83125,351.00275,8.030173557788924,21.06883405886702,2237643.1054433286,0.5459267096687653,787.3865966796875,1.0,,True
12,Perl/Perl.csv,Perl,n-body,False,10,9,1,0,1,121,130,6842.8411865234375,6829.0638427734375,6853.793762207031,0.361398412728003,325.184,324.437,325.458,0.31397608738437777,21.046885897782705,2225182.468398438,0.5458773643867341,785.6183471679688,1.0,invalid_rows_removed,True
9,Perl/Perl.csv,Perl,pidigits,False,10,10,0,0,1,91,100,28.41949462890625,28.386550903320312,28.607421875,0.7771812080536913,1.30734,1.301935,1.3204624999999999,1.417190631358316,21.78726784750215,37.23439162811279,0.5654120259083456,3.1583251953125,1.0,,True
19,Perl/Perl.csv,Perl,pidigits,False,10,10,0,0,1,191,200,29.87652587890625,29.617050170898438,30.071853637695312,1.5222769496033683,1.32313,1.30893,1.3343675000000002,1.922524619651903,22.571826940861396,39.53074548461914,0.5673479867654629,3.199432373046875,1.0,,True
4,Perl/Perl.csv,Perl,regex-redux,False,10,10,0,0,1,31,40,284.38543701171875,283.9259033203125,285.90821838378906,0.6970522416008512,7.178789999999999,7.158555,7.200505,0.5843603169893524,39.64904467369033,2041.477707644043,0.7669818539591075,17.62152099609375,1.0,,True
15,Perl/Perl.csv,Perl,regex-redux,False,10,10,0,0,1,151,160,286.3028564453125,286.1068115234375,287.25318908691406,0.4004073091375305,7.161379999999999,7.141240000000001,7.1907575,0.6914519268632504,39.99678578354634,2049.7608991589354,0.7686621666098746,17.5872802734375,1.0,,True
3,Perl/Perl.csv,Perl,reverse-complement,False,10,10,0,0,1,21,30,29.83026123046875,29.754470825195312,29.903594970703125,0.49990894935742797,1.1809150000000002,1.1804150000000002,1.1996725000000001,1.6307270209964244,25.25051359501706,35.220288037719726,0.5840995356653063,3.52203369140625,1.0,,True
14,Perl/Perl.csv,Perl,reverse-complement,False,10,10,0,0,1,141,150,30.92816162109375,30.679702758789062,31.458084106445312,2.5167397829600553,1.194695,1.1927175,1.2058325,1.0977697236533164,25.796677543627588,36.98265530639649,0.5858105791829437,3.557861328125,1.0,,True
10,Perl/Perl.csv,Perl,spectral-norm,False,10,10,0,0,1,101,110,996.4568176269531,981.4272918701172,1007.5572357177734,2.622285620954887,19.7696,19.69625,19.841775,0.7361049287795365,50.197963412484114,19680.558661431885,0.819780182498784,47.778839111328125,1.0,,True
21,Perl/Perl.csv,Perl,spectral-norm,False,10,10,0,0,1,211,220,998.5946960449219,990.2261657714844,1006.6022644042969,1.6399144415319244,19.8019,19.703725,19.8805,0.8927173655053444,50.755677794403894,19675.053149093626,0.8196381583476477,47.857635498046875,1.0,,True
2,Python/Python.csv,Python,binary-trees,False,10,10,0,0,1,11,20,2098.6266174316406,2088.6717834472656,2100.802978515625,0.5780539981526528,44.83525,44.648225000000004,44.990849999999995,0.7641866611650232,46.79324383241838,93886.4800054779,0.7953717826324396,126.986328125,1.0,,True
5,Python/Python.csv,Python,fannkuch-redux,False,10,10,0,0,1,41,50,14777.476379394531,14706.459976196289,14925.748352050781,1.4839365682239511,279.851,278.10775,280.432,0.830531246985005,53.12290173576527,4125705.7278311467,0.8185820019884245,676.1185913085938,1.0,,True
8,Python/Python.csv,Python,fasta,False,10,9,1,0,1,71,80,1569.7496337890625,1561.9442138671875,1581.1060180664062,1.220691745152122,74.029,73.98519999999999,74.0642,0.10671493603858992,21.1996260949471,116233.83835850832,0.5591641698801144,178.92291259765625,1.0,invalid_rows_removed,True
6,Python/Python.csv,Python,k-nucleotide,False,10,10,0,0,1,51,60,1852.0664672851562,1846.619857788086,1863.3748016357422,0.9046621243683772,38.938500000000005,38.8185,38.999775,0.46554181594052,47.580225319439705,72177.83044933167,0.798600618724126,121.49029541015625,1.0,,True
7,Python/Python.csv,Python,mandelbrot,False,10,9,1,0,1,61,70,9003.674011230469,8976.647155761719,9066.151611328125,0.9940881406275426,162.933,162.332,164.234,1.1673509970356006,55.29306318729549,1466995.6176718138,0.8208672876277139,393.68768310546875,1.0,invalid_rows_removed,True
1,Python/Python.csv,Python,n-body,False,10,9,1,0,1,1,10,11779.833374023438,11747.52099609375,11792.521057128906,0.38200931716393494,559.663,557.978,560.299,0.41471385458749754,21.05012999411298,6592736.885606079,0.5547052395196501,1352.1076049804688,1.0,invalid_rows_removed,True
10,Python/Python.csv,Python,pidigits,False,10,10,0,0,1,91,100,25.860748291015625,25.7088623046875,25.931259155273438,0.8599784046589293,1.177515,1.175725,1.1922375,1.4023175925572202,21.967415002145593,30.4426749508667,0.5711272207533775,2.84747314453125,1.0,,True
4,Python/Python.csv,Python,regex-redux,False,10,10,0,0,1,31,40,214.21218872070312,206.99267578125,220.14828491210938,6.141391491037931,7.1143149999999995,6.83165,7.4338075,8.464026403104173,29.908296953286694,1524.7908998361206,0.6719479797604869,17.954376220703125,1.0,,True
3,Python/Python.csv,Python,reverse-complement,False,10,10,0,0,1,21,30,42.610595703125,42.55848693847656,42.99937438964844,1.0346897148390275,1.489625,1.483365,1.508335,1.676260803893593,28.531339869449674,63.67993728515624,0.6556977203920253,4.263427734375,1.0,,True
9,Python/Python.csv,Python,spectral-norm,False,10,10,0,0,1,81,90,7386.979156494141,7356.214691162109,7406.182418823242,0.6764297908869082,137.60000000000002,137.302,138.27575,0.7076671511627872,53.55404419250512,1016449.1221154175,0.8245920596933605,332.52459716796875,1.0,,True
2,Racket/Racket.csv,Racket,binary-trees,False,10,10,0,0,1,11,20,228.09112548828125,227.7521514892578,228.29270935058594,0.23699206190987798,11.237099999999998,11.22805,11.263850000000001,0.3185875359301051,20.281825638303275,2567.0350223358155,0.5064163185476199,40.317779541015625,1.0,,True
12,Racket/Racket.csv,Racket,binary-trees,False,10,10,0,0,1,121,130,226.27651977539062,225.59121704101562,226.64234924316406,0.4645343684761571,11.24285,11.2296,11.26365,0.30285915048231166,20.106982412205234,2544.9177436523437,0.5047927435359852,40.436737060546875,1.0,,True
5,Racket/Racket.csv,Racket,fannkuch-redux,False,10,9,1,0,1,41,50,2235.5916748046875,2204.6981201171875,2249.87060546875,2.0206053663851202,43.7831,43.7385,43.7932,0.12493404989595727,51.252481957726175,97433.56604104614,0.8216310385134302,105.78363037109375,1.0,invalid_rows_removed,True
15,Racket/Racket.csv,Racket,fannkuch-redux,False,10,10,0,0,1,151,160,2215.6194458007812,2195.966766357422,2233.7359924316406,1.704680203353604,43.539500000000004,43.3946,43.78735,0.9020544562983189,50.94370293545137,96307.07215065614,0.821622788032488,105.19534301757812,1.0,,True
9,Racket/Racket.csv,Racket,fasta,False,10,10,0,0,1,81,90,180.5283203125,179.0955352783203,185.35177612304688,3.465517672737895,8.209655000000001,8.158945,8.3443875,2.2588342628283478,22.03095549997412,1482.082138787537,0.5530845554086705,20.120025634765625,1.0,,True
19,Racket/Racket.csv,Racket,fasta,False,10,10,0,0,1,191,200,180.7603759765625,180.6959228515625,182.8827667236328,1.2098026795174734,8.259540000000001,8.246414999999999,8.322254999999998,0.9182109415294248,21.918558335429417,1492.5548405786133,0.5533609459586194,20.270599365234375,1.0,,True
6,Racket/Racket.csv,Racket,k-nucleotide,False,10,10,0,0,1,51,60,941.372802734375,935.2662200927734,951.1329956054688,1.685493299424798,44.156349999999996,44.021225,44.273225000000004,0.5706993444883974,21.34039108604127,41727.280908941655,0.5423908656340521,107.28994750976562,1.0,,True
16,Racket/Racket.csv,Racket,k-nucleotide,False,10,10,0,0,1,161,170,937.6511535644531,922.3592987060547,944.1617126464844,2.3252159246590223,44.18315,43.933674999999994,44.46805,1.2094542829110289,21.105028089488897,41343.64998765869,0.5416456162270696,107.33953857421875,1.0,,True
7,Racket/Racket.csv,Racket,mandelbrot,False,10,10,0,0,1,61,70,838.4767456054688,837.8870544433594,839.4979095458984,0.19211684891461778,44.5081,44.486275,44.55615,0.15699389549318718,18.84329171630987,37336.22538396606,0.4983844626381658,108.01382446289062,1.0,,True
17,Racket/Racket.csv,Racket,mandelbrot,False,10,10,0,0,1,171,180,835.4095458984375,834.2547149658203,835.6004028320312,0.16108121732840908,44.50765,44.487825,44.555425,0.1518840019637046,18.745911018427478,37187.771174493406,0.49821650370769893,107.89373779296875,1.0,,True
1,Racket/Racket.csv,Racket,n-body,False,10,10,0,0,1,1,10,438.51666259765625,435.4353332519531,442.5655059814453,1.625975324918086,22.327350000000003,22.037625,22.44025,1.8032816254504023,19.74223374793813,9790.886104431152,0.5190168481822128,54.30078125,1.0,,True
11,Racket/Racket.csv,Racket,n-body,False,20,20,0,0,1,101,120,644.2065124511719,438.00091552734375,658.7698822021484,34.269906063940645,22.614,22.43425,22.718974999999997,1.2590651808614048,28.435247954232832,14488.408817364501,0.676640353879828,62.2479248046875,1.0,,True
8,Racket/Racket.csv,Racket,pidigits,False,10,10,0,0,1,71,80,15.22265625,15.164016723632812,15.262191772460938,0.6449271875801899,0.7326294999999999,0.7307217500000001,0.7334825,0.376827577923081,20.79155559363013,11.15283938848877,0.5543786136048567,1.77947998046875,1.0,,True
18,Racket/Racket.csv,Racket,pidigits,False,10,10,0,0,1,181,190,15.2315673828125,15.162567138671875,15.41827392578125,1.6787949702268847,0.7316235,0.7305382500000001,0.733627,0.42217752710239265,20.768557776483757,11.17319000592041,0.5549383180017985,1.77703857421875,1.0,,True
4,Racket/Racket.csv,Racket,regex-redux,False,10,10,0,0,1,31,40,543.416259765625,539.7888336181641,547.5972137451172,1.4369058684995686,26.08305,26.064025,26.181825,0.4516342989029236,20.778883997179605,14166.261758044435,0.5327957332378832,68.6051025390625,1.0,,True
14,Racket/Racket.csv,Racket,regex-redux,False,10,10,0,0,1,141,150,537.3414916992188,535.5821838378906,539.7959136962891,0.7841809954175485,26.12905,26.099674999999998,26.1719,0.27641647897647675,20.514711029637738,14073.772027536012,0.5322775391141037,68.7236328125,1.0,,True
3,Racket/Racket.csv,Racket,reverse-complement,False,10,10,0,0,1,21,30,44.851348876953125,44.71392822265625,44.8936767578125,0.40076505981877797,2.113035,2.1113850000000003,2.1144475,0.14493370909613537,21.212191425788063,94.699587711792,0.5620020622521132,5.3516845703125,1.0,,True
13,Racket/Racket.csv,Racket,reverse-complement,False,10,10,0,0,1,131,140,44.700592041015625,44.56294250488281,44.883270263671875,0.7166074187454642,2.125585,2.120535,2.1312425,0.5037436752705768,21.027311785802613,95.0622922845459,0.5608708016599866,5.37799072265625,1.0,,True
10,Racket/Racket.csv,Racket,spectral-norm,False,10,10,0,0,1,91,100,100.752685546875,100.61569213867188,100.83552551269531,0.2181910812899974,2.339625,2.334675,2.3504549999999997,0.6744670620291673,43.06635686360349,235.73856645355227,0.7874275652163731,5.662261962890625,1.0,,True
20,Racket/Racket.csv,Racket,spectral-norm,False,10,10,0,0,1,201,210,100.6480712890625,100.62049865722656,100.70733642578125,0.08627862157963102,2.3399199999999998,2.3384225,2.35642,0.7691502273581956,43.00195066286838,235.5060476776123,0.7874378291777623,5.663787841796875,1.0,,True
2,Ruby/Ruby.csv,Ruby,binary-trees,False,10,10,0,0,1,11,20,1041.0557861328125,1034.3877563476562,1045.3833923339844,1.056200458495445,26.62135,26.582225,26.704175,0.45809096833931495,38.98766776451231,27777.031013793945,0.7475902555220044,77.86715698242188,1.0,,True
9,Ruby/Ruby.csv,Ruby,fannkuch-redux,False,10,9,1,0,1,81,90,16409.20343017578,16394.735290527344,16471.51092529297,0.467881546428013,314.892,313.704,317.482,1.1997764312843833,52.267041136351146,5160333.433587158,0.8090672951290651,760.753662109375,1.0,invalid_rows_removed,True
7,Ruby/Ruby.csv,Ruby,fasta,False,10,10,0,0,1,61,70,1284.3466186523438,1275.3517150878906,1306.6049499511719,2.4333956588817944,61.03855,60.91515,61.23155,0.5183609374731241,21.024275058486552,78428.4618765747,0.5451248105810376,147.74026489257812,1.0,,True
5,Ruby/Ruby.csv,Ruby,k-nucleotide,False,10,10,0,0,1,41,50,2766.15478515625,2752.359405517578,2779.223342895508,0.9711653708638087,60.69795,60.224525,61.1569,1.536089769094344,45.470582857954,166964.519237323,0.7889592657661151,174.80422973632812,1.0,,True
6,Ruby/Ruby.csv,Ruby,mandelbrot,False,10,9,1,0,1,51,60,12993.212524414062,12923.041198730469,13073.62548828125,1.1589457901026055,245.675,244.018,246.943,1.1905973338760603,52.95937676208504,3192107.486935425,0.806215016860985,593.9190063476562,1.0,invalid_rows_removed,True
1,Ruby/Ruby.csv,Ruby,n-body,False,10,10,0,0,1,1,10,5929.686828613281,5922.387298583984,5970.274612426758,0.8075858848345349,281.297,280.841,281.954,0.3956672129457475,21.072750422158116,1668706.3643865357,0.5360852048459673,679.5879516601562,1.0,,True
4,Ruby/Ruby.csv,Ruby,regex-redux,False,10,10,0,0,1,31,40,295.6519470214844,293.34925842285156,297.57655334472656,1.4298214385064787,14.2332,14.21695,14.367325000000001,1.0565087260770618,20.718007522580585,4226.016134194946,0.5334388551494242,34.856414794921875,1.0,,True
3,Ruby/Ruby.csv,Ruby,reverse-complement,False,10,10,0,0,1,21,30,55.617218017578125,55.44084167480469,56.17680358886719,1.323262723838318,1.966405,1.9630550000000002,2.00115,1.9372916566017564,28.224648575011646,109.5288643460083,0.6491433199203446,6.427215576171875,1.0,,True
8,Ruby/Ruby.csv,Ruby,spectral-norm,False,10,10,0,0,1,71,80,3643.508056640625,3629.9900512695312,3659.816909790039,0.8186302337426056,71.61435,71.387,71.6982,0.4345497794785535,50.82429067555397,260477.1668913269,0.809778327964181,173.41677856445312,1.0,,True
2,Rust/Rust.csv,Rust,binary-trees,False,10,10,0,0,1,11,20,56.358184814453125,56.1905517578125,56.61326599121094,0.7500494112614357,1.254495,1.2437475,1.2659025000000002,1.7660492867648057,44.92530426045537,70.70131709503174,0.7892235156197909,4.556427001953125,1.0,,True
5,Rust/Rust.csv,Rust,fannkuch-redux,False,10,10,0,0,1,41,50,283.1863708496094,281.6548767089844,284.31298828125,0.9386438917560963,6.650145,6.60759,6.6553675000000005,0.7184429813184595,42.75480455799489,1877.7006872036743,0.7847117613484704,16.069976806640625,1.0,,True
9,Rust/Rust.csv,Rust,fasta,False,10,10,0,0,1,81,90,32.4605712890625,32.40522766113281,32.56663513183594,0.4972416205056465,0.917428,0.91430025,0.9228907500000001,0.9363677585598059,35.411443372676516,29.828761092041017,0.7357597788523578,2.288543701171875,1.0,,True
6,Rust/Rust.csv,Rust,k-nucleotide,False,10,10,0,0,1,51,60,87.03921508789062,86.6585693359375,87.29023742675781,0.7257281561908221,2.348565,2.3178900000000002,2.3880749999999997,2.9884205887424664,36.91744164743933,204.08017407653807,0.7285113493170401,8.68798828125,1.0,,True
7,Rust/Rust.csv,Rust,mandelbrot,False,10,10,0,0,1,61,70,48.33282470703125,48.284027099609375,48.455780029296875,0.3553546285129785,1.17386,1.17305,1.190095,1.4520470924982518,41.10615469118288,56.74492662994385,0.7912857279487763,2.877105712890625,1.0,,True
1,Rust/Rust.csv,Rust,n-body,False,10,10,0,0,1,1,10,61.99188232421875,61.70762634277344,62.07820129394531,0.597779801609767,3.3290699999999998,3.3285,3.3303675,0.05609674774035725,18.580008450938987,206.34189000915526,0.47966376193623084,8.0443115234375,1.0,,True
8,Rust/Rust.csv,Rust,pidigits,False,10,10,0,0,1,71,80,12.013458251953125,11.91912841796875,12.26568603515625,2.8847448413212518,0.5533825000000001,0.54709,0.5553480000000001,1.4922770416484252,21.762980190847475,6.648040653076173,0.5615616199157198,1.338287353515625,1.0,,True
4,Rust/Rust.csv,Rust,regex-redux,False,10,10,0,0,1,31,40,56.59912109375,56.39213562011719,56.737213134765625,0.6096870551697364,2.29497,2.2761075,2.2974924999999997,0.9318204595266841,24.67981129926373,129.9379131347656,0.6086945026756575,5.799285888671875,1.0,,True
3,Rust/Rust.csv,Rust,reverse-complement,False,10,10,0,0,1,21,30,8.674591064453125,8.542800903320312,8.863876342773438,3.7013322826113724,0.28370249999999997,0.280804,0.28562125,1.6979934967086987,30.34611171195738,2.4422812454833984,0.684495546267162,1.003448486328125,1.0,,True
10,Rust/Rust.csv,Rust,spectral-norm,False,10,10,0,0,1,91,100,29.010406494140625,28.97900390625,29.028411865234375,0.17031115711651323,0.6745455,0.674041,0.6750825,0.15440025913745306,43.01214569847881,19.572403255981445,0.7844395554853572,1.634063720703125,1.0,,True
2,Smalltalk/Smalltalk.csv,Smalltalk,binary-trees,False,10,10,0,10,1,11,20,0.0103759765625,0.0100250244140625,0.010711669921875,6.617647058823529,0.0010755,0.001014,0.00114775,12.436076243607621,10.291320736515267,1.1050048828124999e-05,0.2451640033641716,0.00244140625,1.0,short_time,False
5,Smalltalk/Smalltalk.csv,Smalltalk,fannkuch-redux,False,10,10,0,10,1,41,50,0.0091552734375,0.0085906982421875,0.0094757080078125,9.666666666666666,0.001294,0.0011925,0.00131825,9.717928902627511,7.562736514947934,1.117779541015625e-05,0.20003449295358233,0.00244140625,1.0,short_time,False
9,Smalltalk/Smalltalk.csv,Smalltalk,fasta,False,10,9,1,10,1,81,90,0.00994873046875,0.00909423828125,0.01068115234375,15.950920245398773,0.001089,0.000914,0.001184,24.793388429752063,10.849215342148309,9.90362548828125e-06,0.2195945945945946,0.00244140625,1.0,invalid_rows_removed|short_time,False
6,Smalltalk/Smalltalk.csv,Smalltalk,k-nucleotide,False,10,10,0,10,1,51,60,0.0089111328125,0.0084991455078125,0.014617919921875,68.66438356164383,0.001202,0.00119575,0.0014645,22.35856905158071,7.484178544242511,1.1062866210937498e-05,0.2004750935790383,0.002471923828125,1.0,short_time,False
7,Smalltalk/Smalltalk.csv,Smalltalk,mandelbrot,False,10,10,0,10,1,61,70,0.0098876953125,0.0095062255859375,0.00994873046875,4.4753086419753085,0.001176,0.00115025,0.00139425,20.7482993197279,8.578918828872933,1.14005126953125e-05,0.2105283337167395,0.00244140625,1.0,short_time,False
1,Smalltalk/Smalltalk.csv,Smalltalk,n-body,False,10,8,2,10,1,1,10,0.01239013671875,0.0120849609375,0.0126190185546875,4.310344827586207,0.000787,0.00074875,0.0008042500000000001,7.052096569250329,16.028801784338054,9.62567138671875e-06,0.3333333333333333,0.00250244140625,1.0,invalid_rows_removed|short_time,False
8,Smalltalk/Smalltalk.csv,Smalltalk,pidigits,False,10,10,0,10,1,71,80,0.00921630859375,0.0087738037109375,0.0099639892578125,12.913907284768213,0.0012115,0.0011015,0.00143925,27.878662814692525,8.431015786844732,1.1053375244140625e-05,0.20211267605633804,0.00244140625,1.0,short_time,False
4,Smalltalk/Smalltalk.csv,Smalltalk,regex-redux,False,10,10,0,10,1,31,40,0.008270263671875,0.00823974609375,0.0083465576171875,1.2915129151291513,0.0011115,0.0010835,0.00116,6.882591093117405,7.529369866543684,9.260009765625001e-06,0.1580697485806975,0.00244140625,1.0,short_time,False
3,Smalltalk/Smalltalk.csv,Smalltalk,reverse-complement,False,10,10,0,10,1,21,30,0.0091552734375,0.0086212158203125,0.0169219970703125,90.66666666666667,0.0013105,0.0012942499999999998,0.0014320000000000001,10.5112552460893,7.48734397087714,1.1924102783203125e-05,0.18462699649396183,0.002471923828125,1.0,short_time,False
10,Smalltalk/Smalltalk.csv,Smalltalk,spectral-norm,False,10,10,0,10,1,91,100,0.009368896484375,0.0086212158203125,0.010345458984375,18.403908794788272,0.0012645,0.00102925,0.0013405000000000001,24.61447212336893,9.206869366007325,1.094122314453125e-05,0.18510398696568908,0.00244140625,1.0,short_time,False
4,Swift/Swift.csv,Swift,fannkuch-redux,False,10,10,0,0,1,31,40,288.10577392578125,287.04481506347656,289.47064208984375,0.84199181200447,6.69215,6.661315,6.7364325,1.122471851348224,42.99635636368719,1923.621647631836,0.7895355893641759,16.169158935546875,1.0,,True
7,Swift/Swift.csv,Swift,fasta,False,10,10,0,0,1,61,70,46.01702880859375,45.95307922363281,46.13313293457031,0.39127626359021833,1.407375,1.3946200000000002,1.4147349999999999,1.4292565947241964,32.73982560449535,64.69106465026854,0.7142871691301605,4.193572998046875,1.0,,True
5,Swift/Swift.csv,Swift,k-nucleotide,False,10,10,0,0,1,41,50,328.3214416503906,327.4051055908203,329.5467224121094,0.6522927075745296,8.48679,8.45935,8.524360000000001,0.7660140052952991,38.61072143486089,2785.6293306817624,0.7564423220006176,33.139678955078125,1.0,,True
6,Swift/Swift.csv,Swift,mandelbrot,False,10,10,0,0,1,51,60,83.833251953125,83.76373291015625,83.86166381835938,0.11681630608565995,1.7986499999999999,1.7978725,1.80269,0.267839768715421,46.60129342851825,150.809166506958,0.8096067724536248,4.383636474609375,1.0,,True
1,Swift/Swift.csv,Swift,n-body,False,10,10,0,0,1,1,10,117.06710815429688,115.50323486328125,117.18960571289062,1.4405163638164729,6.02639,6.025515,6.0270925,0.026176533546613933,19.41595901996763,705.3176083526612,0.5002545041107075,14.5592041015625,1.0,,True
3,Swift/Swift.csv,Swift,regex-redux,False,10,10,0,0,1,21,30,833.3706665039062,830.8721618652344,835.6483459472656,0.5731164143403243,41.7308,41.61205,41.8433,0.5541470568500861,19.976961320145218,34770.100585525506,0.5200866895546737,104.24923706054688,1.0,,True
2,Swift/Swift.csv,Swift,reverse-complement,False,10,10,0,0,1,11,20,11.949432373046875,11.874374389648438,12.080413818359375,1.7242612224466811,0.41029150000000003,0.41010425000000006,0.41064475,0.13173560748880828,29.176650229437143,4.934431656982422,0.6620255795080783,1.471527099609375,1.0,,True
8,Swift/Swift.csv,Swift,spectral-norm,False,10,10,0,0,1,71,80,43.644683837890625,43.624786376953125,43.656585693359375,0.0728595412086433,1.34525,1.34498,1.3455175,0.03995539862478034,32.45680282975839,58.71604026672364,0.7343949107866306,3.2510986328125,1.0,,True
2,TypeScript/TypeScript.csv,TypeScript,binary-trees,False,10,10,0,0,1,11,20,459.3439025878906,458.3076477050781,462.9505157470703,1.010760786381359,21.6419,21.624250000000004,21.679525,0.25540733484582306,21.214485727846814,9980.467179037476,0.5233020097234373,74.05801391601562,1.0,,True
4,TypeScript/TypeScript.csv,TypeScript,fannkuch-redux,False,10,10,0,0,1,31,40,10767.113891601562,10584.427139282227,10834.581008911133,2.3233140481965955,516.182,516.067,516.70975,0.12452003363154433,20.860962414489556,5557305.66957782,0.5271675844632935,1247.0568237304688,1.0,,True
5,TypeScript/TypeScript.csv,TypeScript,fasta,False,10,10,0,0,1,41,50,131.00283813476562,130.83555603027344,131.24124145507812,0.3096768211902017,6.9054,6.901435,6.907875,0.09326034697482488,18.969966002332498,905.251426546936,0.4997533833487519,17.2579345703125,1.0,,True
1,TypeScript/TypeScript.csv,TypeScript,n-body,False,10,10,0,0,1,1,10,128.14584350585938,127.99980163574219,128.33804321289062,0.26395048633237306,6.8562899999999996,6.8553725,6.8630325,0.11172222878554502,18.671121452059797,878.9088370742797,0.49529342778557633,16.571441650390625,1.0,,True
3,TypeScript/TypeScript.csv,TypeScript,regex-redux,False,10,10,0,0,1,21,30,38.729248046875,38.69190979003906,38.76727294921875,0.19458978157405366,1.995425,1.9952675,1.9961499999999999,0.04422616735782589,19.413344436777216,77.25457946014404,0.49646406881652916,5.466888427734375,1.0,,True
6,TypeScript/TypeScript.csv,TypeScript,spectral-norm,False,10,10,0,0,1,51,60,103.19064331054688,103.08543395996094,103.31570434570312,0.22315045081093327,5.74968,5.7491825,5.7506375,0.025305756146428743,17.94655845912017,593.5155420773315,0.46840395127480994,13.89715576171875,1.0,,True
