package_j,cpu_j,gpu_j,dram_j,time_ms,source,line,block,language,benchmark,variant,numeric_valid,issues,time_s
81.363037109375,42.128662109375,0.0,10.43768310546875,4319.69,Ada/Ada.csv,1,1,Ada,n-body,False,True,,4.31969
79.22509765625,41.4736328125,0.0,9.84332275390625,4074.52,Ada/Ada.csv,2,1,Ada,n-body,False,True,,4.07452
81.5,42.85400390625,0.0,9.8699951171875,4085.38,Ada/Ada.csv,3,1,Ada,n-body,False,True,,4.08538
83.1865234375,45.113037109375,0.0,9.87481689453125,4087.15,Ada/Ada.csv,4,1,Ada,n-body,False,True,,4.08715
79.40643310546875,41.5498046875,0.0,9.864990234375,4084.07,Ada/Ada.csv,5,1,Ada,n-body,False,True,,4.0840700000000005
79.44342041015625,41.57135009765625,0.00079345703125,9.86749267578125,4083.81,Ada/Ada.csv,6,1,Ada,n-body,False,True,,4.08381
86.7486572265625,48.45489501953125,0.0,9.88201904296875,4090.93,Ada/Ada.csv,7,1,Ada,n-body,False,True,,4.09093
79.4312744140625,41.60125732421875,0.0,9.867431640625,4084.15,Ada/Ada.csv,8,1,Ada,n-body,False,True,,4.08415
79.4141845703125,41.55938720703125,0.0,9.864990234375,4083.92,Ada/Ada.csv,9,1,Ada,n-body,False,True,,4.08392
79.43231201171875,41.57012939453125,0.0,9.867431640625,4083.99,Ada/Ada.csv,10,1,Ada,n-body,False,True,,4.08399
110.240966796875,82.88800048828125,0.0,9.90338134765625,2926.77,Ada/Ada.csv,11,2,Ada,binary-trees,False,True,,2.92677
109.97052001953125,83.134521484375,0.0,9.6162109375,2812.88,Ada/Ada.csv,12,2,Ada,binary-trees,False,True,,2.8128800000000003
110.921142578125,83.807861328125,0.0,9.7353515625,2841.55,Ada/Ada.csv,13,2,Ada,binary-trees,False,True,,2.8415500000000002
110.373291015625,83.46099853515625,0.0,9.60028076171875,2808.85,Ada/Ada.csv,14,2,Ada,binary-trees,False,True,,2.80885
110.86676025390625,83.80694580078125,0.0,9.75860595703125,2833.76,Ada/Ada.csv,15,2,Ada,binary-trees,False,True,,2.8337600000000003
110.28997802734375,83.486083984375,0.0,9.62066650390625,2800.3,Ada/Ada.csv,16,2,Ada,binary-trees,False,True,,2.8003
110.6693115234375,83.6763916015625,0.00103759765625,9.63848876953125,2816.9,Ada/Ada.csv,17,2,Ada,binary-trees,False,True,,2.8169
110.6190185546875,83.63763427734375,0.0,9.62103271484375,2819.56,Ada/Ada.csv,18,2,Ada,binary-trees,False,True,,2.81956
111.01092529296875,84.010498046875,0.0,9.62554931640625,2814.22,Ada/Ada.csv,19,2,Ada,binary-trees,False,True,,2.8142199999999997
111.9537353515625,84.571533203125,0.0,9.76385498046875,2840.14,Ada/Ada.csv,20,2,Ada,binary-trees,False,True,,2.84014
23.39306640625,7.33770751953125,0.0,5.19696044921875,2033.24,Ada/Ada.csv,21,3,Ada,reverse-complement,False,True,,2.03324
10.892578125,7.1654052734375,0.0,1.12982177734375,368.75,Ada/Ada.csv,22,3,Ada,reverse-complement,False,True,,0.36875
10.8480224609375,7.15057373046875,0.0,1.11505126953125,363.809,Ada/Ada.csv,23,3,Ada,reverse-complement,False,True,,0.36380900000000005
10.36041259765625,6.85711669921875,0.0,1.0972900390625,357.608,Ada/Ada.csv,24,3,Ada,reverse-complement,False,True,,0.357608
10.6844482421875,7.05682373046875,0.0,1.12835693359375,368.145,Ada/Ada.csv,25,3,Ada,reverse-complement,False,True,,0.368145
10.7060546875,7.0584716796875,0.0,1.136474609375,365.519,Ada/Ada.csv,26,3,Ada,reverse-complement,False,True,,0.365519
10.737548828125,7.0919189453125,0.0,1.11395263671875,361.986,Ada/Ada.csv,27,3,Ada,reverse-complement,False,True,,0.361986
10.70855712890625,7.08892822265625,0.0,1.10595703125,361.129,Ada/Ada.csv,28,3,Ada,reverse-complement,False,True,,0.36112900000000003
10.76336669921875,7.09796142578125,0.0,1.124755859375,364.482,Ada/Ada.csv,29,3,Ada,reverse-complement,False,True,,0.36448200000000003
10.69342041015625,7.05804443359375,0.0,1.11553955078125,364.341,Ada/Ada.csv,30,3,Ada,reverse-complement,False,True,,0.364341
184.006103515625,132.7950439453125,0.0,13.627685546875,5486.16,Ada/Ada.csv,31,4,Ada,regex-redux,False,True,,5.48616
181.4171142578125,133.4676513671875,0.0,12.4771728515625,5018.5,Ada/Ada.csv,32,4,Ada,regex-redux,False,True,,5.0185
179.96533203125,131.73956298828125,0.0,12.46826171875,5011.33,Ada/Ada.csv,33,4,Ada,regex-redux,False,True,,5.01133
185.2562255859375,135.38299560546875,0.001220703125,12.8778076171875,5187.29,Ada/Ada.csv,34,4,Ada,regex-redux,False,True,,5.18729
183.78509521484375,134.3260498046875,0.0,12.77874755859375,5142.82,Ada/Ada.csv,35,4,Ada,regex-redux,False,True,,5.1428199999999995
181.602783203125,133.369873046875,0.0,12.49237060546875,5026.41,Ada/Ada.csv,36,4,Ada,regex-redux,False,True,,5.02641
183.4036865234375,134.47216796875,0.0,12.62542724609375,5076.55,Ada/Ada.csv,37,4,Ada,regex-redux,False,True,,5.07655
184.2481689453125,133.66693115234375,0.0,12.94500732421875,5214.09,Ada/Ada.csv,38,4,Ada,regex-redux,False,True,,5.214090000000001
181.28106689453125,132.45849609375,0.0,12.54150390625,5043.66,Ada/Ada.csv,39,4,Ada,regex-redux,False,True,,5.04366
180.32037353515625,131.7554931640625,0.0,12.4197998046875,5004.0,Ada/Ada.csv,40,4,Ada,regex-redux,False,True,,5.004
305.5758056640625,240.08001708984375,0.0010986328125,17.90740966796875,7411.42,Ada/Ada.csv,41,5,Ada,fannkuch-redux,False,True,,7.41142
307.8428955078125,242.3394775390625,0.0,17.7303466796875,7338.62,Ada/Ada.csv,42,5,Ada,fannkuch-redux,False,True,,7.33862
309.382568359375,243.5804443359375,0.0,17.74462890625,7344.83,Ada/Ada.csv,43,5,Ada,fannkuch-redux,False,True,,7.34483
310.019287109375,244.13592529296875,0.0,17.73980712890625,7342.99,Ada/Ada.csv,44,5,Ada,fannkuch-redux,False,True,,7.3429899999999995
309.27423095703125,243.62078857421875,0.0,17.727783203125,7337.84,Ada/Ada.csv,45,5,Ada,fannkuch-redux,False,True,,7.33784
309.24102783203125,243.573974609375,0.0,17.73016357421875,7338.3,Ada/Ada.csv,46,5,Ada,fannkuch-redux,False,True,,7.3383
310.07476806640625,244.24365234375,0.00128173828125,17.7373046875,7341.95,Ada/Ada.csv,47,5,Ada,fannkuch-redux,False,True,,7.34195
309.93194580078125,244.1234130859375,0.0,17.7591552734375,7351.42,Ada/Ada.csv,48,5,Ada,fannkuch-redux,False,True,,7.35142
311.10955810546875,244.86614990234375,0.0,17.8487548828125,7387.35,Ada/Ada.csv,49,5,Ada,fannkuch-redux,False,True,,7.3873500000000005
313.17059326171875,246.65289306640625,0.0,17.7882080078125,7363.03,Ada/Ada.csv,50,5,Ada,fannkuch-redux,False,True,,7.36303
195.2840576171875,122.07208251953125,0.0,23.52117919921875,8071.91,Ada/Ada.csv,51,6,Ada,k-nucleotide,False,True,,8.071909999999999
183.355712890625,121.235107421875,0.0013427734375,19.68798828125,6484.06,Ada/Ada.csv,52,6,Ada,k-nucleotide,False,True,,6.48406
182.951416015625,120.09234619140625,0.0,19.86383056640625,6606.05,Ada/Ada.csv,53,6,Ada,k-nucleotide,False,True,,6.60605
176.67108154296875,116.948486328125,0.0,19.05133056640625,6292.04,Ada/Ada.csv,54,6,Ada,k-nucleotide,False,True,,6.29204
180.35675048828125,119.914794921875,0.0,19.49652099609375,6356.29,Ada/Ada.csv,55,6,Ada,k-nucleotide,False,True,,6.3562899999999996
180.13848876953125,119.0712890625,0.0,19.5340576171875,6430.7,Ada/Ada.csv,56,6,Ada,k-nucleotide,False,True,,6.4307
182.41900634765625,119.804931640625,0.0,19.75811767578125,6601.54,Ada/Ada.csv,57,6,Ada,k-nucleotide,False,True,,6.60154
181.4183349609375,120.279052734375,0.0,19.54229736328125,6429.96,Ada/Ada.csv,58,6,Ada,k-nucleotide,False,True,,6.42996
187.46343994140625,124.091064453125,0.00128173828125,20.12994384765625,6645.92,Ada/Ada.csv,59,6,Ada,k-nucleotide,False,True,,6.64592
197.38427734375,125.10369873046875,0.0,21.709716796875,7560.09,Ada/Ada.csv,60,6,Ada,k-nucleotide,False,True,,7.56009
116.9404296875,88.64300537109375,0.0,7.7955322265625,3217.28,Ada/Ada.csv,61,7,Ada,mandelbrot,False,True,,3.21728
117.5235595703125,89.4776611328125,0.0,7.69830322265625,3177.16,Ada/Ada.csv,62,7,Ada,mandelbrot,False,True,,3.1771599999999998
117.39227294921875,89.3197021484375,0.0,7.71661376953125,3183.47,Ada/Ada.csv,63,7,Ada,mandelbrot,False,True,,3.18347
117.32244873046875,89.28106689453125,0.0,7.70831298828125,3181.82,Ada/Ada.csv,64,7,Ada,mandelbrot,False,True,,3.18182
117.69561767578125,89.499755859375,0.0,7.7470703125,3194.48,Ada/Ada.csv,65,7,Ada,mandelbrot,False,True,,3.19448
117.7568359375,89.59368896484375,0.0,7.72540283203125,3188.39,Ada/Ada.csv,66,7,Ada,mandelbrot,False,True,,3.18839
117.94580078125,89.6898193359375,0.0010986328125,7.7427978515625,3194.6,Ada/Ada.csv,67,7,Ada,mandelbrot,False,True,,3.1946
118.4161376953125,89.9525146484375,0.0,7.76629638671875,3205.48,Ada/Ada.csv,68,7,Ada,mandelbrot,False,True,,3.20548
117.79779052734375,89.6500244140625,0.0,7.72979736328125,3187.78,Ada/Ada.csv,69,7,Ada,mandelbrot,False,True,,3.18778
117.98370361328125,89.84423828125,0.0,7.69635009765625,3176.07,Ada/Ada.csv,70,7,Ada,mandelbrot,False,True,,3.17607
11.7783203125,6.40325927734375,0.0,1.3978271484375,578.848,Ada/Ada.csv,71,8,Ada,pidigits,False,True,,0.5788479999999999
11.41748046875,6.28179931640625,0.0,1.3175048828125,544.694,Ada/Ada.csv,72,8,Ada,pidigits,False,True,,0.544694
11.4461669921875,6.2847900390625,0.0,1.32232666015625,547.445,Ada/Ada.csv,73,8,Ada,pidigits,False,True,,0.5474450000000001
11.595703125,6.40765380859375,0.0,1.3245849609375,548.042,Ada/Ada.csv,74,8,Ada,pidigits,False,True,,0.548042
11.43255615234375,6.29656982421875,0.0,1.31494140625,543.902,Ada/Ada.csv,75,8,Ada,pidigits,False,True,,0.543902
11.41278076171875,6.27740478515625,0.0,1.3126220703125,543.587,Ada/Ada.csv,76,8,Ada,pidigits,False,True,,0.543587
11.42138671875,6.293701171875,0.0,1.31488037109375,544.715,Ada/Ada.csv,77,8,Ada,pidigits,False,True,,0.5447150000000001
11.45263671875,6.30865478515625,0.0,1.3172607421875,544.954,Ada/Ada.csv,78,8,Ada,pidigits,False,True,,0.5449539999999999
11.40655517578125,6.27880859375,0.0,1.3125,543.667,Ada/Ada.csv,79,8,Ada,pidigits,False,True,,0.543667
11.4254150390625,6.30303955078125,0.0,1.3172607421875,544.886,Ada/Ada.csv,80,8,Ada,pidigits,False,True,,0.544886
59.1280517578125,30.953857421875,0.0,6.8189697265625,2794.52,Ada/Ada.csv,81,9,Ada,fasta,False,True,,2.79452
62.2501220703125,33.5841064453125,0.0,6.73272705078125,2757.87,Ada/Ada.csv,82,9,Ada,fasta,False,True,,2.75787
66.81378173828125,35.824951171875,0.0,6.790771484375,2782.38,Ada/Ada.csv,83,9,Ada,fasta,False,True,,2.7823800000000003
63.29229736328125,34.3983154296875,0.0,6.6639404296875,2729.52,Ada/Ada.csv,84,9,Ada,fasta,False,True,,2.72952
61.73736572265625,33.19891357421875,0.0,6.60675048828125,2706.68,Ada/Ada.csv,85,9,Ada,fasta,False,True,,2.70668
57.05621337890625,30.5205078125,0.00115966796875,6.45855712890625,2644.23,Ada/Ada.csv,86,9,Ada,fasta,False,True,,2.64423
62.65386962890625,33.58013916015625,0.0,6.660888671875,2728.41,Ada/Ada.csv,87,9,Ada,fasta,False,True,,2.72841
61.44580078125,32.99212646484375,0.0,6.62554931640625,2711.29,Ada/Ada.csv,88,9,Ada,fasta,False,True,,2.71129
62.2998046875,33.493896484375,0.0,6.71832275390625,2752.32,Ada/Ada.csv,89,9,Ada,fasta,False,True,,2.75232
64.2183837890625,34.60052490234375,0.0,6.67950439453125,2736.53,Ada/Ada.csv,90,9,Ada,fasta,False,True,,2.73653
32.1790771484375,24.486083984375,0.0,1.98895263671875,822.734,Ada/Ada.csv,91,10,Ada,spectral-norm,False,True,,0.8227340000000001
32.47979736328125,25.08856201171875,0.0,1.869873046875,773.67,Ada/Ada.csv,92,10,Ada,spectral-norm,False,True,,0.77367
32.550537109375,25.15606689453125,0.0,1.8673095703125,772.99,Ada/Ada.csv,93,10,Ada,spectral-norm,False,True,,0.77299
32.52520751953125,25.1339111328125,0.0,1.86724853515625,773.107,Ada/Ada.csv,94,10,Ada,spectral-norm,False,True,,0.773107
32.470458984375,25.094482421875,0.0,1.8671875,772.742,Ada/Ada.csv,95,10,Ada,spectral-norm,False,True,,0.7727419999999999
32.5718994140625,25.17181396484375,0.0,1.8671875,772.526,Ada/Ada.csv,96,10,Ada,spectral-norm,False,True,,0.7725259999999999
32.62237548828125,25.20947265625,0.0,1.8671875,772.524,Ada/Ada.csv,97,10,Ada,spectral-norm,False,True,,0.772524
32.58673095703125,25.1805419921875,0.0,1.8671875,772.701,Ada/Ada.csv,98,10,Ada,spectral-norm,False,True,,0.772701
32.5926513671875,25.194091796875,0.0,1.8671875,772.973,Ada/Ada.csv,99,10,Ada,spectral-norm,False,True,,0.7729729999999999
32.58135986328125,25.19244384765625,0.0,1.8671875,772.776,Ada/Ada.csv,100,10,Ada,spectral-norm,False,True,,0.7727759999999999
84.27764892578125,44.05987548828125,0.0,10.37493896484375,4294.58,Ada/Ada.csv,102,11,Ada,n-body,False,True,,4.29458
82.67572021484375,43.4146728515625,0.0,10.10992431640625,4185.46,Ada/Ada.csv,103,11,Ada,n-body,False,True,,4.18546
79.66290283203125,41.7181396484375,0.0,9.8702392578125,4085.27,Ada/Ada.csv,104,11,Ada,n-body,False,True,,4.08527
79.56878662109375,41.70404052734375,0.0,9.87005615234375,4085.55,Ada/Ada.csv,105,11,Ada,n-body,False,True,,4.0855500000000005
79.5780029296875,41.66326904296875,0.0,9.87005615234375,4084.88,Ada/Ada.csv,106,11,Ada,n-body,False,True,,4.08488
79.55389404296875,41.6798095703125,0.0,9.875,4087.47,Ada/Ada.csv,107,11,Ada,n-body,False,True,,4.08747
79.58660888671875,41.663818359375,0.0,9.86749267578125,4084.4,Ada/Ada.csv,108,11,Ada,n-body,False,True,,4.0844000000000005
79.51190185546875,41.6611328125,0.0,9.86993408203125,4085.16,Ada/Ada.csv,109,11,Ada,n-body,False,True,,4.08516
79.5343017578125,41.6376953125,0.0,9.86749267578125,4084.5,Ada/Ada.csv,110,11,Ada,n-body,False,True,,4.0845
79.51361083984375,41.65728759765625,0.00103759765625,9.8699951171875,4085.41,Ada/Ada.csv,111,11,Ada,n-body,False,True,,4.0854099999999995
112.4541015625,84.97357177734375,0.0,9.725830078125,2852.78,Ada/Ada.csv,112,12,Ada,binary-trees,False,True,,2.85278
112.575439453125,85.28912353515625,0.0,9.76727294921875,2821.71,Ada/Ada.csv,113,12,Ada,binary-trees,False,True,,2.82171
112.4488525390625,85.0955810546875,0.0,9.633544921875,2813.05,Ada/Ada.csv,114,12,Ada,binary-trees,False,True,,2.81305
113.15740966796875,85.664306640625,0.0,9.6094970703125,2804.93,Ada/Ada.csv,115,12,Ada,binary-trees,False,True,,2.8049299999999997
113.04833984375,85.6431884765625,0.0,9.75860595703125,2825.57,Ada/Ada.csv,116,12,Ada,binary-trees,False,True,,2.8255700000000004
112.2457275390625,84.91668701171875,0.0,9.6748046875,2824.72,Ada/Ada.csv,117,12,Ada,binary-trees,False,True,,2.8247199999999997
112.31573486328125,85.15167236328125,0.0,9.66552734375,2811.26,Ada/Ada.csv,118,12,Ada,binary-trees,False,True,,2.8112600000000003
112.80517578125,85.3780517578125,0.0,9.68206787109375,2833.98,Ada/Ada.csv,119,12,Ada,binary-trees,False,True,,2.83398
112.74383544921875,85.46746826171875,0.0,9.64056396484375,2808.87,Ada/Ada.csv,120,12,Ada,binary-trees,False,True,,2.8088699999999998
113.627685546875,86.0682373046875,0.0,9.665771484375,2826.35,Ada/Ada.csv,121,12,Ada,binary-trees,False,True,,2.8263499999999997
21.82147216796875,8.20806884765625,0.00140380859375,3.87579345703125,1482.06,Ada/Ada.csv,122,13,Ada,reverse-complement,False,True,,1.48206
11.06939697265625,7.2869873046875,0.0,1.14013671875,373.61,Ada/Ada.csv,123,13,Ada,reverse-complement,False,True,,0.37361
10.99444580078125,7.25799560546875,0.0,1.12677001953125,365.092,Ada/Ada.csv,124,13,Ada,reverse-complement,False,True,,0.36509199999999997
10.496826171875,6.95574951171875,0.0,1.1209716796875,361.39,Ada/Ada.csv,125,13,Ada,reverse-complement,False,True,,0.36139
10.6925048828125,7.05615234375,0.0,1.1243896484375,364.944,Ada/Ada.csv,126,13,Ada,reverse-complement,False,True,,0.364944
10.949951171875,7.22308349609375,0.0,1.13336181640625,368.166,Ada/Ada.csv,127,13,Ada,reverse-complement,False,True,,0.368166
10.95855712890625,7.2274169921875,0.0,1.13031005859375,368.337,Ada/Ada.csv,128,13,Ada,reverse-complement,False,True,,0.36833699999999997
10.90704345703125,7.21112060546875,0.0,1.123291015625,365.652,Ada/Ada.csv,129,13,Ada,reverse-complement,False,True,,0.365652
10.57574462890625,7.0018310546875,0.0,1.112060546875,360.598,Ada/Ada.csv,130,13,Ada,reverse-complement,False,True,,0.36059800000000003
10.91802978515625,7.19866943359375,0.0,1.13189697265625,366.179,Ada/Ada.csv,131,13,Ada,reverse-complement,False,True,,0.366179
186.9049072265625,135.17291259765625,0.0,13.48211669921875,5428.36,Ada/Ada.csv,132,14,Ada,regex-redux,False,True,,5.42836
184.672119140625,134.6107177734375,0.0,12.8660888671875,5176.27,Ada/Ada.csv,133,14,Ada,regex-redux,False,True,,5.176270000000001
186.2327880859375,136.61492919921875,0.0,12.7171630859375,5114.25,Ada/Ada.csv,134,14,Ada,regex-redux,False,True,,5.11425
185.1280517578125,135.38165283203125,0.0,12.73504638671875,5128.98,Ada/Ada.csv,135,14,Ada,regex-redux,False,True,,5.128979999999999
183.8330078125,134.3514404296875,0.0,12.66522216796875,5096.66,Ada/Ada.csv,136,14,Ada,regex-redux,False,True,,5.09666
186.6966552734375,136.83587646484375,0.0,12.738037109375,5122.24,Ada/Ada.csv,137,14,Ada,regex-redux,False,True,,5.12224
185.3175048828125,136.52313232421875,0.0013427734375,12.53399658203125,5039.38,Ada/Ada.csv,138,14,Ada,regex-redux,False,True,,5.03938
187.5999755859375,138.15673828125,0.0,12.5396728515625,5045.06,Ada/Ada.csv,139,14,Ada,regex-redux,False,True,,5.04506
180.3345947265625,133.207275390625,0.0,12.02935791015625,4833.8,Ada/Ada.csv,140,14,Ada,regex-redux,False,True,,4.8338
187.344482421875,137.25384521484375,0.0,12.7838134765625,5147.52,Ada/Ada.csv,141,14,Ada,regex-redux,False,True,,5.14752
308.89105224609375,242.9031982421875,0.0,17.83251953125,7380.63,Ada/Ada.csv,142,15,Ada,fannkuch-redux,False,True,,7.38063
312.28759765625,245.87396240234375,0.0,17.78131103515625,7360.35,Ada/Ada.csv,143,15,Ada,fannkuch-redux,False,True,,7.36035
312.73504638671875,246.42864990234375,0.00128173828125,17.73992919921875,7342.87,Ada/Ada.csv,144,15,Ada,fannkuch-redux,False,True,,7.34287
312.40277099609375,246.11590576171875,0.0,17.7569580078125,7349.39,Ada/Ada.csv,145,15,Ada,fannkuch-redux,False,True,,7.3493900000000005
312.464111328125,246.14215087890625,0.0,17.77642822265625,7358.16,Ada/Ada.csv,146,15,Ada,fannkuch-redux,False,True,,7.35816
315.70758056640625,248.7723388671875,0.0,17.84173583984375,7384.73,Ada/Ada.csv,147,15,Ada,fannkuch-redux,False,True,,7.384729999999999
315.4573974609375,248.5386962890625,0.0,17.802978515625,7369.22,Ada/Ada.csv,148,15,Ada,fannkuch-redux,False,True,,7.36922
315.05694580078125,248.22882080078125,0.0,17.77874755859375,7358.18,Ada/Ada.csv,149,15,Ada,fannkuch-redux,False,True,,7.35818
314.86541748046875,248.237060546875,0.0013427734375,17.7303466796875,7339.45,Ada/Ada.csv,150,15,Ada,fannkuch-redux,False,True,,7.33945
314.74365234375,248.1942138671875,0.0,17.71820068359375,7333.51,Ada/Ada.csv,151,15,Ada,fannkuch-redux,False,True,,7.33351
203.8209228515625,128.56768798828125,0.0,24.7298583984375,8085.99,Ada/Ada.csv,152,16,Ada,k-nucleotide,False,True,,8.085989999999999
213.9918212890625,136.5107421875,0.0,24.29656982421875,8105.45,Ada/Ada.csv,153,16,Ada,k-nucleotide,False,True,,8.10545
194.137939453125,127.3292236328125,0.0,21.95391845703125,6988.88,Ada/Ada.csv,154,16,Ada,k-nucleotide,False,True,,6.98888
195.5596923828125,127.4715576171875,0.001220703125,22.1663818359375,7135.38,Ada/Ada.csv,155,16,Ada,k-nucleotide,False,True,,7.1353800000000005
199.21966552734375,130.54205322265625,0.0,22.4224853515625,7215.11,Ada/Ada.csv,156,16,Ada,k-nucleotide,False,True,,7.215109999999999
179.790771484375,119.50311279296875,0.0,19.5205078125,6359.62,Ada/Ada.csv,157,16,Ada,k-nucleotide,False,True,,6.35962
197.749267578125,129.76495361328125,0.0,22.2247314453125,7110.9,Ada/Ada.csv,158,16,Ada,k-nucleotide,False,True,,7.1109
195.0567626953125,128.555419921875,0.0,22.04608154296875,6989.15,Ada/Ada.csv,159,16,Ada,k-nucleotide,False,True,,6.9891499999999995
192.98577880859375,127.54510498046875,0.0,21.70892333984375,6898.58,Ada/Ada.csv,160,16,Ada,k-nucleotide,False,True,,6.89858
184.2254638671875,120.73529052734375,0.001220703125,20.251220703125,6710.05,Ada/Ada.csv,161,16,Ada,k-nucleotide,False,True,,6.71005
117.77764892578125,89.4010009765625,0.0,7.801025390625,3219.78,Ada/Ada.csv,162,17,Ada,mandelbrot,False,True,,3.21978
117.48858642578125,89.46258544921875,0.0,7.70965576171875,3181.38,Ada/Ada.csv,163,17,Ada,mandelbrot,False,True,,3.1813800000000003
118.04736328125,89.7674560546875,0.0,7.75030517578125,3198.28,Ada/Ada.csv,164,17,Ada,mandelbrot,False,True,,3.19828
118.1556396484375,89.8875732421875,0.0,7.74810791015625,3197.05,Ada/Ada.csv,165,17,Ada,mandelbrot,False,True,,3.1970500000000004
118.03271484375,89.87701416015625,0.0,7.7120361328125,3182.17,Ada/Ada.csv,166,17,Ada,mandelbrot,False,True,,3.18217
117.92938232421875,89.83349609375,0.0,7.7020263671875,3178.28,Ada/Ada.csv,167,17,Ada,mandelbrot,False,True,,3.17828
118.15777587890625,89.989501953125,0.0,7.71160888671875,3181.87,Ada/Ada.csv,168,17,Ada,mandelbrot,False,True,,3.18187
118.23248291015625,89.94464111328125,0.0,7.75018310546875,3198.64,Ada/Ada.csv,169,17,Ada,mandelbrot,False,True,,3.1986399999999997
118.31280517578125,90.152099609375,0.0,7.69677734375,3176.61,Ada/Ada.csv,170,17,Ada,mandelbrot,False,True,,3.17661
118.361328125,89.99713134765625,0.0,7.77850341796875,3207.42,Ada/Ada.csv,171,17,Ada,mandelbrot,False,True,,3.20742
12.22906494140625,6.58935546875,0.00115966796875,1.46337890625,605.157,Ada/Ada.csv,172,18,Ada,pidigits,False,True,,0.6051570000000001
11.62176513671875,6.44024658203125,0.0,1.32733154296875,548.798,Ada/Ada.csv,173,18,Ada,pidigits,False,True,,0.548798
11.45672607421875,6.31781005859375,0.0,1.31500244140625,544.3,Ada/Ada.csv,174,18,Ada,pidigits,False,True,,0.5443
11.59619140625,6.4150390625,0.0,1.31976318359375,546.702,Ada/Ada.csv,175,18,Ada,pidigits,False,True,,0.546702
11.56256103515625,6.396728515625,0.0,1.32464599609375,548.133,Ada/Ada.csv,176,18,Ada,pidigits,False,True,,0.5481330000000001
11.5201416015625,6.3583984375,0.0,1.31732177734375,544.964,Ada/Ada.csv,177,18,Ada,pidigits,False,True,,0.544964
11.5093994140625,6.35064697265625,0.0,1.3173828125,545.7,Ada/Ada.csv,178,18,Ada,pidigits,False,True,,0.5457000000000001
11.7991943359375,6.5401611328125,0.0,1.32220458984375,546.727,Ada/Ada.csv,179,18,Ada,pidigits,False,True,,0.546727
11.610595703125,6.424560546875,0.0,1.3197021484375,546.652,Ada/Ada.csv,180,18,Ada,pidigits,False,True,,0.546652
11.45611572265625,6.321044921875,0.0,1.31500244140625,544.329,Ada/Ada.csv,181,18,Ada,pidigits,False,True,,0.544329
63.46014404296875,33.69036865234375,0.0,6.88262939453125,2819.79,Ada/Ada.csv,182,19,Ada,fasta,False,True,,2.81979
61.18780517578125,32.823974609375,0.0,6.6873779296875,2739.45,Ada/Ada.csv,183,19,Ada,fasta,False,True,,2.7394499999999997
62.3936767578125,33.4952392578125,0.0,6.7337646484375,2758.82,Ada/Ada.csv,184,19,Ada,fasta,False,True,,2.75882
63.054443359375,33.9339599609375,0.0,6.83203125,2798.97,Ada/Ada.csv,185,19,Ada,fasta,False,True,,2.7989699999999997
63.3404541015625,34.0076904296875,0.0,6.78399658203125,2779.69,Ada/Ada.csv,186,19,Ada,fasta,False,True,,2.77969
62.465087890625,33.5118408203125,0.0,6.65826416015625,2726.73,Ada/Ada.csv,187,19,Ada,fasta,False,True,,2.72673
63.228271484375,33.88568115234375,0.0,6.7734375,2774.12,Ada/Ada.csv,188,19,Ada,fasta,False,True,,2.77412
64.23040771484375,34.67730712890625,0.0,6.8035888671875,2787.38,Ada/Ada.csv,189,19,Ada,fasta,False,True,,2.78738
61.8037109375,33.13287353515625,0.0,6.6485595703125,2723.92,Ada/Ada.csv,190,19,Ada,fasta,False,True,,2.72392
63.2423095703125,33.92724609375,0.0,6.67852783203125,2734.79,Ada/Ada.csv,191,19,Ada,fasta,False,True,,2.73479
32.49713134765625,25.00439453125,0.0,1.90936279296875,790.627,Ada/Ada.csv,192,20,Ada,spectral-norm,False,True,,0.790627
32.50970458984375,25.11572265625,0.0,1.86749267578125,772.549,Ada/Ada.csv,193,20,Ada,spectral-norm,False,True,,0.7725489999999999
32.608154296875,25.19000244140625,0.0,1.869873046875,773.382,Ada/Ada.csv,194,20,Ada,spectral-norm,False,True,,0.7733819999999999
32.59759521484375,25.1998291015625,0.0,1.86749267578125,773.231,Ada/Ada.csv,195,20,Ada,spectral-norm,False,True,,0.773231
32.48443603515625,25.105224609375,0.0,1.8697509765625,773.828,Ada/Ada.csv,196,20,Ada,spectral-norm,False,True,,0.773828
32.6097412109375,25.2086181640625,0.0,1.86724853515625,772.679,Ada/Ada.csv,197,20,Ada,spectral-norm,False,True,,0.772679
32.6202392578125,25.2149658203125,0.0,1.86737060546875,772.837,Ada/Ada.csv,198,20,Ada,spectral-norm,False,True,,0.772837
32.490478515625,25.113037109375,0.0,1.86993408203125,772.987,Ada/Ada.csv,199,20,Ada,spectral-norm,False,True,,0.772987
32.62353515625,25.22802734375,0.0,1.8673095703125,773.641,Ada/Ada.csv,200,20,Ada,spectral-norm,False,True,,0.7736409999999999
32.64715576171875,25.2247314453125,0.0,1.86962890625,773.255,Ada/Ada.csv,201,20,Ada,spectral-norm,False,True,,0.773255
81.363037109375,42.128662109375,0.0,10.43768310546875,4319.69,Ada/xAda.csv,1,1,Ada,n-body,True,True,,4.31969
79.22509765625,41.4736328125,0.0,9.84332275390625,4074.52,Ada/xAda.csv,2,1,Ada,n-body,True,True,,4.07452
81.5,42.85400390625,0.0,9.8699951171875,4085.38,Ada/xAda.csv,3,1,Ada,n-body,True,True,,4.08538
83.1865234375,45.113037109375,0.0,9.87481689453125,4087.15,Ada/xAda.csv,4,1,Ada,n-body,True,True,,4.08715
79.40643310546875,41.5498046875,0.0,9.864990234375,4084.07,Ada/xAda.csv,5,1,Ada,n-body,True,True,,4.0840700000000005
79.44342041015625,41.57135009765625,0.00079345703125,9.86749267578125,4083.81,Ada/xAda.csv,6,1,Ada,n-body,True,True,,4.08381
86.7486572265625,48.45489501953125,0.0,9.88201904296875,4090.93,Ada/xAda.csv,7,1,Ada,n-body,True,True,,4.09093
79.4312744140625,41.60125732421875,0.0,9.867431640625,4084.15,Ada/xAda.csv,8,1,Ada,n-body,True,True,,4.08415
79.4141845703125,41.55938720703125,0.0,9.864990234375,4083.92,Ada/xAda.csv,9,1,Ada,n-body,True,True,,4.08392
79.43231201171875,41.57012939453125,0.0,9.867431640625,4083.99,Ada/xAda.csv,10,1,Ada,n-body,True,True,,4.08399
110.240966796875,82.88800048828125,0.0,9.90338134765625,2926.77,Ada/xAda.csv,11,2,Ada,binary-trees,True,True,,2.92677
109.97052001953125,83.134521484375,0.0,9.6162109375,2812.88,Ada/xAda.csv,12,2,Ada,binary-trees,True,True,,2.8128800000000003
110.921142578125,83.807861328125,0.0,9.7353515625,2841.55,Ada/xAda.csv,13,2,Ada,binary-trees,True,True,,2.8415500000000002
110.373291015625,83.46099853515625,0.0,9.60028076171875,2808.85,Ada/xAda.csv,14,2,Ada,binary-trees,True,True,,2.80885
110.86676025390625,83.80694580078125,0.0,9.75860595703125,2833.76,Ada/xAda.csv,15,2,Ada,binary-trees,True,True,,2.8337600000000003
110.28997802734375,83.486083984375,0.0,9.62066650390625,2800.3,Ada/xAda.csv,16,2,Ada,binary-trees,True,True,,2.8003
110.6693115234375,83.6763916015625,0.00103759765625,9.63848876953125,2816.9,Ada/xAda.csv,17,2,Ada,binary-trees,True,True,,2.8169
110.6190185546875,83.63763427734375,0.0,9.62103271484375,2819.56,Ada/xAda.csv,18,2,Ada,binary-trees,True,True,,2.81956
111.01092529296875,84.010498046875,0.0,9.62554931640625,2814.22,Ada/xAda.csv,19,2,Ada,binary-trees,True,True,,2.8142199999999997
111.9537353515625,84.571533203125,0.0,9.76385498046875,2840.14,Ada/xAda.csv,20,2,Ada,binary-trees,True,True,,2.84014
23.39306640625,7.33770751953125,0.0,5.19696044921875,2033.24,Ada/xAda.csv,21,3,Ada,reverse-complement,True,True,,2.03324
10.892578125,7.1654052734375,0.0,1.12982177734375,368.75,Ada/xAda.csv,22,3,Ada,reverse-complement,True,True,,0.36875
10.8480224609375,7.15057373046875,0.0,1.11505126953125,363.809,Ada/xAda.csv,23,3,Ada,reverse-complement,True,True,,0.36380900000000005
10.36041259765625,6.85711669921875,0.0,1.0972900390625,357.608,Ada/xAda.csv,24,3,Ada,reverse-complement,True,True,,0.357608
10.6844482421875,7.05682373046875,0.0,1.12835693359375,368.145,Ada/xAda.csv,25,3,Ada,reverse-complement,True,True,,0.368145
10.7060546875,7.0584716796875,0.0,1.136474609375,365.519,Ada/xAda.csv,26,3,Ada,reverse-complement,True,True,,0.365519
10.737548828125,7.0919189453125,0.0,1.11395263671875,361.986,Ada/xAda.csv,27,3,Ada,reverse-complement,True,True,,0.361986
10.70855712890625,7.08892822265625,0.0,1.10595703125,361.129,Ada/xAda.csv,28,3,Ada,reverse-complement,True,True,,0.36112900000000003
10.76336669921875,7.09796142578125,0.0,1.124755859375,364.482,Ada/xAda.csv,29,3,Ada,reverse-complement,True,True,,0.36448200000000003
10.69342041015625,7.05804443359375,0.0,1.11553955078125,364.341,Ada/xAda.csv,30,3,Ada,reverse-complement,True,True,,0.364341
184.006103515625,132.7950439453125,0.0,13.627685546875,5486.16,Ada/xAda.csv,31,4,Ada,regex-redux,True,True,,5.48616
181.4171142578125,133.4676513671875,0.0,12.4771728515625,5018.5,Ada/xAda.csv,32,4,Ada,regex-redux,True,True,,5.0185
179.96533203125,131.73956298828125,0.0,12.46826171875,5011.33,Ada/xAda.csv,33,4,Ada,regex-redux,True,True,,5.01133
185.2562255859375,135.38299560546875,0.001220703125,12.8778076171875,5187.29,Ada/xAda.csv,34,4,Ada,regex-redux,True,True,,5.18729
183.78509521484375,134.3260498046875,0.0,12.77874755859375,5142.82,Ada/xAda.csv,35,4,Ada,regex-redux,True,True,,5.1428199999999995
181.602783203125,133.369873046875,0.0,12.49237060546875,5026.41,Ada/xAda.csv,36,4,Ada,regex-redux,True,True,,5.02641
183.4036865234375,134.47216796875,0.0,12.62542724609375,5076.55,Ada/xAda.csv,37,4,Ada,regex-redux,True,True,,5.07655
184.2481689453125,133.66693115234375,0.0,12.94500732421875,5214.09,Ada/xAda.csv,38,4,Ada,regex-redux,True,True,,5.214090000000001
181.28106689453125,132.45849609375,0.0,12.54150390625,5043.66,Ada/xAda.csv,39,4,Ada,regex-redux,True,True,,5.04366
180.32037353515625,131.7554931640625,0.0,12.4197998046875,5004.0,Ada/xAda.csv,40,4,Ada,regex-redux,True,True,,5.004
305.5758056640625,240.08001708984375,0.0010986328125,17.90740966796875,7411.42,Ada/xAda.csv,41,5,Ada,fannkuch-redux,True,True,,7.41142
307.8428955078125,242.3394775390625,0.0,17.7303466796875,7338.62,Ada/xAda.csv,42,5,Ada,fannkuch-redux,True,True,,7.33862
309.382568359375,243.5804443359375,0.0,17.74462890625,7344.83,Ada/xAda.csv,43,5,Ada,fannkuch-redux,True,True,,7.34483
310.019287109375,244.13592529296875,0.0,17.73980712890625,7342.99,Ada/xAda.csv,44,5,Ada,fannkuch-redux,True,True,,7.3429899999999995
309.27423095703125,243.62078857421875,0.0,17.727783203125,7337.84,Ada/xAda.csv,45,5,Ada,fannkuch-redux,True,True,,7.33784
309.24102783203125,243.573974609375,0.0,17.73016357421875,7338.3,Ada/xAda.csv,46,5,Ada,fannkuch-redux,True,True,,7.3383
310.07476806640625,244.24365234375,0.00128173828125,17.7373046875,7341.95,Ada/xAda.csv,47,5,Ada,fannkuch-redux,True,True,,7.34195
309.93194580078125,244.1234130859375,0.0,17.7591552734375,7351.42,Ada/xAda.csv,48,5,Ada,fannkuch-redux,True,True,,7.35142
311.10955810546875,244.86614990234375,0.0,17.8487548828125,7387.35,Ada/xAda.csv,49,5,Ada,fannkuch-redux,True,True,,7.3873500000000005
313.17059326171875,246.65289306640625,0.0,17.7882080078125,7363.03,Ada/xAda.csv,50,5,Ada,fannkuch-redux,True,True,,7.36303
195.2840576171875,122.07208251953125,0.0,23.52117919921875,8071.91,Ada/xAda.csv,51,6,Ada,k-nucleotide,True,True,,8.071909999999999
183.355712890625,121.235107421875,0.0013427734375,19.68798828125,6484.06,Ada/xAda.csv,52,6,Ada,k-nucleotide,True,True,,6.48406
182.951416015625,120.09234619140625,0.0,19.86383056640625,6606.05,Ada/xAda.csv,53,6,Ada,k-nucleotide,True,True,,6.60605
176.67108154296875,116.948486328125,0.0,19.05133056640625,6292.04,Ada/xAda.csv,54,6,Ada,k-nucleotide,True,True,,6.29204
180.35675048828125,119.914794921875,0.0,19.49652099609375,6356.29,Ada/xAda.csv,55,6,Ada,k-nucleotide,True,True,,6.3562899999999996
180.13848876953125,119.0712890625,0.0,19.5340576171875,6430.7,Ada/xAda.csv,56,6,Ada,k-nucleotide,True,True,,6.4307
182.41900634765625,119.804931640625,0.0,19.75811767578125,6601.54,Ada/xAda.csv,57,6,Ada,k-nucleotide,True,True,,6.60154
181.4183349609375,120.279052734375,0.0,19.54229736328125,6429.96,Ada/xAda.csv,58,6,Ada,k-nucleotide,True,True,,6.42996
187.46343994140625,124.091064453125,0.00128173828125,20.12994384765625,6645.92,Ada/xAda.csv,59,6,Ada,k-nucleotide,True,True,,6.64592
197.38427734375,125.10369873046875,0.0,21.709716796875,7560.09,Ada/xAda.csv,60,6,Ada,k-nucleotide,True,True,,7.56009
116.9404296875,88.64300537109375,0.0,7.7955322265625,3217.28,Ada/xAda.csv,61,7,Ada,mandelbrot,True,True,,3.21728
117.5235595703125,89.4776611328125,0.0,7.69830322265625,3177.16,Ada/xAda.csv,62,7,Ada,mandelbrot,True,True,,3.1771599999999998
117.39227294921875,89.3197021484375,0.0,7.71661376953125,3183.47,Ada/xAda.csv,63,7,Ada,mandelbrot,True,True,,3.18347
117.32244873046875,89.28106689453125,0.0,7.70831298828125,3181.82,Ada/xAda.csv,64,7,Ada,mandelbrot,True,True,,3.18182
117.69561767578125,89.499755859375,0.0,7.7470703125,3194.48,Ada/xAda.csv,65,7,Ada,mandelbrot,True,True,,3.19448
117.7568359375,89.59368896484375,0.0,7.72540283203125,3188.39,Ada/xAda.csv,66,7,Ada,mandelbrot,True,True,,3.18839
117.94580078125,89.6898193359375,0.0010986328125,7.7427978515625,3194.6,Ada/xAda.csv,67,7,Ada,mandelbrot,True,True,,3.1946
118.4161376953125,89.9525146484375,0.0,7.76629638671875,3205.48,Ada/xAda.csv,68,7,Ada,mandelbrot,True,True,,3.20548
117.79779052734375,89.6500244140625,0.0,7.72979736328125,3187.78,Ada/xAda.csv,69,7,Ada,mandelbrot,True,True,,3.18778
117.98370361328125,89.84423828125,0.0,7.69635009765625,3176.07,Ada/xAda.csv,70,7,Ada,mandelbrot,True,True,,3.17607
11.7783203125,6.40325927734375,0.0,1.3978271484375,578.848,Ada/xAda.csv,71,8,Ada,pidigits,True,True,,0.5788479999999999
11.41748046875,6.28179931640625,0.0,1.3175048828125,544.694,Ada/xAda.csv,72,8,Ada,pidigits,True,True,,0.544694
11.4461669921875,6.2847900390625,0.0,1.32232666015625,547.445,Ada/xAda.csv,73,8,Ada,pidigits,True,True,,0.5474450000000001
11.595703125,6.40765380859375,0.0,1.3245849609375,548.042,Ada/xAda.csv,74,8,Ada,pidigits,True,True,,0.548042
11.43255615234375,6.29656982421875,0.0,1.31494140625,543.902,Ada/xAda.csv,75,8,Ada,pidigits,True,True,,0.543902
11.41278076171875,6.27740478515625,0.0,1.3126220703125,543.587,Ada/xAda.csv,76,8,Ada,pidigits,True,True,,0.543587
11.42138671875,6.293701171875,0.0,1.31488037109375,544.715,Ada/xAda.csv,77,8,Ada,pidigits,True,True,,0.5447150000000001
11.45263671875,6.30865478515625,0.0,1.3172607421875,544.954,Ada/xAda.csv,78,8,Ada,pidigits,True,True,,0.5449539999999999
11.40655517578125,6.27880859375,0.0,1.3125,543.667,Ada/xAda.csv,79,8,Ada,pidigits,True,True,,0.543667
11.4254150390625,6.30303955078125,0.0,1.3172607421875,544.886,Ada/xAda.csv,80,8,Ada,pidigits,True,True,,0.544886
59.1280517578125,30.953857421875,0.0,6.8189697265625,2794.52,Ada/xAda.csv,81,9,Ada,fasta,True,True,,2.79452
62.2501220703125,33.5841064453125,0.0,6.73272705078125,2757.87,Ada/xAda.csv,82,9,Ada,fasta,True,True,,2.75787
66.81378173828125,35.824951171875,0.0,6.790771484375,2782.38,Ada/xAda.csv,83,9,Ada,fasta,True,True,,2.7823800000000003
63.29229736328125,34.3983154296875,0.0,6.6639404296875,2729.52,Ada/xAda.csv,84,9,Ada,fasta,True,True,,2.72952
61.73736572265625,33.19891357421875,0.0,6.60675048828125,2706.68,Ada/xAda.csv,85,9,Ada,fasta,True,True,,2.70668
57.05621337890625,30.5205078125,0.00115966796875,6.45855712890625,2644.23,Ada/xAda.csv,86,9,Ada,fasta,True,True,,2.64423
62.65386962890625,33.58013916015625,0.0,6.660888671875,2728.41,Ada/xAda.csv,87,9,Ada,fasta,True,True,,2.72841
61.44580078125,32.99212646484375,0.0,6.62554931640625,2711.29,Ada/xAda.csv,88,9,Ada,fasta,True,True,,2.71129
62.2998046875,33.493896484375,0.0,6.71832275390625,2752.32,Ada/xAda.csv,89,9,Ada,fasta,True,True,,2.75232
64.2183837890625,34.60052490234375,0.0,6.67950439453125,2736.53,Ada/xAda.csv,90,9,Ada,fasta,True,True,,2.73653
32.1790771484375,24.486083984375,0.0,1.98895263671875,822.734,Ada/xAda.csv,91,10,Ada,spectral-norm,True,True,,0.8227340000000001
32.47979736328125,25.08856201171875,0.0,1.869873046875,773.67,Ada/xAda.csv,92,10,Ada,spectral-norm,True,True,,0.77367
32.550537109375,25.15606689453125,0.0,1.8673095703125,772.99,Ada/xAda.csv,93,10,Ada,spectral-norm,True,True,,0.77299
32.52520751953125,25.1339111328125,0.0,1.86724853515625,773.107,Ada/xAda.csv,94,10,Ada,spectral-norm,True,True,,0.773107
32.470458984375,25.094482421875,0.0,1.8671875,772.742,Ada/xAda.csv,95,10,Ada,spectral-norm,True,True,,0.7727419999999999
32.5718994140625,25.17181396484375,0.0,1.8671875,772.526,Ada/xAda.csv,96,10,Ada,spectral-norm,True,True,,0.7725259999999999
32.62237548828125,25.20947265625,0.0,1.8671875,772.524,Ada/xAda.csv,97,10,Ada,spectral-norm,True,True,,0.772524
32.58673095703125,25.1805419921875,0.0,1.8671875,772.701,Ada/xAda.csv,98,10,Ada,spectral-norm,True,True,,0.772701
32.5926513671875,25.194091796875,0.0,1.8671875,772.973,Ada/xAda.csv,99,10,Ada,spectral-norm,True,True,,0.7729729999999999
32.58135986328125,25.19244384765625,0.0,1.8671875,772.776,Ada/xAda.csv,100,10,Ada,spectral-norm,True,True,,0.7727759999999999
72.50823974609375,48.4859619140625,0.0,10.4893798828125,4303.42,C/C.csv,1,1,C,n-body,False,True,,4.30342
74.29400634765625,50.69232177734375,0.0,10.21063232421875,4189.86,C/C.csv,2,1,C,n-body,False,True,,4.1898599999999995
73.1611328125,49.53411865234375,0.0,10.2130126953125,4191.12,C/C.csv,3,1,C,n-body,False,True,,4.19112
76.00811767578125,52.4031982421875,0.0,10.21307373046875,4190.47,C/C.csv,4,1,C,n-body,False,True,,4.19047
72.031494140625,48.6956787109375,0.0,10.21307373046875,4190.33,C/C.csv,5,1,C,n-body,False,True,,4.19033
72.71368408203125,49.20989990234375,0.0,10.2032470703125,4186.76,C/C.csv,6,1,C,n-body,False,True,,4.1867600000000005
71.91668701171875,48.60894775390625,0.00042724609375,10.21551513671875,4191.23,C/C.csv,7,1,C,n-body,False,True,,4.191229999999999
71.891357421875,48.59649658203125,0.0,10.21539306640625,4191.49,C/C.csv,8,1,C,n-body,False,True,,4.19149
73.24072265625,49.57708740234375,0.0,10.21307373046875,4190.94,C/C.csv,9,1,C,n-body,False,True,,4.190939999999999
72.4490966796875,48.9879150390625,0.0,10.2130126953125,4190.97,C/C.csv,10,1,C,n-body,False,True,,4.19097
46.91162109375,35.819580078125,0.0,3.900146484375,1194.56,C/C.csv,11,2,C,binary-trees,False,True,,1.1945599999999998
46.886474609375,36.114990234375,0.0,3.72540283203125,1122.22,C/C.csv,12,2,C,binary-trees,False,True,,1.12222
46.91400146484375,36.12322998046875,0.0,3.7396240234375,1123.35,C/C.csv,13,2,C,binary-trees,False,True,,1.1233499999999998
46.59765625,35.95404052734375,0.0,3.7105712890625,1115.21,C/C.csv,14,2,C,binary-trees,False,True,,1.11521
46.734130859375,35.9844970703125,0.0,3.7435302734375,1128.76,C/C.csv,15,2,C,binary-trees,False,True,,1.12876
46.7698974609375,35.99993896484375,0.0,3.73333740234375,1124.48,C/C.csv,16,2,C,binary-trees,False,True,,1.12448
46.83880615234375,36.086181640625,0.0,3.7379150390625,1122.87,C/C.csv,17,2,C,binary-trees,False,True,,1.1228699999999998
46.86798095703125,36.06085205078125,0.0,3.76702880859375,1135.39,C/C.csv,18,2,C,binary-trees,False,True,,1.1353900000000001
47.14190673828125,36.29888916015625,0.0,3.74749755859375,1129.99,C/C.csv,19,2,C,binary-trees,False,True,,1.12999
46.98284912109375,36.18328857421875,0.0,3.73919677734375,1125.04,C/C.csv,20,2,C,binary-trees,False,True,,1.12504
20.72479248046875,6.17620849609375,0.0,5.39837646484375,2057.83,C/C.csv,21,3,C,reverse-complement,False,True,,2.05783
7.8507080078125,5.6473388671875,0.0,0.89031982421875,232.13,C/C.csv,22,3,C,reverse-complement,False,True,,0.23213
7.86981201171875,5.6650390625,0.0,0.88311767578125,230.469,C/C.csv,23,3,C,reverse-complement,False,True,,0.230469
7.70806884765625,5.56201171875,0.0,0.8681640625,224.899,C/C.csv,24,3,C,reverse-complement,False,True,,0.224899
7.84979248046875,5.65020751953125,0.0,0.8741455078125,226.562,C/C.csv,25,3,C,reverse-complement,False,True,,0.226562
7.93511962890625,5.71112060546875,0.0,0.8829345703125,230.976,C/C.csv,26,3,C,reverse-complement,False,True,,0.230976
7.6929931640625,5.5682373046875,0.0,0.86865234375,223.984,C/C.csv,27,3,C,reverse-complement,False,True,,0.22398400000000002
7.6695556640625,5.55133056640625,0.0,0.86578369140625,223.555,C/C.csv,28,3,C,reverse-complement,False,True,,0.223555
7.87646484375,5.6793212890625,0.0,0.87640380859375,227.035,C/C.csv,29,3,C,reverse-complement,False,True,,0.227035
7.839111328125,5.65057373046875,0.0,0.87335205078125,227.112,C/C.csv,30,3,C,reverse-complement,False,True,,0.227112
32.25445556640625,22.47955322265625,0.0,3.20245361328125,1199.66,C/C.csv,31,4,C,regex-redux,False,True,,1.1996600000000002
29.93353271484375,22.55145263671875,0.0,2.2225341796875,805.653,C/C.csv,32,4,C,regex-redux,False,True,,0.8056530000000001
29.97064208984375,22.5867919921875,0.0,2.22998046875,805.941,C/C.csv,33,4,C,regex-redux,False,True,,0.805941
30.00537109375,22.62908935546875,0.0,2.21875,802.904,C/C.csv,34,4,C,regex-redux,False,True,,0.802904
29.990234375,22.6064453125,0.0,2.2257080078125,806.42,C/C.csv,35,4,C,regex-redux,False,True,,0.8064199999999999
30.0302734375,22.63909912109375,0.0,2.22613525390625,805.228,C/C.csv,36,4,C,regex-redux,False,True,,0.8052279999999999
29.9461669921875,22.58673095703125,0.0,2.2176513671875,803.774,C/C.csv,37,4,C,regex-redux,False,True,,0.803774
30.099609375,22.68505859375,0.0,2.22418212890625,805.52,C/C.csv,38,4,C,regex-redux,False,True,,0.80552
29.975830078125,22.59320068359375,0.0,2.22137451171875,803.928,C/C.csv,39,4,C,regex-redux,False,True,,0.803928
30.01806640625,22.63494873046875,0.0,2.22467041015625,804.697,C/C.csv,40,4,C,regex-redux,False,True,,0.804697
252.57659912109375,196.92913818359375,0.0,15.02056884765625,6163.22,C/C.csv,41,5,C,fannkuch-redux,False,True,,6.16322
254.41497802734375,199.0140380859375,0.0,14.8226318359375,6082.14,C/C.csv,42,5,C,fannkuch-redux,False,True,,6.082140000000001
254.6707763671875,199.29486083984375,0.0,14.824951171875,6082.65,C/C.csv,43,5,C,fannkuch-redux,False,True,,6.082649999999999
256.6478271484375,200.94989013671875,0.0,14.77606201171875,6063.53,C/C.csv,44,5,C,fannkuch-redux,False,True,,6.06353
257.34771728515625,201.5081787109375,0.00115966796875,14.81756591796875,6079.72,C/C.csv,45,5,C,fannkuch-redux,False,True,,6.07972
257.83013916015625,201.901611328125,0.0,14.78338623046875,6066.14,C/C.csv,46,5,C,fannkuch-redux,False,True,,6.066140000000001
257.82550048828125,201.88934326171875,0.0,14.81024169921875,6076.96,C/C.csv,47,5,C,fannkuch-redux,False,True,,6.07696
257.56829833984375,201.6881103515625,0.0,14.822509765625,6082.04,C/C.csv,48,5,C,fannkuch-redux,False,True,,6.08204
259.183837890625,202.938720703125,0.0,14.86163330078125,6097.78,C/C.csv,49,5,C,fannkuch-redux,False,True,,6.097779999999999
258.65631103515625,202.61322021484375,0.0,14.8101806640625,6077.09,C/C.csv,50,5,C,fannkuch-redux,False,True,,6.07709
113.61077880859375,78.49591064453125,0.0,11.1749267578125,4207.46,C/C.csv,51,6,C,k-nucleotide,False,True,,4.20746
101.7093505859375,78.16705322265625,0.0010986328125,6.8907470703125,2523.79,C/C.csv,52,6,C,k-nucleotide,False,True,,2.52379
103.25897216796875,79.140380859375,0.0,7.10772705078125,2579.91,C/C.csv,53,6,C,k-nucleotide,False,True,,2.57991
108.5015869140625,82.07598876953125,0.0,8.15069580078125,2798.42,C/C.csv,54,6,C,k-nucleotide,False,True,,2.79842
107.083740234375,81.260009765625,0.0,7.72265625,2736.48,C/C.csv,55,6,C,k-nucleotide,False,True,,2.73648
111.67047119140625,83.87890625,0.0,8.81109619140625,2935.05,C/C.csv,56,6,C,k-nucleotide,False,True,,2.9350500000000004
108.64263916015625,82.083740234375,0.0,8.1300048828125,2820.54,C/C.csv,57,6,C,k-nucleotide,False,True,,2.82054
108.0137939453125,81.47430419921875,0.0,8.09716796875,2822.6,C/C.csv,58,6,C,k-nucleotide,False,True,,2.8226
110.1522216796875,82.9205322265625,0.0,8.45068359375,2891.99,C/C.csv,59,6,C,k-nucleotide,False,True,,2.89199
108.7784423828125,82.16650390625,0.0,8.07318115234375,2806.93,C/C.csv,60,6,C,k-nucleotide,False,True,,2.80693
1234.9310913085938,630.8067626953125,0.001953125,177.95001220703125,65596.3,C/C.csv,61,7,C,thread-ring,False,True,,65.5963
1245.7592163085938,635.2149047851562,0.00091552734375,182.637939453125,66305.4,C/C.csv,62,7,C,thread-ring,False,True,,66.30539999999999
1256.0560302734375,642.1394653320312,0.00177001953125,180.78466796875,67044.2,C/C.csv,63,7,C,thread-ring,False,True,,67.0442
1213.925048828125,622.3868408203125,0.00091552734375,174.236572265625,64733.7,C/C.csv,64,7,C,thread-ring,False,True,,64.7337
1241.8026733398438,634.3306274414062,0.0018310546875,178.62860107421875,66306.5,C/C.csv,65,7,C,thread-ring,False,True,,66.3065
1228.6223754882812,628.5589599609375,0.00091552734375,176.4300537109375,65600.1,C/C.csv,66,7,C,thread-ring,False,True,,65.60010000000001
1244.118408203125,635.76513671875,0.00177001953125,178.95611572265625,66433.1,C/C.csv,67,7,C,thread-ring,False,True,,66.43310000000001
1223.0669555664062,625.3477172851562,0.00091552734375,175.9652099609375,65290.5,C/C.csv,68,7,C,thread-ring,False,True,,65.2905
1254.1513671875,644.7785034179688,0.00189208984375,179.27789306640625,66577.6,C/C.csv,69,7,C,thread-ring,False,True,,66.5776
1232.559814453125,636.5498046875,0.00091552734375,175.8896484375,65323.1,C/C.csv,70,7,C,thread-ring,False,True,,65.3231
41.5684814453125,31.7344970703125,0.0,2.9920654296875,1224.74,C/C.csv,71,8,C,mandelbrot,False,True,,1.22474
41.8944091796875,32.55828857421875,0.0,2.7879638671875,1141.87,C/C.csv,72,8,C,mandelbrot,False,True,,1.14187
41.8924560546875,32.564697265625,0.0,2.78631591796875,1141.48,C/C.csv,73,8,C,mandelbrot,False,True,,1.14148
41.86761474609375,32.5579833984375,0.0,2.7872314453125,1141.18,C/C.csv,74,8,C,mandelbrot,False,True,,1.14118
41.90911865234375,32.5845947265625,0.0,2.786865234375,1141.54,C/C.csv,75,8,C,mandelbrot,False,True,,1.14154
41.9024658203125,32.5865478515625,0.0,2.786376953125,1141.73,C/C.csv,76,8,C,mandelbrot,False,True,,1.14173
41.99029541015625,32.647216796875,0.0,2.786865234375,1141.98,C/C.csv,77,8,C,mandelbrot,False,True,,1.14198
41.98773193359375,32.65545654296875,0.0,2.7874755859375,1141.1,C/C.csv,78,8,C,mandelbrot,False,True,,1.1411
42.051513671875,32.7054443359375,0.0,2.78704833984375,1141.68,C/C.csv,79,8,C,mandelbrot,False,True,,1.14168
41.96038818359375,32.62957763671875,0.0,2.786865234375,1141.37,C/C.csv,80,8,C,mandelbrot,False,True,,1.14137
11.33978271484375,5.62799072265625,0.0,1.60333251953125,663.913,C/C.csv,81,9,C,pidigits,False,True,,0.663913
11.30865478515625,6.22357177734375,0.0,1.32708740234375,549.085,C/C.csv,82,9,C,pidigits,False,True,,0.549085
11.22900390625,6.196044921875,0.0,1.31976318359375,546.651,C/C.csv,83,9,C,pidigits,False,True,,0.546651
11.09906005859375,6.08990478515625,0.0,1.3148193359375,543.863,C/C.csv,84,9,C,pidigits,False,True,,0.5438630000000001
11.25140380859375,6.2144775390625,0.0,1.322265625,547.478,C/C.csv,85,9,C,pidigits,False,True,,0.5474779999999999
11.54730224609375,6.40057373046875,0.0,1.3221435546875,547.635,C/C.csv,86,9,C,pidigits,False,True,,0.547635
11.0909423828125,6.095947265625,0.0,1.31732177734375,544.576,C/C.csv,87,9,C,pidigits,False,True,,0.5445760000000001
11.406982421875,6.30487060546875,0.0,1.31732177734375,545.539,C/C.csv,88,9,C,pidigits,False,True,,0.545539
11.3233642578125,6.26409912109375,0.0,1.32208251953125,547.524,C/C.csv,89,9,C,pidigits,False,True,,0.547524
11.13153076171875,6.125,0.0,1.3173828125,545.113,C/C.csv,90,9,C,pidigits,False,True,,0.5451130000000001
38.932373046875,28.4171142578125,0.0,3.01409912109375,1219.49,C/C.csv,91,10,C,fasta,False,True,,1.21949
32.65625,24.63153076171875,0.0,2.32269287109375,932.047,C/C.csv,92,10,C,fasta,False,True,,0.9320470000000001
31.85076904296875,24.03851318359375,0.0,2.2630615234375,908.456,C/C.csv,93,10,C,fasta,False,True,,0.908456
32.021240234375,24.17413330078125,0.0,2.2762451171875,912.624,C/C.csv,94,10,C,fasta,False,True,,0.912624
31.72625732421875,23.9580078125,0.0,2.25091552734375,902.837,C/C.csv,95,10,C,fasta,False,True,,0.902837
38.4608154296875,28.25244140625,0.0,2.880859375,1164.25,C/C.csv,96,10,C,fasta,False,True,,1.16425
33.1304931640625,24.93621826171875,0.0,2.36004638671875,948.213,C/C.csv,97,10,C,fasta,False,True,,0.948213
34.29107666015625,25.70721435546875,0.0,2.477294921875,997.367,C/C.csv,98,10,C,fasta,False,True,,0.997367
34.6331787109375,25.95574951171875,0.0,2.50860595703125,1008.81,C/C.csv,99,10,C,fasta,False,True,,1.00881
31.96173095703125,24.0867919921875,0.0,2.28179931640625,914.407,C/C.csv,100,10,C,fasta,False,True,,0.9144070000000001
23.1416015625,20.04705810546875,0.0,1.71728515625,710.393,C/C.csv,101,11,C,spectral-norm,False,True,,0.710393
22.81103515625,19.94476318359375,0.0,1.62261962890625,671.382,C/C.csv,102,11,C,spectral-norm,False,True,,0.6713819999999999
22.7779541015625,19.9200439453125,0.0,1.62005615234375,671.187,C/C.csv,103,11,C,spectral-norm,False,True,,0.671187
22.88037109375,20.01593017578125,0.0,1.62249755859375,671.475,C/C.csv,104,11,C,spectral-norm,False,True,,0.671475
22.95703125,20.08416748046875,0.0,1.6248779296875,671.929,C/C.csv,105,11,C,spectral-norm,False,True,,0.671929
22.88665771484375,20.01556396484375,0.0,1.6224365234375,672.21,C/C.csv,106,11,C,spectral-norm,False,True,,0.6722100000000001
22.97125244140625,20.093994140625,0.0,1.62493896484375,672.309,C/C.csv,107,11,C,spectral-norm,False,True,,0.6723089999999999
22.8721923828125,20.00469970703125,0.0,1.6224365234375,671.377,C/C.csv,108,11,C,spectral-norm,False,True,,0.671377
22.8880615234375,20.0185546875,0.0,1.62249755859375,671.642,C/C.csv,109,11,C,spectral-norm,False,True,,0.6716420000000001
22.93060302734375,20.05938720703125,0.0,1.622314453125,671.693,C/C.csv,110,11,C,spectral-norm,False,True,,0.671693
75.058837890625,50.54168701171875,0.0,10.27947998046875,4255.1,C/C.csv,111,12,C,n-body,False,True,,4.2551000000000005
74.872314453125,50.73260498046875,0.00054931640625,10.12420654296875,4190.56,C/C.csv,112,12,C,n-body,False,True,,4.1905600000000005
74.83404541015625,50.6954345703125,0.0,10.1217041015625,4189.55,C/C.csv,113,12,C,n-body,False,True,,4.1895500000000006
74.86822509765625,50.7186279296875,0.0,10.12652587890625,4190.89,C/C.csv,114,12,C,n-body,False,True,,4.1908900000000004
76.36700439453125,52.1107177734375,0.0,10.1265869140625,4191.87,C/C.csv,115,12,C,n-body,False,True,,4.19187
75.55218505859375,51.25726318359375,0.0,10.12408447265625,4190.77,C/C.csv,116,12,C,n-body,False,True,,4.1907700000000006
74.879638671875,50.75115966796875,0.0,10.12420654296875,4190.25,C/C.csv,117,12,C,n-body,False,True,,4.19025
74.79766845703125,50.68096923828125,0.0,10.11688232421875,4188.23,C/C.csv,118,12,C,n-body,False,True,,4.18823
74.82354736328125,50.7086181640625,0.0,10.1217041015625,4189.5,C/C.csv,119,12,C,n-body,False,True,,4.1895
74.90423583984375,50.7567138671875,0.0,10.13140869140625,4193.95,C/C.csv,120,12,C,n-body,False,True,,4.19395
47.71868896484375,36.6842041015625,0.0,3.96405029296875,1151.39,C/C.csv,121,13,C,binary-trees,False,True,,1.1513900000000001
47.8621826171875,36.95587158203125,0.0,3.81439208984375,1119.72,C/C.csv,122,13,C,binary-trees,False,True,,1.11972
47.61285400390625,36.7027587890625,0.0010986328125,3.781494140625,1123.16,C/C.csv,123,13,C,binary-trees,False,True,,1.1231600000000002
48.0831298828125,37.11297607421875,0.0,3.90106201171875,1120.22,C/C.csv,124,13,C,binary-trees,False,True,,1.12022
47.88348388671875,36.97235107421875,0.0,3.7713623046875,1119.21,C/C.csv,125,13,C,binary-trees,False,True,,1.11921
48.20745849609375,37.234375,0.0,3.76983642578125,1124.35,C/C.csv,126,13,C,binary-trees,False,True,,1.12435
47.98358154296875,37.0732421875,0.0,3.79473876953125,1119.38,C/C.csv,127,13,C,binary-trees,False,True,,1.11938
48.05023193359375,37.11224365234375,0.0,3.8338623046875,1120.04,C/C.csv,128,13,C,binary-trees,False,True,,1.12004
47.8624267578125,36.9052734375,0.0,3.77508544921875,1121.81,C/C.csv,129,13,C,binary-trees,False,True,,1.12181
48.03167724609375,37.11419677734375,0.0,3.85498046875,1119.09,C/C.csv,130,13,C,binary-trees,False,True,,1.11909
19.329345703125,6.64154052734375,0.0,4.06597900390625,1519.03,C/C.csv,131,14,C,reverse-complement,False,True,,1.5190299999999999
8.349609375,5.9954833984375,0.0,0.9130859375,241.848,C/C.csv,132,14,C,reverse-complement,False,True,,0.241848
8.05914306640625,5.8138427734375,0.0,0.8890380859375,233.107,C/C.csv,133,14,C,reverse-complement,False,True,,0.233107
7.95947265625,5.767333984375,0.0,0.88519287109375,231.395,C/C.csv,134,14,C,reverse-complement,False,True,,0.23139500000000002
7.88592529296875,5.6842041015625,0.0,0.88275146484375,230.254,C/C.csv,135,14,C,reverse-complement,False,True,,0.230254
8.065673828125,5.81451416015625,0.0,0.89404296875,235.244,C/C.csv,136,14,C,reverse-complement,False,True,,0.235244
8.0015869140625,5.76641845703125,0.0,0.88714599609375,232.593,C/C.csv,137,14,C,reverse-complement,False,True,,0.232593
8.21746826171875,5.9119873046875,0.0,0.893310546875,234.791,C/C.csv,138,14,C,reverse-complement,False,True,,0.234791
8.16082763671875,5.87078857421875,0.0,0.88946533203125,232.788,C/C.csv,139,14,C,reverse-complement,False,True,,0.23278800000000002
8.23651123046875,5.9259033203125,0.0,0.8935546875,234.277,C/C.csv,140,14,C,reverse-complement,False,True,,0.23427699999999999
32.41766357421875,22.95037841796875,0.0,2.977783203125,1116.83,C/C.csv,141,15,C,regex-redux,False,True,,1.11683
30.4656982421875,22.9893798828125,0.0,2.21484375,806.421,C/C.csv,142,15,C,regex-redux,False,True,,0.806421
30.39324951171875,22.92242431640625,0.0,2.20928955078125,804.994,C/C.csv,143,15,C,regex-redux,False,True,,0.804994
30.5643310546875,23.103515625,0.0,2.20697021484375,804.01,C/C.csv,144,15,C,regex-redux,False,True,,0.80401
30.4410400390625,22.98492431640625,0.0,2.20806884765625,804.513,C/C.csv,145,15,C,regex-redux,False,True,,0.804513
30.4237060546875,22.96063232421875,0.0,2.204345703125,804.036,C/C.csv,146,15,C,regex-redux,False,True,,0.804036
30.62347412109375,23.11834716796875,0.0,2.21026611328125,805.44,C/C.csv,147,15,C,regex-redux,False,True,,0.80544
30.48236083984375,22.99609375,0.0,2.204345703125,804.363,C/C.csv,148,15,C,regex-redux,False,True,,0.804363
30.4866943359375,23.00811767578125,0.0,2.20953369140625,805.607,C/C.csv,149,15,C,regex-redux,False,True,,0.805607
30.48614501953125,23.0120849609375,0.0,2.20794677734375,803.816,C/C.csv,150,15,C,regex-redux,False,True,,0.8038160000000001
259.98748779296875,203.46673583984375,0.0,14.841552734375,6143.23,C/C.csv,151,16,C,fannkuch-redux,False,True,,6.14323
259.2933349609375,203.03424072265625,0.00115966796875,14.766357421875,6111.8,C/C.csv,152,16,C,fannkuch-redux,False,True,,6.111800000000001
259.57806396484375,203.32733154296875,0.0,14.7127685546875,6090.15,C/C.csv,153,16,C,fannkuch-redux,False,True,,6.0901499999999995
259.322265625,203.11297607421875,0.0,14.7032470703125,6085.69,C/C.csv,154,16,C,fannkuch-redux,False,True,,6.08569
259.22900390625,203.0887451171875,0.0,14.676513671875,6075.32,C/C.csv,155,16,C,fannkuch-redux,False,True,,6.07532
260.287841796875,203.9505615234375,0.0,14.6717529296875,6072.62,C/C.csv,156,16,C,fannkuch-redux,False,True,,6.07262
261.68548583984375,205.1190185546875,0.0,14.6885986328125,6079.81,C/C.csv,157,16,C,fannkuch-redux,False,True,,6.07981
261.91302490234375,205.3143310546875,0.0,14.68621826171875,6078.45,C/C.csv,158,16,C,fannkuch-redux,False,True,,6.07845
261.96893310546875,205.38897705078125,0.00140380859375,14.671630859375,6073.3,C/C.csv,159,16,C,fannkuch-redux,False,True,,6.073300000000001
261.9049072265625,205.34130859375,0.0,14.69342041015625,6082.03,C/C.csv,160,16,C,fannkuch-redux,False,True,,6.08203
116.56964111328125,81.84246826171875,0.0,10.91717529296875,3937.01,C/C.csv,161,17,C,k-nucleotide,False,True,,3.9370100000000003
103.656005859375,79.486572265625,0.0,7.060791015625,2572.44,C/C.csv,162,17,C,k-nucleotide,False,True,,2.57244
109.94647216796875,83.09368896484375,0.0,8.2799072265625,2831.82,C/C.csv,163,17,C,k-nucleotide,False,True,,2.83182
110.98583984375,83.37725830078125,0.0,8.44952392578125,2909.35,C/C.csv,164,17,C,k-nucleotide,False,True,,2.90935
112.369384765625,84.3165283203125,0.0,8.76214599609375,2966.19,C/C.csv,165,17,C,k-nucleotide,False,True,,2.96619
109.14312744140625,82.27557373046875,0.0,8.092529296875,2836.09,C/C.csv,166,17,C,k-nucleotide,False,True,,2.83609
110.10662841796875,83.0093994140625,0.0,8.38848876953125,2861.18,C/C.csv,167,17,C,k-nucleotide,False,True,,2.86118
112.619873046875,84.4271240234375,0.0,8.92901611328125,2973.79,C/C.csv,168,17,C,k-nucleotide,False,True,,2.97379
106.652099609375,80.8006591796875,0.0,7.75897216796875,2741.25,C/C.csv,169,17,C,k-nucleotide,False,True,,2.74125
108.53936767578125,82.12847900390625,0.00128173828125,7.9976806640625,2805.18,C/C.csv,170,17,C,k-nucleotide,False,True,,2.80518
42.596435546875,32.97930908203125,0.0,2.84228515625,1163.0,C/C.csv,171,18,C,mandelbrot,False,True,,1.163
43.1297607421875,33.58538818359375,0.0,2.79571533203125,1142.42,C/C.csv,172,18,C,mandelbrot,False,True,,1.14242
43.33135986328125,33.74371337890625,0.0,2.79229736328125,1142.79,C/C.csv,173,18,C,mandelbrot,False,True,,1.14279
43.25115966796875,33.69000244140625,0.0,2.79180908203125,1141.97,C/C.csv,174,18,C,mandelbrot,False,True,,1.14197
43.338623046875,33.7568359375,0.0,2.7943115234375,1141.91,C/C.csv,175,18,C,mandelbrot,False,True,,1.14191
43.36846923828125,33.7763671875,0.0,2.7894287109375,1142.71,C/C.csv,176,18,C,mandelbrot,False,True,,1.1427100000000001
43.4271240234375,33.8167724609375,0.0,2.7906494140625,1142.96,C/C.csv,177,18,C,mandelbrot,False,True,,1.14296
43.4705810546875,33.84527587890625,0.0,2.79656982421875,1143.12,C/C.csv,178,18,C,mandelbrot,False,True,,1.14312
43.37652587890625,33.79278564453125,0.0,2.78668212890625,1142.09,C/C.csv,179,18,C,mandelbrot,False,True,,1.1420899999999998
43.521484375,33.896240234375,0.0,2.7901611328125,1142.98,C/C.csv,180,18,C,mandelbrot,False,True,,1.14298
11.81182861328125,6.3648681640625,0.0,1.4315185546875,592.323,C/C.csv,181,19,C,pidigits,False,True,,0.5923229999999999
11.49847412109375,6.36163330078125,0.0,1.31982421875,546.846,C/C.csv,182,19,C,pidigits,False,True,,0.546846
11.45123291015625,6.322021484375,0.0,1.3150634765625,544.43,C/C.csv,183,19,C,pidigits,False,True,,0.54443
11.73406982421875,6.49285888671875,0.0,1.32952880859375,549.694,C/C.csv,184,19,C,pidigits,False,True,,0.5496939999999999
11.45025634765625,6.3189697265625,0.0,1.31494140625,544.474,C/C.csv,185,19,C,pidigits,False,True,,0.544474
11.68121337890625,6.4669189453125,0.0,1.3270263671875,549.502,C/C.csv,186,19,C,pidigits,False,True,,0.5495019999999999
11.50439453125,6.34393310546875,0.0,1.32220458984375,546.589,C/C.csv,187,19,C,pidigits,False,True,,0.5465890000000001
11.54638671875,6.38433837890625,0.0,1.31732177734375,545.639,C/C.csv,188,19,C,pidigits,False,True,,0.545639
11.5430908203125,6.374755859375,0.0,1.31982421875,546.136,C/C.csv,189,19,C,pidigits,False,True,,0.546136
11.5279541015625,6.3741455078125,0.0,1.31976318359375,546.629,C/C.csv,190,19,C,pidigits,False,True,,0.546629
37.96807861328125,27.82232666015625,0.0,2.848388671875,1149.56,C/C.csv,191,20,C,fasta,False,True,,1.14956
33.44403076171875,25.2559814453125,0.0,2.32476806640625,933.286,C/C.csv,192,20,C,fasta,False,True,,0.933286
32.44134521484375,24.52215576171875,0.0,2.2489013671875,902.689,C/C.csv,193,20,C,fasta,False,True,,0.902689
35.8138427734375,26.7769775390625,0.0,2.53729248046875,1020.4,C/C.csv,194,20,C,fasta,False,True,,1.0204
33.46331787109375,25.27252197265625,0.0,2.32366943359375,933.799,C/C.csv,195,20,C,fasta,False,True,,0.9337989999999999
33.08697509765625,25.01092529296875,0.0,2.2935791015625,920.304,C/C.csv,196,20,C,fasta,False,True,,0.920304
34.70794677734375,25.97430419921875,0.0,2.4580078125,986.68,C/C.csv,197,20,C,fasta,False,True,,0.98668
33.33868408203125,25.19757080078125,0.0,2.30914306640625,927.218,C/C.csv,198,20,C,fasta,False,True,,0.927218
33.19683837890625,25.0882568359375,0.0,2.2978515625,922.017,C/C.csv,199,20,C,fasta,False,True,,0.9220170000000001
33.2884521484375,25.08551025390625,0.001220703125,2.32281494140625,932.503,C/C.csv,200,20,C,fasta,False,True,,0.9325030000000001
23.31683349609375,20.27923583984375,0.0,1.673828125,693.057,C/C.csv,201,21,C,spectral-norm,False,True,,0.693057
23.36199951171875,20.44720458984375,0.0,1.62274169921875,671.384,C/C.csv,202,21,C,spectral-norm,False,True,,0.671384
23.4039306640625,20.48321533203125,0.0,1.6251220703125,671.935,C/C.csv,203,21,C,spectral-norm,False,True,,0.671935
23.3958740234375,20.478271484375,0.0,1.62249755859375,671.625,C/C.csv,204,21,C,spectral-norm,False,True,,0.671625
23.325927734375,20.41387939453125,0.0,1.62017822265625,671.01,C/C.csv,205,21,C,spectral-norm,False,True,,0.67101
23.48834228515625,20.5615234375,0.0,1.625,672.373,C/C.csv,206,21,C,spectral-norm,False,True,,0.672373
23.4063720703125,20.48699951171875,0.0,1.6224365234375,671.678,C/C.csv,207,21,C,spectral-norm,False,True,,0.671678
23.35174560546875,20.43621826171875,0.0,1.62255859375,671.179,C/C.csv,208,21,C,spectral-norm,False,True,,0.671179
23.35162353515625,20.43255615234375,0.0,1.6224365234375,671.379,C/C.csv,209,21,C,spectral-norm,False,True,,0.6713790000000001
23.3905029296875,20.4710693359375,0.0,1.62255859375,672.122,C/C.csv,210,21,C,spectral-norm,False,True,,0.672122
72.50823974609375,48.4859619140625,0.0,10.4893798828125,4303.42,C/xC.csv,1,1,C,n-body,True,True,,4.30342
74.29400634765625,50.69232177734375,0.0,10.21063232421875,4189.86,C/xC.csv,2,1,C,n-body,True,True,,4.1898599999999995
73.1611328125,49.53411865234375,0.0,10.2130126953125,4191.12,C/xC.csv,3,1,C,n-body,True,True,,4.19112
76.00811767578125,52.4031982421875,0.0,10.21307373046875,4190.47,C/xC.csv,4,1,C,n-body,True,True,,4.19047
72.031494140625,48.6956787109375,0.0,10.21307373046875,4190.33,C/xC.csv,5,1,C,n-body,True,True,,4.19033
72.71368408203125,49.20989990234375,0.0,10.2032470703125,4186.76,C/xC.csv,6,1,C,n-body,True,True,,4.1867600000000005
71.91668701171875,48.60894775390625,0.00042724609375,10.21551513671875,4191.23,C/xC.csv,7,1,C,n-body,True,True,,4.191229999999999
71.891357421875,48.59649658203125,0.0,10.21539306640625,4191.49,C/xC.csv,8,1,C,n-body,True,True,,4.19149
73.24072265625,49.57708740234375,0.0,10.21307373046875,4190.94,C/xC.csv,9,1,C,n-body,True,True,,4.190939999999999
72.4490966796875,48.9879150390625,0.0,10.2130126953125,4190.97,C/xC.csv,10,1,C,n-body,True,True,,4.19097
46.91162109375,35.819580078125,0.0,3.900146484375,1194.56,C/xC.csv,11,2,C,binary-trees,True,True,,1.1945599999999998
46.886474609375,36.114990234375,0.0,3.72540283203125,1122.22,C/xC.csv,12,2,C,binary-trees,True,True,,1.12222
46.91400146484375,36.12322998046875,0.0,3.7396240234375,1123.35,C/xC.csv,13,2,C,binary-trees,True,True,,1.1233499999999998
46.59765625,35.95404052734375,0.0,3.7105712890625,1115.21,C/xC.csv,14,2,C,binary-trees,True,True,,1.11521
46.734130859375,35.9844970703125,0.0,3.7435302734375,1128.76,C/xC.csv,15,2,C,binary-trees,True,True,,1.12876
46.7698974609375,35.99993896484375,0.0,3.73333740234375,1124.48,C/xC.csv,16,2,C,binary-trees,True,True,,1.12448
46.83880615234375,36.086181640625,0.0,3.7379150390625,1122.87,C/xC.csv,17,2,C,binary-trees,True,True,,1.1228699999999998
46.86798095703125,36.06085205078125,0.0,3.76702880859375,1135.39,C/xC.csv,18,2,C,binary-trees,True,True,,1.1353900000000001
47.14190673828125,36.29888916015625,0.0,3.74749755859375,1129.99,C/xC.csv,19,2,C,binary-trees,True,True,,1.12999
46.98284912109375,36.18328857421875,0.0,3.73919677734375,1125.04,C/xC.csv,20,2,C,binary-trees,True,True,,1.12504
20.72479248046875,6.17620849609375,0.0,5.39837646484375,2057.83,C/xC.csv,21,3,C,reverse-complement,True,True,,2.05783
7.8507080078125,5.6473388671875,0.0,0.89031982421875,232.13,C/xC.csv,22,3,C,reverse-complement,True,True,,0.23213
7.86981201171875,5.6650390625,0.0,0.88311767578125,230.469,C/xC.csv,23,3,C,reverse-complement,True,True,,0.230469
7.70806884765625,5.56201171875,0.0,0.8681640625,224.899,C/xC.csv,24,3,C,reverse-complement,True,True,,0.224899
7.84979248046875,5.65020751953125,0.0,0.8741455078125,226.562,C/xC.csv,25,3,C,reverse-complement,True,True,,0.226562
7.93511962890625,5.71112060546875,0.0,0.8829345703125,230.976,C/xC.csv,26,3,C,reverse-complement,True,True,,0.230976
7.6929931640625,5.5682373046875,0.0,0.86865234375,223.984,C/xC.csv,27,3,C,reverse-complement,True,True,,0.22398400000000002
7.6695556640625,5.55133056640625,0.0,0.86578369140625,223.555,C/xC.csv,28,3,C,reverse-complement,True,True,,0.223555
7.87646484375,5.6793212890625,0.0,0.87640380859375,227.035,C/xC.csv,29,3,C,reverse-complement,True,True,,0.227035
7.839111328125,5.65057373046875,0.0,0.87335205078125,227.112,C/xC.csv,30,3,C,reverse-complement,True,True,,0.227112
32.25445556640625,22.47955322265625,0.0,3.20245361328125,1199.66,C/xC.csv,31,4,C,regex-redux,True,True,,1.1996600000000002
29.93353271484375,22.55145263671875,0.0,2.2225341796875,805.653,C/xC.csv,32,4,C,regex-redux,True,True,,0.8056530000000001
29.97064208984375,22.5867919921875,0.0,2.22998046875,805.941,C/xC.csv,33,4,C,regex-redux,True,True,,0.805941
30.00537109375,22.62908935546875,0.0,2.21875,802.904,C/xC.csv,34,4,C,regex-redux,True,True,,0.802904
29.990234375,22.6064453125,0.0,2.2257080078125,806.42,C/xC.csv,35,4,C,regex-redux,True,True,,0.8064199999999999
30.0302734375,22.63909912109375,0.0,2.22613525390625,805.228,C/xC.csv,36,4,C,regex-redux,True,True,,0.8052279999999999
29.9461669921875,22.58673095703125,0.0,2.2176513671875,803.774,C/xC.csv,37,4,C,regex-redux,True,True,,0.803774
30.099609375,22.68505859375,0.0,2.22418212890625,805.52,C/xC.csv,38,4,C,regex-redux,True,True,,0.80552
29.975830078125,22.59320068359375,0.0,2.22137451171875,803.928,C/xC.csv,39,4,C,regex-redux,True,True,,0.803928
30.01806640625,22.63494873046875,0.0,2.22467041015625,804.697,C/xC.csv,40,4,C,regex-redux,True,True,,0.804697
252.57659912109375,196.92913818359375,0.0,15.02056884765625,6163.22,C/xC.csv,41,5,C,fannkuch-redux,True,True,,6.16322
254.41497802734375,199.0140380859375,0.0,14.8226318359375,6082.14,C/xC.csv,42,5,C,fannkuch-redux,True,True,,6.082140000000001
254.6707763671875,199.29486083984375,0.0,14.824951171875,6082.65,C/xC.csv,43,5,C,fannkuch-redux,True,True,,6.082649999999999
256.6478271484375,200.94989013671875,0.0,14.77606201171875,6063.53,C/xC.csv,44,5,C,fannkuch-redux,True,True,,6.06353
257.34771728515625,201.5081787109375,0.00115966796875,14.81756591796875,6079.72,C/xC.csv,45,5,C,fannkuch-redux,True,True,,6.07972
257.83013916015625,201.901611328125,0.0,14.78338623046875,6066.14,C/xC.csv,46,5,C,fannkuch-redux,True,True,,6.066140000000001
257.82550048828125,201.88934326171875,0.0,14.81024169921875,6076.96,C/xC.csv,47,5,C,fannkuch-redux,True,True,,6.07696
257.56829833984375,201.6881103515625,0.0,14.822509765625,6082.04,C/xC.csv,48,5,C,fannkuch-redux,True,True,,6.08204
259.183837890625,202.938720703125,0.0,14.86163330078125,6097.78,C/xC.csv,49,5,C,fannkuch-redux,True,True,,6.097779999999999
258.65631103515625,202.61322021484375,0.0,14.8101806640625,6077.09,C/xC.csv,50,5,C,fannkuch-redux,True,True,,6.07709
113.61077880859375,78.49591064453125,0.0,11.1749267578125,4207.46,C/xC.csv,51,6,C,k-nucleotide,True,True,,4.20746
101.7093505859375,78.16705322265625,0.0010986328125,6.8907470703125,2523.79,C/xC.csv,52,6,C,k-nucleotide,True,True,,2.52379
103.25897216796875,79.140380859375,0.0,7.10772705078125,2579.91,C/xC.csv,53,6,C,k-nucleotide,True,True,,2.57991
108.5015869140625,82.07598876953125,0.0,8.15069580078125,2798.42,C/xC.csv,54,6,C,k-nucleotide,True,True,,2.79842
107.083740234375,81.260009765625,0.0,7.72265625,2736.48,C/xC.csv,55,6,C,k-nucleotide,True,True,,2.73648
111.67047119140625,83.87890625,0.0,8.81109619140625,2935.05,C/xC.csv,56,6,C,k-nucleotide,True,True,,2.9350500000000004
108.64263916015625,82.083740234375,0.0,8.1300048828125,2820.54,C/xC.csv,57,6,C,k-nucleotide,True,True,,2.82054
108.0137939453125,81.47430419921875,0.0,8.09716796875,2822.6,C/xC.csv,58,6,C,k-nucleotide,True,True,,2.8226
110.1522216796875,82.9205322265625,0.0,8.45068359375,2891.99,C/xC.csv,59,6,C,k-nucleotide,True,True,,2.89199
108.7784423828125,82.16650390625,0.0,8.07318115234375,2806.93,C/xC.csv,60,6,C,k-nucleotide,True,True,,2.80693
1234.9310913085938,630.8067626953125,0.001953125,177.95001220703125,65596.3,C/xC.csv,61,7,C,thread-ring,True,True,,65.5963
1245.7592163085938,635.2149047851562,0.00091552734375,182.637939453125,66305.4,C/xC.csv,62,7,C,thread-ring,True,True,,66.30539999999999
1256.0560302734375,642.1394653320312,0.00177001953125,180.78466796875,67044.2,C/xC.csv,63,7,C,thread-ring,True,True,,67.0442
1213.925048828125,622.3868408203125,0.00091552734375,174.236572265625,64733.7,C/xC.csv,64,7,C,thread-ring,True,True,,64.7337
1241.8026733398438,634.3306274414062,0.0018310546875,178.62860107421875,66306.5,C/xC.csv,65,7,C,thread-ring,True,True,,66.3065
1228.6223754882812,628.5589599609375,0.00091552734375,176.4300537109375,65600.1,C/xC.csv,66,7,C,thread-ring,True,True,,65.60010000000001
1244.118408203125,635.76513671875,0.00177001953125,178.95611572265625,66433.1,C/xC.csv,67,7,C,thread-ring,True,True,,66.43310000000001
1223.0669555664062,625.3477172851562,0.00091552734375,175.9652099609375,65290.5,C/xC.csv,68,7,C,thread-ring,True,True,,65.2905
1254.1513671875,644.7785034179688,0.00189208984375,179.27789306640625,66577.6,C/xC.csv,69,7,C,thread-ring,True,True,,66.5776
1232.559814453125,636.5498046875,0.00091552734375,175.8896484375,65323.1,C/xC.csv,70,7,C,thread-ring,True,True,,65.3231
41.5684814453125,31.7344970703125,0.0,2.9920654296875,1224.74,C/xC.csv,71,8,C,mandelbrot,True,True,,1.22474
41.8944091796875,32.55828857421875,0.0,2.7879638671875,1141.87,C/xC.csv,72,8,C,mandelbrot,True,True,,1.14187
41.8924560546875,32.564697265625,0.0,2.78631591796875,1141.48,C/xC.csv,73,8,C,mandelbrot,True,True,,1.14148
41.86761474609375,32.5579833984375,0.0,2.7872314453125,1141.18,C/xC.csv,74,8,C,mandelbrot,True,True,,1.14118
41.90911865234375,32.5845947265625,0.0,2.786865234375,1141.54,C/xC.csv,75,8,C,mandelbrot,True,True,,1.14154
41.9024658203125,32.5865478515625,0.0,2.786376953125,1141.73,C/xC.csv,76,8,C,mandelbrot,True,True,,1.14173
41.99029541015625,32.647216796875,0.0,2.786865234375,1141.98,C/xC.csv,77,8,C,mandelbrot,True,True,,1.14198
41.98773193359375,32.65545654296875,0.0,2.7874755859375,1141.1,C/xC.csv,78,8,C,mandelbrot,True,True,,1.1411
42.051513671875,32.7054443359375,0.0,2.78704833984375,1141.68,C/xC.csv,79,8,C,mandelbrot,True,True,,1.14168
41.96038818359375,32.62957763671875,0.0,2.786865234375,1141.37,C/xC.csv,80,8,C,mandelbrot,True,True,,1.14137
11.33978271484375,5.62799072265625,0.0,1.60333251953125,663.913,C/xC.csv,81,9,C,pidigits,True,True,,0.663913
11.30865478515625,6.22357177734375,0.0,1.32708740234375,549.085,C/xC.csv,82,9,C,pidigits,True,True,,0.549085
11.22900390625,6.196044921875,0.0,1.31976318359375,546.651,C/xC.csv,83,9,C,pidigits,True,True,,0.546651
11.09906005859375,6.08990478515625,0.0,1.3148193359375,543.863,C/xC.csv,84,9,C,pidigits,True,True,,0.5438630000000001
11.25140380859375,6.2144775390625,0.0,1.322265625,547.478,C/xC.csv,85,9,C,pidigits,True,True,,0.5474779999999999
11.54730224609375,6.40057373046875,0.0,1.3221435546875,547.635,C/xC.csv,86,9,C,pidigits,True,True,,0.547635
11.0909423828125,6.095947265625,0.0,1.31732177734375,544.576,C/xC.csv,87,9,C,pidigits,True,True,,0.5445760000000001
11.406982421875,6.30487060546875,0.0,1.31732177734375,545.539,C/xC.csv,88,9,C,pidigits,True,True,,0.545539
11.3233642578125,6.26409912109375,0.0,1.32208251953125,547.524,C/xC.csv,89,9,C,pidigits,True,True,,0.547524
11.13153076171875,6.125,0.0,1.3173828125,545.113,C/xC.csv,90,9,C,pidigits,True,True,,0.5451130000000001
38.932373046875,28.4171142578125,0.0,3.01409912109375,1219.49,C/xC.csv,91,10,C,fasta,True,True,,1.21949
32.65625,24.63153076171875,0.0,2.32269287109375,932.047,C/xC.csv,92,10,C,fasta,True,True,,0.9320470000000001
31.85076904296875,24.03851318359375,0.0,2.2630615234375,908.456,C/xC.csv,93,10,C,fasta,True,True,,0.908456
32.021240234375,24.17413330078125,0.0,2.2762451171875,912.624,C/xC.csv,94,10,C,fasta,True,True,,0.912624
31.72625732421875,23.9580078125,0.0,2.25091552734375,902.837,C/xC.csv,95,10,C,fasta,True,True,,0.902837
38.4608154296875,28.25244140625,0.0,2.880859375,1164.25,C/xC.csv,96,10,C,fasta,True,True,,1.16425
33.1304931640625,24.93621826171875,0.0,2.36004638671875,948.213,C/xC.csv,97,10,C,fasta,True,True,,0.948213
34.29107666015625,25.70721435546875,0.0,2.477294921875,997.367,C/xC.csv,98,10,C,fasta,True,True,,0.997367
34.6331787109375,25.95574951171875,0.0,2.50860595703125,1008.81,C/xC.csv,99,10,C,fasta,True,True,,1.00881
31.96173095703125,24.0867919921875,0.0,2.28179931640625,914.407,C/xC.csv,100,10,C,fasta,True,True,,0.9144070000000001
23.1416015625,20.04705810546875,0.0,1.71728515625,710.393,C/xC.csv,101,11,C,spectral-norm,True,True,,0.710393
22.81103515625,19.94476318359375,0.0,1.62261962890625,671.382,C/xC.csv,102,11,C,spectral-norm,True,True,,0.6713819999999999
22.7779541015625,19.9200439453125,0.0,1.62005615234375,671.187,C/xC.csv,103,11,C,spectral-norm,True,True,,0.671187
22.88037109375,20.01593017578125,0.0,1.62249755859375,671.475,C/xC.csv,104,11,C,spectral-norm,True,True,,0.671475
22.95703125,20.08416748046875,0.0,1.6248779296875,671.929,C/xC.csv,105,11,C,spectral-norm,True,True,,0.671929
22.88665771484375,20.01556396484375,0.0,1.6224365234375,672.21,C/xC.csv,106,11,C,spectral-norm,True,True,,0.6722100000000001
22.97125244140625,20.093994140625,0.0,1.62493896484375,672.309,C/xC.csv,107,11,C,spectral-norm,True,True,,0.6723089999999999
22.8721923828125,20.00469970703125,0.0,1.6224365234375,671.377,C/xC.csv,108,11,C,spectral-norm,True,True,,0.671377
22.8880615234375,20.0185546875,0.0,1.62249755859375,671.642,C/xC.csv,109,11,C,spectral-norm,True,True,,0.6716420000000001
22.93060302734375,20.05938720703125,0.0,1.622314453125,671.693,C/xC.csv,110,11,C,spectral-norm,True,True,,0.671693
67.3682861328125,45.67156982421875,0.0,9.27447509765625,3838.58,C++/C++.csv,1,1,C++,n-body,False,True,,3.83858
68.38262939453125,46.8101806640625,0.0,9.10711669921875,3769.86,C++/C++.csv,2,1,C++,n-body,False,True,,3.76986
67.4266357421875,46.0673828125,0.0,9.11444091796875,3772.54,C++/C++.csv,3,1,C++,n-body,False,True,,3.77254
67.60906982421875,46.22430419921875,0.0,9.10711669921875,3770.3,C++/C++.csv,4,1,C++,n-body,False,True,,3.7703
67.41314697265625,46.068359375,0.0,9.10955810546875,3770.14,C++/C++.csv,5,1,C++,n-body,False,True,,3.77014
67.92742919921875,46.457763671875,0.0,9.1094970703125,3771.08,C++/C++.csv,6,1,C++,n-body,False,True,,3.77108
67.46575927734375,46.107666015625,0.0,9.1094970703125,3770.29,C++/C++.csv,7,1,C++,n-body,False,True,,3.77029
68.05450439453125,46.54852294921875,0.0,9.107177734375,3769.85,C++/C++.csv,8,1,C++,n-body,False,True,,3.76985
71.379150390625,49.0343017578125,0.00048828125,9.1094970703125,3770.23,C++/C++.csv,9,1,C++,n-body,False,True,,3.77023
73.70623779296875,51.3909912109375,0.0,9.1070556640625,3770.33,C++/C++.csv,10,1,C++,n-body,False,True,,3.77033
48.20361328125,36.49578857421875,0.0,4.00537109375,1244.78,C++/C++.csv,11,2,C++,binary-trees,False,True,,1.24478
46.55865478515625,36.09588623046875,0.0,3.662841796875,1100.7,C++/C++.csv,12,2,C++,binary-trees,False,True,,1.1007
47.173095703125,36.54168701171875,0.0,3.6724853515625,1108.93,C++/C++.csv,13,2,C++,binary-trees,False,True,,1.10893
46.654541015625,36.1729736328125,0.0,3.65350341796875,1100.04,C++/C++.csv,14,2,C++,binary-trees,False,True,,1.10004
46.87847900390625,36.33001708984375,0.0,3.65277099609375,1103.24,C++/C++.csv,15,2,C++,binary-trees,False,True,,1.10324
46.945068359375,36.359130859375,0.0,3.66424560546875,1106.27,C++/C++.csv,16,2,C++,binary-trees,False,True,,1.10627
47.2215576171875,36.612548828125,0.0,3.6766357421875,1109.49,C++/C++.csv,17,2,C++,binary-trees,False,True,,1.10949
46.77850341796875,36.29656982421875,0.0,3.653564453125,1101.37,C++/C++.csv,18,2,C++,binary-trees,False,True,,1.10137
47.1358642578125,36.612060546875,0.0,3.6478271484375,1100.1,C++/C++.csv,19,2,C++,binary-trees,False,True,,1.1000999999999999
47.06951904296875,36.46337890625,0.0,3.66558837890625,1106.38,C++/C++.csv,20,2,C++,binary-trees,False,True,,1.1063800000000001
7.09765625,4.94293212890625,0.0,0.903564453125,239.167,C++/C++.csv,21,3,C++,reverse-complement,False,True,,0.239167
7.25494384765625,5.1383056640625,0.0,0.8575439453125,219.964,C++/C++.csv,22,3,C++,reverse-complement,False,True,,0.219964
7.164306640625,5.06561279296875,0.0,0.85791015625,221.711,C++/C++.csv,23,3,C++,reverse-complement,False,True,,0.22171100000000002
7.09356689453125,5.0462646484375,0.0,0.85107421875,219.142,C++/C++.csv,24,3,C++,reverse-complement,False,True,,0.219142
7.08795166015625,5.041748046875,0.0,0.8470458984375,217.037,C++/C++.csv,25,3,C++,reverse-complement,False,True,,0.217037
7.10003662109375,5.04486083984375,0.0,0.84442138671875,217.42,C++/C++.csv,26,3,C++,reverse-complement,False,True,,0.21741999999999997
7.17095947265625,5.08154296875,0.0,0.855712890625,220.507,C++/C++.csv,27,3,C++,reverse-complement,False,True,,0.220507
7.09588623046875,5.0399169921875,0.0,0.8466796875,217.358,C++/C++.csv,28,3,C++,reverse-complement,False,True,,0.217358
7.07696533203125,5.0245361328125,0.0,0.842041015625,217.886,C++/C++.csv,29,3,C++,reverse-complement,False,True,,0.217886
7.08233642578125,5.02020263671875,0.0,0.84368896484375,217.187,C++/C++.csv,30,3,C++,reverse-complement,False,True,,0.21718700000000002
245.43505859375,146.0684814453125,0.0009765625,26.0360107421875,10598.0,C++/C++.csv,31,4,C++,regex-redux,False,True,,10.598
243.21990966796875,144.8597412109375,0.0,25.959716796875,10571.4,C++/C++.csv,32,4,C++,regex-redux,False,True,,10.571399999999999
244.65423583984375,145.83795166015625,0.0,25.9642333984375,10569.4,C++/C++.csv,33,4,C++,regex-redux,False,True,,10.5694
255.643310546875,153.6881103515625,0.0,26.5606689453125,10813.7,C++/C++.csv,34,4,C++,regex-redux,False,True,,10.8137
246.81402587890625,147.0357666015625,0.0009765625,25.97283935546875,10575.8,C++/C++.csv,35,4,C++,regex-redux,False,True,,10.5758
255.236083984375,153.61102294921875,0.0,26.56256103515625,10815.3,C++/C++.csv,36,4,C++,regex-redux,False,True,,10.815299999999999
248.41650390625,148.04541015625,0.0,25.952880859375,10567.3,C++/C++.csv,37,4,C++,regex-redux,False,True,,10.5673
247.2979736328125,147.37640380859375,0.0,25.96087646484375,10570.6,C++/C++.csv,38,4,C++,regex-redux,False,True,,10.5706
255.55072021484375,153.727294921875,0.0,26.5770263671875,10820.0,C++/C++.csv,39,4,C++,regex-redux,False,True,,10.82
260.24566650390625,157.81060791015625,0.0009765625,26.6610107421875,10854.1,C++/C++.csv,40,4,C++,regex-redux,False,True,,10.8541
258.47509765625,203.0391845703125,0.0,14.9190673828125,6175.66,C++/C++.csv,41,5,C++,fannkuch-redux,False,True,,6.17566
258.94293212890625,203.97332763671875,0.0,14.7880859375,6121.85,C++/C++.csv,42,5,C++,fannkuch-redux,False,True,,6.12185
258.18701171875,203.355224609375,0.0,14.73223876953125,6097.75,C++/C++.csv,43,5,C++,fannkuch-redux,False,True,,6.09775
259.345458984375,204.3226318359375,0.0,14.73223876953125,6098.32,C++/C++.csv,44,5,C++,fannkuch-redux,False,True,,6.098319999999999
260.0750732421875,204.9798583984375,0.0010986328125,14.7540283203125,6106.82,C++/C++.csv,45,5,C++,fannkuch-redux,False,True,,6.10682
261.08892822265625,205.71746826171875,0.0,14.7855224609375,6119.54,C++/C++.csv,46,5,C++,fannkuch-redux,False,True,,6.11954
260.937255859375,205.70904541015625,0.0,14.76617431640625,6112.52,C++/C++.csv,47,5,C++,fannkuch-redux,False,True,,6.112520000000001
261.57958984375,206.14483642578125,0.0,14.795166015625,6124.0,C++/C++.csv,48,5,C++,fannkuch-redux,False,True,,6.124
262.39898681640625,206.86065673828125,0.0,14.80487060546875,6127.75,C++/C++.csv,49,5,C++,fannkuch-redux,False,True,,6.12775
262.81964111328125,207.1429443359375,0.0,14.76849365234375,6113.26,C++/C++.csv,50,5,C++,fannkuch-redux,False,True,,6.11326
124.6058349609375,89.780029296875,0.0,13.509521484375,3722.62,C++/C++.csv,51,6,C++,k-nucleotide,False,True,,3.72262
123.9169921875,90.62921142578125,0.00128173828125,13.21636962890625,3543.53,C++/C++.csv,52,6,C++,k-nucleotide,False,True,,3.54353
131.0093994140625,95.028076171875,0.0,14.77972412109375,3828.99,C++/C++.csv,53,6,C++,k-nucleotide,False,True,,3.8289899999999997
124.83831787109375,91.52459716796875,0.0,13.296630859375,3537.93,C++/C++.csv,54,6,C++,k-nucleotide,False,True,,3.53793
126.5155029296875,91.8343505859375,0.0,13.77630615234375,3664.2,C++/C++.csv,55,6,C++,k-nucleotide,False,True,,3.6641999999999997
125.19488525390625,91.578857421875,0.0,13.3770751953125,3567.87,C++/C++.csv,56,6,C++,k-nucleotide,False,True,,3.56787
126.461181640625,91.48876953125,0.0,13.56170654296875,3697.05,C++/C++.csv,57,6,C++,k-nucleotide,False,True,,3.6970500000000004
126.17987060546875,91.5924072265625,0.0,13.64361572265625,3652.64,C++/C++.csv,58,6,C++,k-nucleotide,False,True,,3.65264
132.44384765625,95.5052490234375,0.0,14.989990234375,3892.63,C++/C++.csv,59,6,C++,k-nucleotide,False,True,,3.89263
125.82794189453125,91.66558837890625,0.0,13.45892333984375,3604.35,C++/C++.csv,60,6,C++,k-nucleotide,False,True,,3.6043499999999997
33.6876220703125,29.79638671875,0.0,2.1329345703125,871.56,C++/C++.csv,61,7,C++,mandelbrot,False,True,,0.8715599999999999
34.2239990234375,30.36474609375,0.0,2.10284423828125,857.089,C++/C++.csv,62,7,C++,mandelbrot,False,True,,0.8570890000000001
34.06976318359375,30.24554443359375,0.0,2.08709716796875,852.843,C++/C++.csv,63,7,C++,mandelbrot,False,True,,0.8528429999999999
34.1419677734375,30.29913330078125,0.0,2.09326171875,853.316,C++/C++.csv,64,7,C++,mandelbrot,False,True,,0.8533160000000001
34.2303466796875,30.37548828125,0.0,2.099853515625,856.759,C++/C++.csv,65,7,C++,mandelbrot,False,True,,0.856759
34.22369384765625,30.36431884765625,0.0,2.099609375,857.322,C++/C++.csv,66,7,C++,mandelbrot,False,True,,0.857322
34.18023681640625,30.3265380859375,0.00048828125,2.09271240234375,853.688,C++/C++.csv,67,7,C++,mandelbrot,False,True,,0.853688
34.27630615234375,30.41015625,0.0,2.0992431640625,857.77,C++/C++.csv,68,7,C++,mandelbrot,False,True,,0.85777
34.123046875,30.28009033203125,0.0,2.09259033203125,853.414,C++/C++.csv,69,7,C++,mandelbrot,False,True,,0.853414
34.05426025390625,30.2294921875,0.0,2.08990478515625,852.988,C++/C++.csv,70,7,C++,mandelbrot,False,True,,0.8529880000000001
11.48931884765625,5.71881103515625,0.0,1.5914306640625,658.228,C++/C++.csv,71,8,C++,pidigits,False,True,,0.6582279999999999
11.62109375,6.4339599609375,0.0,1.32958984375,550.907,C++/C++.csv,72,8,C++,pidigits,False,True,,0.550907
11.51324462890625,6.3846435546875,0.0,1.322265625,547.154,C++/C++.csv,73,8,C++,pidigits,False,True,,0.547154
11.65545654296875,6.465087890625,0.0,1.33197021484375,551.491,C++/C++.csv,74,8,C++,pidigits,False,True,,0.551491
11.50897216796875,6.37982177734375,0.0,1.32220458984375,546.906,C++/C++.csv,75,8,C++,pidigits,False,True,,0.546906
11.61480712890625,6.43084716796875,0.0,1.32696533203125,549.382,C++/C++.csv,76,8,C++,pidigits,False,True,,0.5493819999999999
11.664794921875,6.469970703125,0.0,1.32708740234375,549.124,C++/C++.csv,77,8,C++,pidigits,False,True,,0.5491240000000001
11.6212158203125,6.4324951171875,0.0,1.3319091796875,551.18,C++/C++.csv,78,8,C++,pidigits,False,True,,0.55118
14.69989013671875,9.81561279296875,0.0,1.32470703125,548.355,C++/C++.csv,79,8,C++,pidigits,False,True,,0.548355
11.570068359375,6.40753173828125,0.0,1.32708740234375,549.12,C++/C++.csv,80,8,C++,pidigits,False,True,,0.54912
42.76123046875,31.121337890625,0.0,3.03375244140625,1227.22,C++/C++.csv,81,9,C++,fasta,False,True,,1.22722
42.93157958984375,31.7576904296875,0.0,2.87982177734375,1163.48,C++/C++.csv,82,9,C++,fasta,False,True,,1.16348
43.3602294921875,32.13372802734375,0.0,2.8896484375,1168.46,C++/C++.csv,83,9,C++,fasta,False,True,,1.16846
43.3663330078125,32.23272705078125,0.0,2.88671875,1165.5,C++/C++.csv,84,9,C++,fasta,False,True,,1.1655
42.30438232421875,31.61309814453125,0.0,2.8111572265625,1133.17,C++/C++.csv,85,9,C++,fasta,False,True,,1.13317
42.50836181640625,31.76885986328125,0.0,2.8052978515625,1131.82,C++/C++.csv,86,9,C++,fasta,False,True,,1.1318199999999998
42.25408935546875,31.6021728515625,0.0,2.79241943359375,1125.94,C++/C++.csv,87,9,C++,fasta,False,True,,1.1259400000000002
43.1761474609375,32.2166748046875,0.0,2.846435546875,1148.29,C++/C++.csv,88,9,C++,fasta,False,True,,1.14829
43.15606689453125,32.08148193359375,0.0,2.87384033203125,1159.72,C++/C++.csv,89,9,C++,fasta,False,True,,1.15972
42.84423828125,31.9364013671875,0.0,2.8453369140625,1147.02,C++/C++.csv,90,9,C++,fasta,False,True,,1.14702
21.16949462890625,15.36737060546875,0.0,1.6397705078125,678.786,C++/C++.csv,91,10,C++,spectral-norm,False,True,,0.6787859999999999
21.34197998046875,15.609375,0.0,1.60797119140625,665.28,C++/C++.csv,92,10,C++,spectral-norm,False,True,,0.66528
21.3250732421875,15.59051513671875,0.0,1.6080322265625,665.657,C++/C++.csv,93,10,C++,spectral-norm,False,True,,0.665657
21.30126953125,15.57928466796875,0.0,1.60791015625,665.591,C++/C++.csv,94,10,C++,spectral-norm,False,True,,0.665591
21.34991455078125,15.61474609375,0.0,1.60784912109375,665.149,C++/C++.csv,95,10,C++,spectral-norm,False,True,,0.665149
21.29998779296875,15.57537841796875,0.0,1.60791015625,665.659,C++/C++.csv,96,10,C++,spectral-norm,False,True,,0.665659
21.3468017578125,15.61041259765625,0.0,1.60797119140625,665.307,C++/C++.csv,97,10,C++,spectral-norm,False,True,,0.665307
21.36737060546875,15.6309814453125,0.0,1.60791015625,665.16,C++/C++.csv,98,10,C++,spectral-norm,False,True,,0.66516
21.41888427734375,15.69873046875,0.0,1.60546875,665.26,C++/C++.csv,99,10,C++,spectral-norm,False,True,,0.66526
21.36297607421875,15.62310791015625,0.0,1.61029052734375,665.8,C++/C++.csv,100,10,C++,spectral-norm,False,True,,0.6658
70.5997314453125,47.72515869140625,0.0,9.38360595703125,3883.75,C++/C++.csv,101,11,C++,n-body,False,True,,3.88375
70.5355224609375,48.300537109375,0.0,9.107421875,3770.13,C++/C++.csv,102,11,C++,n-body,False,True,,3.77013
70.3795166015625,48.19549560546875,0.0,9.1097412109375,3770.39,C++/C++.csv,103,11,C++,n-body,False,True,,3.77039
70.365966796875,48.17742919921875,0.0,9.109619140625,3770.43,C++/C++.csv,104,11,C++,n-body,False,True,,3.7704299999999997
70.3905029296875,48.17535400390625,0.0,9.107177734375,3770.13,C++/C++.csv,105,11,C++,n-body,False,True,,3.77013
70.3638916015625,48.171142578125,0.0,9.10955810546875,3769.96,C++/C++.csv,106,11,C++,n-body,False,True,,3.76996
70.3702392578125,48.16815185546875,0.0,9.10736083984375,3770.2,C++/C++.csv,107,11,C++,n-body,False,True,,3.7702
70.3585205078125,48.17889404296875,0.0,9.107177734375,3769.78,C++/C++.csv,108,11,C++,n-body,False,True,,3.7697800000000004
70.375732421875,48.19085693359375,0.0,9.1097412109375,3770.71,C++/C++.csv,109,11,C++,n-body,False,True,,3.7707100000000002
70.362548828125,48.167236328125,0.0006103515625,9.10723876953125,3770.31,C++/C++.csv,110,11,C++,n-body,False,True,,3.77031
48.52520751953125,36.70697021484375,0.0,4.10888671875,1284.65,C++/C++.csv,111,12,C++,binary-trees,False,True,,1.28465
47.76763916015625,37.0889892578125,0.0,3.65142822265625,1101.43,C++/C++.csv,112,12,C++,binary-trees,False,True,,1.1014300000000001
48.7672119140625,37.8270263671875,0.0,3.64959716796875,1102.3,C++/C++.csv,113,12,C++,binary-trees,False,True,,1.1023
48.32171630859375,37.529052734375,0.0,3.68798828125,1101.15,C++/C++.csv,114,12,C++,binary-trees,False,True,,1.10115
48.490234375,37.63604736328125,0.0,3.68212890625,1109.6,C++/C++.csv,115,12,C++,binary-trees,False,True,,1.1096
48.58905029296875,37.69122314453125,0.0,3.64556884765625,1107.73,C++/C++.csv,116,12,C++,binary-trees,False,True,,1.10773
52.153076171875,39.49591064453125,0.0,4.05120849609375,1259.84,C++/C++.csv,117,12,C++,binary-trees,False,True,,1.2598399999999998
48.31158447265625,37.53387451171875,0.0,3.643798828125,1099.67,C++/C++.csv,118,12,C++,binary-trees,False,True,,1.0996700000000001
48.62530517578125,37.666015625,0.0,3.69573974609375,1118.45,C++/C++.csv,119,12,C++,binary-trees,False,True,,1.11845
48.26141357421875,37.46771240234375,0.0,3.6416015625,1106.63,C++/C++.csv,120,12,C++,binary-trees,False,True,,1.10663
16.80560302734375,5.4962158203125,0.0,4.08544921875,1533.07,C++/C++.csv,121,13,C++,reverse-complement,False,True,,1.53307
7.592529296875,5.3564453125,0.0,0.8834228515625,233.399,C++/C++.csv,122,13,C++,reverse-complement,False,True,,0.233399
7.52178955078125,5.33148193359375,0.0,0.87017822265625,222.822,C++/C++.csv,123,13,C++,reverse-complement,False,True,,0.222822
7.43121337890625,5.265380859375,0.0,0.86773681640625,223.509,C++/C++.csv,124,13,C++,reverse-complement,False,True,,0.22350899999999999
7.361083984375,5.22894287109375,0.0,0.86297607421875,221.439,C++/C++.csv,125,13,C++,reverse-complement,False,True,,0.221439
7.4322509765625,5.27667236328125,0.0,0.8612060546875,221.772,C++/C++.csv,126,13,C++,reverse-complement,False,True,,0.221772
7.41571044921875,5.26605224609375,0.0,0.86029052734375,220.815,C++/C++.csv,127,13,C++,reverse-complement,False,True,,0.220815
7.49102783203125,5.32025146484375,0.0,0.8619384765625,222.372,C++/C++.csv,128,13,C++,reverse-complement,False,True,,0.22237200000000001
7.51129150390625,5.3372802734375,0.0,0.8668212890625,223.34,C++/C++.csv,129,13,C++,reverse-complement,False,True,,0.22334
7.35406494140625,5.21405029296875,0.0,0.86187744140625,220.393,C++/C++.csv,130,13,C++,reverse-complement,False,True,,0.220393
252.86065673828125,149.0634765625,0.0,27.06451416015625,11019.6,C++/C++.csv,131,14,C++,regex-redux,False,True,,11.0196
249.62872314453125,148.9722900390625,0.00103759765625,25.97161865234375,10568.7,C++/C++.csv,132,14,C++,regex-redux,False,True,,10.568700000000002
250.19635009765625,149.2518310546875,0.0,25.97723388671875,10575.0,C++/C++.csv,133,14,C++,regex-redux,False,True,,10.575
250.88348388671875,150.06842041015625,0.0,25.9749755859375,10570.3,C++/C++.csv,134,14,C++,regex-redux,False,True,,10.5703
249.63580322265625,148.8502197265625,0.0,25.98858642578125,10576.7,C++/C++.csv,135,14,C++,regex-redux,False,True,,10.5767
249.42132568359375,148.76251220703125,0.0010986328125,25.97198486328125,10569.1,C++/C++.csv,136,14,C++,regex-redux,False,True,,10.5691
262.99993896484375,159.67498779296875,0.0,26.67913818359375,10858.9,C++/C++.csv,137,14,C++,regex-redux,False,True,,10.8589
259.07965087890625,155.98138427734375,0.0,26.53521728515625,10801.3,C++/C++.csv,138,14,C++,regex-redux,False,True,,10.8013
249.8406982421875,149.08349609375,0.0,25.9661865234375,10567.1,C++/C++.csv,139,14,C++,regex-redux,False,True,,10.5671
249.90576171875,149.17047119140625,0.00115966796875,25.9605712890625,10567.2,C++/C++.csv,140,14,C++,regex-redux,False,True,,10.567200000000001
0.007568359375,0.00103759765625,0.0,0.00244140625,1.585,C++/C++.csv,141,15,C++,fannkuch-redux,False,True,short_time,0.001585
0.01605224609375,0.00262451171875,0.0,0.00494384765625,1.41,C++/C++.csv,142,15,C++,fannkuch-redux,False,True,short_time,0.00141
0.008056640625,0.00128173828125,0.0,0.00238037109375,1.506,C++/C++.csv,143,15,C++,fannkuch-redux,False,True,short_time,0.001506
0.01629638671875,0.002685546875,0.0,0.0048828125,1.59,C++/C++.csv,144,15,C++,fannkuch-redux,False,True,short_time,0.00159
0.00799560546875,0.00115966796875,0.0,0.00244140625,1.549,C++/C++.csv,145,15,C++,fannkuch-redux,False,True,short_time,0.001549
0.0155029296875,0.0025634765625,0.0,0.0048828125,1.521,C++/C++.csv,146,15,C++,fannkuch-redux,False,True,short_time,0.001521
0.00775146484375,0.0013427734375,0.0,0.00244140625,1.327,C++/C++.csv,147,15,C++,fannkuch-redux,False,True,short_time,0.001327
0.0081787109375,0.0015869140625,0.0,0.00244140625,1.368,C++/C++.csv,148,15,C++,fannkuch-redux,False,True,short_time,0.001368
0.0169677734375,0.00347900390625,0.0,0.00482177734375,1.247,C++/C++.csv,149,15,C++,fannkuch-redux,False,True,short_time,0.001247
0.00860595703125,0.00164794921875,0.0,0.00250244140625,1.269,C++/C++.csv,150,15,C++,fannkuch-redux,False,True,short_time,0.001269
142.78375244140625,97.93280029296875,0.0,19.401611328125,5089.15,C++/C++.csv,151,16,C++,k-nucleotide,False,True,,5.08915
123.54656982421875,90.07855224609375,0.0,13.276611328125,3562.04,C++/C++.csv,152,16,C++,k-nucleotide,False,True,,3.56204
136.22479248046875,99.0491943359375,0.0,16.54266357421875,3938.25,C++/C++.csv,153,16,C++,k-nucleotide,False,True,,3.93825
136.63824462890625,99.167724609375,0.0,16.60980224609375,3959.36,C++/C++.csv,154,16,C++,k-nucleotide,False,True,,3.95936
123.892333984375,90.57110595703125,0.0,13.2431640625,3542.17,C++/C++.csv,155,16,C++,k-nucleotide,False,True,,3.54217
138.2911376953125,100.14996337890625,0.0,16.826171875,4020.58,C++/C++.csv,156,16,C++,k-nucleotide,False,True,,4.02058
130.6143798828125,94.68145751953125,0.001220703125,14.73638916015625,3789.97,C++/C++.csv,157,16,C++,k-nucleotide,False,True,,3.78997
125.088134765625,91.614501953125,0.0,13.3795166015625,3535.55,C++/C++.csv,158,16,C++,k-nucleotide,False,True,,3.53555
124.41729736328125,90.10455322265625,0.0,13.148193359375,3612.98,C++/C++.csv,159,16,C++,k-nucleotide,False,True,,3.61298
138.6297607421875,100.354736328125,0.0,16.78155517578125,4019.8,C++/C++.csv,160,16,C++,k-nucleotide,False,True,,4.0198
34.31195068359375,30.09320068359375,0.0,2.24212646484375,916.397,C++/C++.csv,161,17,C++,mandelbrot,False,True,,0.916397
34.16497802734375,30.306640625,0.0,2.1024169921875,857.846,C++/C++.csv,162,17,C++,mandelbrot,False,True,,0.857846
34.32769775390625,30.4420166015625,0.0,2.10235595703125,858.185,C++/C++.csv,163,17,C++,mandelbrot,False,True,,0.858185
34.2137451171875,30.35345458984375,0.0,2.1021728515625,857.942,C++/C++.csv,164,17,C++,mandelbrot,False,True,,0.857942
34.09906005859375,30.26055908203125,0.0,2.09283447265625,853.781,C++/C++.csv,165,17,C++,mandelbrot,False,True,,0.8537809999999999
34.1751708984375,30.3187255859375,0.0,2.10260009765625,857.996,C++/C++.csv,166,17,C++,mandelbrot,False,True,,0.857996
34.33331298828125,30.449951171875,0.0,2.1029052734375,858.372,C++/C++.csv,167,17,C++,mandelbrot,False,True,,0.8583719999999999
34.128173828125,30.28802490234375,0.0,2.093017578125,853.815,C++/C++.csv,168,17,C++,mandelbrot,False,True,,0.8538150000000001
34.3143310546875,30.42864990234375,0.0,2.10540771484375,858.478,C++/C++.csv,169,17,C++,mandelbrot,False,True,,0.858478
34.1962890625,30.34130859375,0.0,2.09210205078125,854.376,C++/C++.csv,170,17,C++,mandelbrot,False,True,,0.854376
11.745361328125,6.09576416015625,0.0,1.51885986328125,628.637,C++/C++.csv,171,18,C++,pidigits,False,True,,0.6286369999999999
11.6624755859375,6.482177734375,0.0,1.32733154296875,548.893,C++/C++.csv,172,18,C++,pidigits,False,True,,0.5488930000000001
11.67828369140625,6.4942626953125,0.0,1.32708740234375,549.642,C++/C++.csv,173,18,C++,pidigits,False,True,,0.5496420000000001
11.59954833984375,6.41375732421875,0.0,1.32708740234375,549.694,C++/C++.csv,174,18,C++,pidigits,False,True,,0.5496939999999999
11.70343017578125,6.51025390625,0.0,1.3294677734375,549.679,C++/C++.csv,175,18,C++,pidigits,False,True,,0.549679
11.6241455078125,6.46124267578125,0.0,1.322265625,547.832,C++/C++.csv,176,18,C++,pidigits,False,True,,0.547832
11.59478759765625,6.43853759765625,0.0,1.32464599609375,547.733,C++/C++.csv,177,18,C++,pidigits,False,True,,0.5477329999999999
11.62554931640625,6.4569091796875,0.0,1.32464599609375,548.154,C++/C++.csv,178,18,C++,pidigits,False,True,,0.548154
11.5869140625,6.40777587890625,0.0,1.3270263671875,549.264,C++/C++.csv,179,18,C++,pidigits,False,True,,0.549264
11.69610595703125,6.5150146484375,0.0,1.32720947265625,549.834,C++/C++.csv,180,18,C++,pidigits,False,True,,0.5498339999999999
43.00384521484375,31.12371826171875,0.0,3.1170654296875,1261.46,C++/C++.csv,181,19,C++,fasta,False,True,,1.26146
43.44305419921875,32.20513916015625,0.0,2.90301513671875,1172.49,C++/C++.csv,182,19,C++,fasta,False,True,,1.17249
43.1519775390625,32.16552734375,0.0,2.853271484375,1151.62,C++/C++.csv,183,19,C++,fasta,False,True,,1.1516199999999999
43.23565673828125,32.1805419921875,0.0,2.86431884765625,1156.73,C++/C++.csv,184,19,C++,fasta,False,True,,1.15673
42.73272705078125,31.9320068359375,0.0,2.817138671875,1136.58,C++/C++.csv,185,19,C++,fasta,False,True,,1.13658
42.91217041015625,32.0220947265625,0.0,2.8341064453125,1143.27,C++/C++.csv,186,19,C++,fasta,False,True,,1.14327
43.18402099609375,32.15234375,0.0,2.86102294921875,1155.29,C++/C++.csv,187,19,C++,fasta,False,True,,1.15529
43.35675048828125,32.2752685546875,0.0,2.87762451171875,1161.59,C++/C++.csv,188,19,C++,fasta,False,True,,1.16159
43.023193359375,32.135986328125,0.0,2.84674072265625,1148.67,C++/C++.csv,189,19,C++,fasta,False,True,,1.14867
42.668212890625,31.92535400390625,0.0,2.801513671875,1129.6,C++/C++.csv,190,19,C++,fasta,False,True,,1.1296
21.2376708984375,15.47503662109375,0.0,1.62298583984375,671.362,C++/C++.csv,191,20,C++,spectral-norm,False,True,,0.671362
21.3360595703125,15.60076904296875,0.0,1.60821533203125,665.555,C++/C++.csv,192,20,C++,spectral-norm,False,True,,0.6655549999999999
21.36663818359375,15.623291015625,0.0,1.6080322265625,665.527,C++/C++.csv,193,20,C++,spectral-norm,False,True,,0.6655270000000001
21.340087890625,15.60498046875,0.0,1.6080322265625,665.551,C++/C++.csv,194,20,C++,spectral-norm,False,True,,0.665551
21.355712890625,15.6165771484375,0.0,1.6080322265625,665.382,C++/C++.csv,195,20,C++,spectral-norm,False,True,,0.6653819999999999
21.341796875,15.60711669921875,0.0,1.60552978515625,665.309,C++/C++.csv,196,20,C++,spectral-norm,False,True,,0.6653089999999999
21.3602294921875,15.62762451171875,0.0,1.6080322265625,665.332,C++/C++.csv,197,20,C++,spectral-norm,False,True,,0.665332
21.37091064453125,15.63653564453125,0.0,1.6080322265625,665.483,C++/C++.csv,198,20,C++,spectral-norm,False,True,,0.6654829999999999
21.3729248046875,15.63427734375,0.0,1.60797119140625,665.341,C++/C++.csv,199,20,C++,spectral-norm,False,True,,0.665341
21.3870849609375,15.64959716796875,0.0,1.60797119140625,665.477,C++/C++.csv,200,20,C++,spectral-norm,False,True,,0.665477
67.3682861328125,45.67156982421875,0.0,9.27447509765625,3838.58,C++/xC++.csv,1,1,C++,n-body,True,True,,3.83858
68.38262939453125,46.8101806640625,0.0,9.10711669921875,3769.86,C++/xC++.csv,2,1,C++,n-body,True,True,,3.76986
67.4266357421875,46.0673828125,0.0,9.11444091796875,3772.54,C++/xC++.csv,3,1,C++,n-body,True,True,,3.77254
67.60906982421875,46.22430419921875,0.0,9.10711669921875,3770.3,C++/xC++.csv,4,1,C++,n-body,True,True,,3.7703
67.41314697265625,46.068359375,0.0,9.10955810546875,3770.14,C++/xC++.csv,5,1,C++,n-body,True,True,,3.77014
67.92742919921875,46.457763671875,0.0,9.1094970703125,3771.08,C++/xC++.csv,6,1,C++,n-body,True,True,,3.77108
67.46575927734375,46.107666015625,0.0,9.1094970703125,3770.29,C++/xC++.csv,7,1,C++,n-body,True,True,,3.77029
68.05450439453125,46.54852294921875,0.0,9.107177734375,3769.85,C++/xC++.csv,8,1,C++,n-body,True,True,,3.76985
71.379150390625,49.0343017578125,0.00048828125,9.1094970703125,3770.23,C++/xC++.csv,9,1,C++,n-body,True,True,,3.77023
73.70623779296875,51.3909912109375,0.0,9.1070556640625,3770.33,C++/xC++.csv,10,1,C++,n-body,True,True,,3.77033
48.20361328125,36.49578857421875,0.0,4.00537109375,1244.78,C++/xC++.csv,11,2,C++,binary-trees,True,True,,1.24478
46.55865478515625,36.09588623046875,0.0,3.662841796875,1100.7,C++/xC++.csv,12,2,C++,binary-trees,True,True,,1.1007
47.173095703125,36.54168701171875,0.0,3.6724853515625,1108.93,C++/xC++.csv,13,2,C++,binary-trees,True,True,,1.10893
46.654541015625,36.1729736328125,0.0,3.65350341796875,1100.04,C++/xC++.csv,14,2,C++,binary-trees,True,True,,1.10004
46.87847900390625,36.33001708984375,0.0,3.65277099609375,1103.24,C++/xC++.csv,15,2,C++,binary-trees,True,True,,1.10324
46.945068359375,36.359130859375,0.0,3.66424560546875,1106.27,C++/xC++.csv,16,2,C++,binary-trees,True,True,,1.10627
47.2215576171875,36.612548828125,0.0,3.6766357421875,1109.49,C++/xC++.csv,17,2,C++,binary-trees,True,True,,1.10949
46.77850341796875,36.29656982421875,0.0,3.653564453125,1101.37,C++/xC++.csv,18,2,C++,binary-trees,True,True,,1.10137
47.1358642578125,36.612060546875,0.0,3.6478271484375,1100.1,C++/xC++.csv,19,2,C++,binary-trees,True,True,,1.1000999999999999
47.06951904296875,36.46337890625,0.0,3.66558837890625,1106.38,C++/xC++.csv,20,2,C++,binary-trees,True,True,,1.1063800000000001
7.09765625,4.94293212890625,0.0,0.903564453125,239.167,C++/xC++.csv,21,3,C++,reverse-complement,True,True,,0.239167
7.25494384765625,5.1383056640625,0.0,0.8575439453125,219.964,C++/xC++.csv,22,3,C++,reverse-complement,True,True,,0.219964
7.164306640625,5.06561279296875,0.0,0.85791015625,221.711,C++/xC++.csv,23,3,C++,reverse-complement,True,True,,0.22171100000000002
7.09356689453125,5.0462646484375,0.0,0.85107421875,219.142,C++/xC++.csv,24,3,C++,reverse-complement,True,True,,0.219142
7.08795166015625,5.041748046875,0.0,0.8470458984375,217.037,C++/xC++.csv,25,3,C++,reverse-complement,True,True,,0.217037
7.10003662109375,5.04486083984375,0.0,0.84442138671875,217.42,C++/xC++.csv,26,3,C++,reverse-complement,True,True,,0.21741999999999997
7.17095947265625,5.08154296875,0.0,0.855712890625,220.507,C++/xC++.csv,27,3,C++,reverse-complement,True,True,,0.220507
7.09588623046875,5.0399169921875,0.0,0.8466796875,217.358,C++/xC++.csv,28,3,C++,reverse-complement,True,True,,0.217358
7.07696533203125,5.0245361328125,0.0,0.842041015625,217.886,C++/xC++.csv,29,3,C++,reverse-complement,True,True,,0.217886
7.08233642578125,5.02020263671875,0.0,0.84368896484375,217.187,C++/xC++.csv,30,3,C++,reverse-complement,True,True,,0.21718700000000002
245.43505859375,146.0684814453125,0.0009765625,26.0360107421875,10598.0,C++/xC++.csv,31,4,C++,regex-redux,True,True,,10.598
243.21990966796875,144.8597412109375,0.0,25.959716796875,10571.4,C++/xC++.csv,32,4,C++,regex-redux,True,True,,10.571399999999999
244.65423583984375,145.83795166015625,0.0,25.9642333984375,10569.4,C++/xC++.csv,33,4,C++,regex-redux,True,True,,10.5694
255.643310546875,153.6881103515625,0.0,26.5606689453125,10813.7,C++/xC++.csv,34,4,C++,regex-redux,True,True,,10.8137
246.81402587890625,147.0357666015625,0.0009765625,25.97283935546875,10575.8,C++/xC++.csv,35,4,C++,regex-redux,True,True,,10.5758
255.236083984375,153.61102294921875,0.0,26.56256103515625,10815.3,C++/xC++.csv,36,4,C++,regex-redux,True,True,,10.815299999999999
248.41650390625,148.04541015625,0.0,25.952880859375,10567.3,C++/xC++.csv,37,4,C++,regex-redux,True,True,,10.5673
247.2979736328125,147.37640380859375,0.0,25.96087646484375,10570.6,C++/xC++.csv,38,4,C++,regex-redux,True,True,,10.5706
255.55072021484375,153.727294921875,0.0,26.5770263671875,10820.0,C++/xC++.csv,39,4,C++,regex-redux,True,True,,10.82
260.24566650390625,157.81060791015625,0.0009765625,26.6610107421875,10854.1,C++/xC++.csv,40,4,C++,regex-redux,True,True,,10.8541
258.47509765625,203.0391845703125,0.0,14.9190673828125,6175.66,C++/xC++.csv,41,5,C++,fannkuch-redux,True,True,,6.17566
258.94293212890625,203.97332763671875,0.0,14.7880859375,6121.85,C++/xC++.csv,42,5,C++,fannkuch-redux,True,True,,6.12185
258.18701171875,203.355224609375,0.0,14.73223876953125,6097.75,C++/xC++.csv,43,5,C++,fannkuch-redux,True,True,,6.09775
259.345458984375,204.3226318359375,0.0,14.73223876953125,6098.32,C++/xC++.csv,44,5,C++,fannkuch-redux,True,True,,6.098319999999999
260.0750732421875,204.9798583984375,0.0010986328125,14.7540283203125,6106.82,C++/xC++.csv,45,5,C++,fannkuch-redux,True,True,,6.10682
261.08892822265625,205.71746826171875,0.0,14.7855224609375,6119.54,C++/xC++.csv,46,5,C++,fannkuch-redux,True,True,,6.11954
260.937255859375,205.70904541015625,0.0,14.76617431640625,6112.52,C++/xC++.csv,47,5,C++,fannkuch-redux,True,True,,6.112520000000001
261.57958984375,206.14483642578125,0.0,14.795166015625,6124.0,C++/xC++.csv,48,5,C++,fannkuch-redux,True,True,,6.124
262.39898681640625,206.86065673828125,0.0,14.80487060546875,6127.75,C++/xC++.csv,49,5,C++,fannkuch-redux,True,True,,6.12775
262.81964111328125,207.1429443359375,0.0,14.76849365234375,6113.26,C++/xC++.csv,50,5,C++,fannkuch-redux,True,True,,6.11326
124.6058349609375,89.780029296875,0.0,13.509521484375,3722.62,C++/xC++.csv,51,6,C++,k-nucleotide,True,True,,3.72262
123.9169921875,90.62921142578125,0.00128173828125,13.21636962890625,3543.53,C++/xC++.csv,52,6,C++,k-nucleotide,True,True,,3.54353
131.0093994140625,95.028076171875,0.0,14.77972412109375,3828.99,C++/xC++.csv,53,6,C++,k-nucleotide,True,True,,3.8289899999999997
124.83831787109375,91.52459716796875,0.0,13.296630859375,3537.93,C++/xC++.csv,54,6,C++,k-nucleotide,True,True,,3.53793
126.5155029296875,91.8343505859375,0.0,13.77630615234375,3664.2,C++/xC++.csv,55,6,C++,k-nucleotide,True,True,,3.6641999999999997
125.19488525390625,91.578857421875,0.0,13.3770751953125,3567.87,C++/xC++.csv,56,6,C++,k-nucleotide,True,True,,3.56787
126.461181640625,91.48876953125,0.0,13.56170654296875,3697.05,C++/xC++.csv,57,6,C++,k-nucleotide,True,True,,3.6970500000000004
126.17987060546875,91.5924072265625,0.0,13.64361572265625,3652.64,C++/xC++.csv,58,6,C++,k-nucleotide,True,True,,3.65264
132.44384765625,95.5052490234375,0.0,14.989990234375,3892.63,C++/xC++.csv,59,6,C++,k-nucleotide,True,True,,3.89263
125.82794189453125,91.66558837890625,0.0,13.45892333984375,3604.35,C++/xC++.csv,60,6,C++,k-nucleotide,True,True,,3.6043499999999997
33.6876220703125,29.79638671875,0.0,2.1329345703125,871.56,C++/xC++.csv,61,7,C++,mandelbrot,True,True,,0.8715599999999999
34.2239990234375,30.36474609375,0.0,2.10284423828125,857.089,C++/xC++.csv,62,7,C++,mandelbrot,True,True,,0.8570890000000001
34.06976318359375,30.24554443359375,0.0,2.08709716796875,852.843,C++/xC++.csv,63,7,C++,mandelbrot,True,True,,0.8528429999999999
34.1419677734375,30.29913330078125,0.0,2.09326171875,853.316,C++/xC++.csv,64,7,C++,mandelbrot,True,True,,0.8533160000000001
34.2303466796875,30.37548828125,0.0,2.099853515625,856.759,C++/xC++.csv,65,7,C++,mandelbrot,True,True,,0.856759
34.22369384765625,30.36431884765625,0.0,2.099609375,857.322,C++/xC++.csv,66,7,C++,mandelbrot,True,True,,0.857322
34.18023681640625,30.3265380859375,0.00048828125,2.09271240234375,853.688,C++/xC++.csv,67,7,C++,mandelbrot,True,True,,0.853688
34.27630615234375,30.41015625,0.0,2.0992431640625,857.77,C++/xC++.csv,68,7,C++,mandelbrot,True,True,,0.85777
34.123046875,30.28009033203125,0.0,2.09259033203125,853.414,C++/xC++.csv,69,7,C++,mandelbrot,True,True,,0.853414
34.05426025390625,30.2294921875,0.0,2.08990478515625,852.988,C++/xC++.csv,70,7,C++,mandelbrot,True,True,,0.8529880000000001
11.48931884765625,5.71881103515625,0.0,1.5914306640625,658.228,C++/xC++.csv,71,8,C++,pidigits,True,True,,0.6582279999999999
11.62109375,6.4339599609375,0.0,1.32958984375,550.907,C++/xC++.csv,72,8,C++,pidigits,True,True,,0.550907
11.51324462890625,6.3846435546875,0.0,1.322265625,547.154,C++/xC++.csv,73,8,C++,pidigits,True,True,,0.547154
11.65545654296875,6.465087890625,0.0,1.33197021484375,551.491,C++/xC++.csv,74,8,C++,pidigits,True,True,,0.551491
11.50897216796875,6.37982177734375,0.0,1.32220458984375,546.906,C++/xC++.csv,75,8,C++,pidigits,True,True,,0.546906
11.61480712890625,6.43084716796875,0.0,1.32696533203125,549.382,C++/xC++.csv,76,8,C++,pidigits,True,True,,0.5493819999999999
11.664794921875,6.469970703125,0.0,1.32708740234375,549.124,C++/xC++.csv,77,8,C++,pidigits,True,True,,0.5491240000000001
11.6212158203125,6.4324951171875,0.0,1.3319091796875,551.18,C++/xC++.csv,78,8,C++,pidigits,True,True,,0.55118
14.69989013671875,9.81561279296875,0.0,1.32470703125,548.355,C++/xC++.csv,79,8,C++,pidigits,True,True,,0.548355
11.570068359375,6.40753173828125,0.0,1.32708740234375,549.12,C++/xC++.csv,80,8,C++,pidigits,True,True,,0.54912
42.76123046875,31.121337890625,0.0,3.03375244140625,1227.22,C++/xC++.csv,81,9,C++,fasta,True,True,,1.22722
42.93157958984375,31.7576904296875,0.0,2.87982177734375,1163.48,C++/xC++.csv,82,9,C++,fasta,True,True,,1.16348
43.3602294921875,32.13372802734375,0.0,2.8896484375,1168.46,C++/xC++.csv,83,9,C++,fasta,True,True,,1.16846
43.3663330078125,32.23272705078125,0.0,2.88671875,1165.5,C++/xC++.csv,84,9,C++,fasta,True,True,,1.1655
42.30438232421875,31.61309814453125,0.0,2.8111572265625,1133.17,C++/xC++.csv,85,9,C++,fasta,True,True,,1.13317
42.50836181640625,31.76885986328125,0.0,2.8052978515625,1131.82,C++/xC++.csv,86,9,C++,fasta,True,True,,1.1318199999999998
42.25408935546875,31.6021728515625,0.0,2.79241943359375,1125.94,C++/xC++.csv,87,9,C++,fasta,True,True,,1.1259400000000002
43.1761474609375,32.2166748046875,0.0,2.846435546875,1148.29,C++/xC++.csv,88,9,C++,fasta,True,True,,1.14829
43.15606689453125,32.08148193359375,0.0,2.87384033203125,1159.72,C++/xC++.csv,89,9,C++,fasta,True,True,,1.15972
42.84423828125,31.9364013671875,0.0,2.8453369140625,1147.02,C++/xC++.csv,90,9,C++,fasta,True,True,,1.14702
21.16949462890625,15.36737060546875,0.0,1.6397705078125,678.786,C++/xC++.csv,91,10,C++,spectral-norm,True,True,,0.6787859999999999
21.34197998046875,15.609375,0.0,1.60797119140625,665.28,C++/xC++.csv,92,10,C++,spectral-norm,True,True,,0.66528
21.3250732421875,15.59051513671875,0.0,1.6080322265625,665.657,C++/xC++.csv,93,10,C++,spectral-norm,True,True,,0.665657
21.30126953125,15.57928466796875,0.0,1.60791015625,665.591,C++/xC++.csv,94,10,C++,spectral-norm,True,True,,0.665591
21.34991455078125,15.61474609375,0.0,1.60784912109375,665.149,C++/xC++.csv,95,10,C++,spectral-norm,True,True,,0.665149
21.29998779296875,15.57537841796875,0.0,1.60791015625,665.659,C++/xC++.csv,96,10,C++,spectral-norm,True,True,,0.665659
21.3468017578125,15.61041259765625,0.0,1.60797119140625,665.307,C++/xC++.csv,97,10,C++,spectral-norm,True,True,,0.665307
21.36737060546875,15.6309814453125,0.0,1.60791015625,665.16,C++/xC++.csv,98,10,C++,spectral-norm,True,True,,0.66516
21.41888427734375,15.69873046875,0.0,1.60546875,665.26,C++/xC++.csv,99,10,C++,spectral-norm,True,True,,0.66526
21.36297607421875,15.62310791015625,0.0,1.61029052734375,665.8,C++/xC++.csv,100,10,C++,spectral-norm,True,True,,0.6658
113.99090576171875,56.05389404296875,0.00115966796875,14.8125,6129.44,CSharp/CSharp.csv,1,1,CSharp,n-body,False,True,,6.12944
113.96026611328125,56.1138916015625,0.0,14.77191162109375,6111.73,CSharp/CSharp.csv,2,1,CSharp,n-body,False,True,,6.11173
113.65704345703125,55.904052734375,0.0,14.76641845703125,6110.01,CSharp/CSharp.csv,3,1,CSharp,n-body,False,True,,6.11001
113.40802001953125,55.718017578125,0.0,14.78070068359375,6116.71,CSharp/CSharp.csv,4,1,CSharp,n-body,False,True,,6.11671
113.82122802734375,55.95654296875,0.0,14.7642822265625,6108.16,CSharp/CSharp.csv,5,1,CSharp,n-body,False,True,,6.10816
112.55712890625,55.2242431640625,0.0,14.75958251953125,6107.16,CSharp/CSharp.csv,6,1,CSharp,n-body,False,True,,6.1071599999999995
113.5184326171875,55.751708984375,0.0,14.76214599609375,6108.25,CSharp/CSharp.csv,7,1,CSharp,n-body,False,True,,6.10825
110.361572265625,54.154052734375,0.0009765625,14.77813720703125,6115.35,CSharp/CSharp.csv,8,1,CSharp,n-body,False,True,,6.11535
109.9154052734375,53.91668701171875,0.0,14.76947021484375,6110.32,CSharp/CSharp.csv,9,1,CSharp,n-body,False,True,,6.11032
109.94451904296875,53.848876953125,0.0,14.76617431640625,6110.42,CSharp/CSharp.csv,10,1,CSharp,n-body,False,True,,6.11042
269.98126220703125,157.84576416015625,0.0,34.6168212890625,10813.7,CSharp/CSharp.csv,11,2,CSharp,binary-trees,False,True,,10.8137
274.19091796875,160.57659912109375,0.00115966796875,35.1456298828125,10989.1,CSharp/CSharp.csv,12,2,CSharp,binary-trees,False,True,,10.9891
273.63671875,160.116943359375,0.0,34.66815185546875,10849.7,CSharp/CSharp.csv,13,2,CSharp,binary-trees,False,True,,10.8497
272.50860595703125,159.75860595703125,0.0,34.5477294921875,10817.2,CSharp/CSharp.csv,14,2,CSharp,binary-trees,False,True,,10.817200000000001
273.60260009765625,160.6572265625,0.0,34.7034912109375,10832.8,CSharp/CSharp.csv,15,2,CSharp,binary-trees,False,True,,10.832799999999999
270.4013671875,158.91046142578125,0.00115966796875,34.27081298828125,10697.2,CSharp/CSharp.csv,16,2,CSharp,binary-trees,False,True,,10.6972
273.74658203125,160.670166015625,0.0,34.71575927734375,10838.8,CSharp/CSharp.csv,17,2,CSharp,binary-trees,False,True,,10.838799999999999
274.1331787109375,161.10455322265625,0.0,34.84124755859375,10877.8,CSharp/CSharp.csv,18,2,CSharp,binary-trees,False,True,,10.877799999999999
268.47601318359375,157.52630615234375,0.0,34.39996337890625,10723.2,CSharp/CSharp.csv,19,2,CSharp,binary-trees,False,True,,10.7232
265.110595703125,155.399658203125,0.001220703125,34.00335693359375,10629.2,CSharp/CSharp.csv,20,2,CSharp,binary-trees,False,True,,10.6292
16.79962158203125,10.80322265625,0.0,2.08990478515625,622.528,CSharp/CSharp.csv,21,3,CSharp,reverse-complement,False,True,,0.622528
17.40643310546875,11.339111328125,0.0,2.04193115234375,595.895,CSharp/CSharp.csv,22,3,CSharp,reverse-complement,False,True,,0.595895
16.71795654296875,10.92681884765625,0.0,2.0167236328125,584.644,CSharp/CSharp.csv,23,3,CSharp,reverse-complement,False,True,,0.584644
16.8653564453125,11.05224609375,0.0,1.98223876953125,576.963,CSharp/CSharp.csv,24,3,CSharp,reverse-complement,False,True,,0.576963
17.18597412109375,11.2080078125,0.0,2.01397705078125,592.223,CSharp/CSharp.csv,25,3,CSharp,reverse-complement,False,True,,0.5922229999999999
16.7181396484375,10.97021484375,0.0,1.975830078125,576.157,CSharp/CSharp.csv,26,3,CSharp,reverse-complement,False,True,,0.576157
17.13018798828125,11.20294189453125,0.0,2.0074462890625,585.838,CSharp/CSharp.csv,27,3,CSharp,reverse-complement,False,True,,0.585838
17.0999755859375,11.18096923828125,0.0,2.0242919921875,582.657,CSharp/CSharp.csv,28,3,CSharp,reverse-complement,False,True,,0.5826570000000001
17.200927734375,11.228759765625,0.0,2.04681396484375,591.642,CSharp/CSharp.csv,29,3,CSharp,reverse-complement,False,True,,0.591642
17.10833740234375,11.14141845703125,0.0,2.04833984375,594.145,CSharp/CSharp.csv,30,3,CSharp,reverse-complement,False,True,,0.594145
621.66455078125,485.4404296875,0.0,37.1038818359375,14761.3,CSharp/CSharp.csv,31,4,CSharp,regex-redux,False,True,,14.761299999999999
623.9197387695312,-261657.66772460938,0.001220703125,37.40032958984375,14880.6,CSharp/CSharp.csv,32,4,CSharp,regex-redux,False,False,negative_energy,14.880600000000001
624.7440795898438,488.324951171875,0.0,37.015869140625,14724.0,CSharp/CSharp.csv,33,4,CSharp,regex-redux,False,True,,14.724
623.3380737304688,488.32928466796875,0.0,36.62847900390625,14555.4,CSharp/CSharp.csv,34,4,CSharp,regex-redux,False,True,,14.555399999999999
632.3729858398438,493.29864501953125,0.00128173828125,37.34747314453125,14871.3,CSharp/CSharp.csv,35,4,CSharp,regex-redux,False,True,,14.8713
630.8153686523438,493.98101806640625,0.0,36.90692138671875,14674.7,CSharp/CSharp.csv,36,4,CSharp,regex-redux,False,True,,14.674700000000001
633.2828979492188,495.593017578125,0.0,37.042724609375,14713.5,CSharp/CSharp.csv,37,4,CSharp,regex-redux,False,True,,14.7135
632.353759765625,495.07635498046875,0.0013427734375,36.86053466796875,14657.9,CSharp/CSharp.csv,38,4,CSharp,regex-redux,False,True,,14.6579
631.2437744140625,494.64862060546875,0.0,36.6856689453125,14590.3,CSharp/CSharp.csv,39,4,CSharp,regex-redux,False,True,,14.5903
634.4627075195312,496.3182373046875,0.0,36.99188232421875,14709.8,CSharp/CSharp.csv,40,4,CSharp,regex-redux,False,True,,14.7098
476.3472900390625,377.693603515625,0.00128173828125,26.24041748046875,10859.8,CSharp/CSharp.csv,41,5,CSharp,fannkuch-redux,False,True,,10.8598
476.7117919921875,378.08355712890625,0.0,26.159423828125,10824.0,CSharp/CSharp.csv,42,5,CSharp,fannkuch-redux,False,True,,10.824
478.48504638671875,379.52081298828125,0.0,26.1923828125,10839.1,CSharp/CSharp.csv,43,5,CSharp,fannkuch-redux,False,True,,10.8391
476.84283447265625,378.59039306640625,0.0,26.02789306640625,10770.4,CSharp/CSharp.csv,44,5,CSharp,fannkuch-redux,False,True,,10.7704
477.55499267578125,379.2552490234375,0.0013427734375,26.0252685546875,10770.1,CSharp/CSharp.csv,45,5,CSharp,fannkuch-redux,False,True,,10.770100000000001
477.36688232421875,378.97198486328125,0.0,26.047119140625,10778.9,CSharp/CSharp.csv,46,5,CSharp,fannkuch-redux,False,True,,10.7789
478.18121337890625,379.51617431640625,0.0,26.1094970703125,10805.1,CSharp/CSharp.csv,47,5,CSharp,fannkuch-redux,False,True,,10.8051
478.01318359375,379.5660400390625,0.0,26.06463623046875,10784.9,CSharp/CSharp.csv,48,5,CSharp,fannkuch-redux,False,True,,10.7849
478.00701904296875,379.412841796875,0.00140380859375,26.0924072265625,10798.5,CSharp/CSharp.csv,49,5,CSharp,fannkuch-redux,False,True,,10.7985
463.37945556640625,369.49334716796875,0.0,25.21160888671875,10433.0,CSharp/CSharp.csv,50,5,CSharp,fannkuch-redux,False,True,,10.433
264.600341796875,193.04095458984375,0.0,20.60540771484375,7198.58,CSharp/CSharp.csv,51,6,CSharp,k-nucleotide,False,True,,7.19858
264.85369873046875,193.4002685546875,0.0,20.4327392578125,7132.25,CSharp/CSharp.csv,52,6,CSharp,k-nucleotide,False,True,,7.13225
266.49652099609375,193.87213134765625,0.00146484375,21.07373046875,7262.52,CSharp/CSharp.csv,53,6,CSharp,k-nucleotide,False,True,,7.26252
264.2772216796875,192.93060302734375,0.0,20.46875,7149.35,CSharp/CSharp.csv,54,6,CSharp,k-nucleotide,False,True,,7.14935
265.521240234375,193.423583984375,0.0,20.971435546875,7220.65,CSharp/CSharp.csv,55,6,CSharp,k-nucleotide,False,True,,7.22065
264.72955322265625,193.00775146484375,0.0,20.8570556640625,7181.26,CSharp/CSharp.csv,56,6,CSharp,k-nucleotide,False,True,,7.18126
270.78948974609375,196.58807373046875,0.0,21.64776611328125,7428.65,CSharp/CSharp.csv,57,6,CSharp,k-nucleotide,False,True,,7.428649999999999
270.3787841796875,195.74493408203125,0.0,21.9989013671875,7482.52,CSharp/CSharp.csv,58,6,CSharp,k-nucleotide,False,True,,7.48252
262.40118408203125,191.9410400390625,0.00140380859375,20.28375244140625,7045.92,CSharp/CSharp.csv,59,6,CSharp,k-nucleotide,False,True,,7.04592
271.24505615234375,197.153564453125,0.0,21.57049560546875,7423.13,CSharp/CSharp.csv,60,6,CSharp,k-nucleotide,False,True,,7.4231300000000005
179.24664306640625,143.39111328125,0.0,9.6748046875,3991.67,CSharp/CSharp.csv,61,7,CSharp,mandelbrot,False,True,,3.99167
179.71392822265625,143.95501708984375,0.0,9.61297607421875,3964.78,CSharp/CSharp.csv,62,7,CSharp,mandelbrot,False,True,,3.96478
179.62615966796875,143.9036865234375,0.0,9.60516357421875,3962.72,CSharp/CSharp.csv,63,7,CSharp,mandelbrot,False,True,,3.96272
181.42144775390625,145.36798095703125,0.0,9.61114501953125,3963.84,CSharp/CSharp.csv,64,7,CSharp,mandelbrot,False,True,,3.9638400000000003
180.4625244140625,144.59381103515625,0.0,9.6126708984375,3965.04,CSharp/CSharp.csv,65,7,CSharp,mandelbrot,False,True,,3.96504
180.88690185546875,144.92889404296875,0.00128173828125,9.61639404296875,3965.92,CSharp/CSharp.csv,66,7,CSharp,mandelbrot,False,True,,3.96592
181.23284912109375,145.220947265625,0.0,9.6134033203125,3964.82,CSharp/CSharp.csv,67,7,CSharp,mandelbrot,False,True,,3.96482
181.227294921875,145.23687744140625,0.0,9.6097412109375,3964.71,CSharp/CSharp.csv,68,7,CSharp,mandelbrot,False,True,,3.96471
180.93328857421875,145.04339599609375,0.0,9.596923828125,3957.87,CSharp/CSharp.csv,69,7,CSharp,mandelbrot,False,True,,3.9578699999999998
181.53125,145.5286865234375,0.0,9.60882568359375,3962.91,CSharp/CSharp.csv,70,7,CSharp,mandelbrot,False,True,,3.96291
20.64080810546875,11.5115966796875,0.0,2.3707275390625,980.015,CSharp/CSharp.csv,71,8,CSharp,pidigits,False,True,,0.980015
20.82928466796875,11.84735107421875,0.0,2.28240966796875,941.534,CSharp/CSharp.csv,72,8,CSharp,pidigits,False,True,,0.941534
20.77447509765625,11.77972412109375,0.0,2.283935546875,943.91,CSharp/CSharp.csv,73,8,CSharp,pidigits,False,True,,0.9439099999999999
20.9676513671875,11.9442138671875,0.0,2.29913330078125,948.351,CSharp/CSharp.csv,74,8,CSharp,pidigits,False,True,,0.9483509999999999
20.80902099609375,11.866943359375,0.0,2.28118896484375,942.588,CSharp/CSharp.csv,75,8,CSharp,pidigits,False,True,,0.942588
20.87652587890625,11.894287109375,0.0,2.29107666015625,946.061,CSharp/CSharp.csv,76,8,CSharp,pidigits,False,True,,0.946061
20.88470458984375,11.922119140625,0.0,2.28131103515625,942.018,CSharp/CSharp.csv,77,8,CSharp,pidigits,False,True,,0.942018
20.7646484375,11.83734130859375,0.0,2.27935791015625,941.31,CSharp/CSharp.csv,78,8,CSharp,pidigits,False,True,,0.94131
20.71649169921875,11.8045654296875,0.0,2.27960205078125,940.953,CSharp/CSharp.csv,79,8,CSharp,pidigits,False,True,,0.9409529999999999
20.92578125,11.89410400390625,0.0,2.293701171875,947.703,CSharp/CSharp.csv,80,8,CSharp,pidigits,False,True,,0.947703
59.58380126953125,44.29791259765625,0.0,4.19036865234375,1673.28,CSharp/CSharp.csv,81,9,CSharp,fasta,False,True,,1.6732799999999999
57.44091796875,43.1424560546875,0.0,3.89111328125,1550.37,CSharp/CSharp.csv,82,9,CSharp,fasta,False,True,,1.5503699999999998
57.85296630859375,43.31854248046875,0.0,3.94696044921875,1575.67,CSharp/CSharp.csv,83,9,CSharp,fasta,False,True,,1.5756700000000001
57.18316650390625,42.76812744140625,0.00115966796875,3.9014892578125,1557.79,CSharp/CSharp.csv,84,9,CSharp,fasta,False,True,,1.55779
55.52313232421875,41.75115966796875,0.0,3.75537109375,1496.96,CSharp/CSharp.csv,85,9,CSharp,fasta,False,True,,1.49696
53.96466064453125,40.645751953125,0.0,3.6112060546875,1441.26,CSharp/CSharp.csv,86,9,CSharp,fasta,False,True,,1.44126
57.249267578125,42.95794677734375,0.0,3.8883056640625,1550.12,CSharp/CSharp.csv,87,9,CSharp,fasta,False,True,,1.55012
57.0440673828125,42.91949462890625,0.0,3.86376953125,1539.69,CSharp/CSharp.csv,88,9,CSharp,fasta,False,True,,1.53969
57.57440185546875,43.11810302734375,0.0,3.92559814453125,1565.48,CSharp/CSharp.csv,89,9,CSharp,fasta,False,True,,1.56548
57.83843994140625,43.38079833984375,0.0,3.93408203125,1567.3,CSharp/CSharp.csv,90,9,CSharp,fasta,False,True,,1.5673
45.6263427734375,33.37060546875,0.0,3.3868408203125,1399.51,CSharp/CSharp.csv,91,10,CSharp,spectral-norm,False,True,,1.39951
45.72271728515625,33.6038818359375,0.0,3.32574462890625,1374.99,CSharp/CSharp.csv,92,10,CSharp,spectral-norm,False,True,,1.37499
45.69329833984375,33.58837890625,0.0,3.32403564453125,1373.19,CSharp/CSharp.csv,93,10,CSharp,spectral-norm,False,True,,1.3731900000000001
45.8480224609375,33.70294189453125,0.0,3.33172607421875,1375.41,CSharp/CSharp.csv,94,10,CSharp,spectral-norm,False,True,,1.37541
45.84539794921875,33.701904296875,0.0,3.3284912109375,1375.4,CSharp/CSharp.csv,95,10,CSharp,spectral-norm,False,True,,1.3754000000000002
45.76544189453125,33.6495361328125,0.0,3.32415771484375,1373.12,CSharp/CSharp.csv,96,10,CSharp,spectral-norm,False,True,,1.37312
45.7218017578125,33.59381103515625,0.0,3.323974609375,1373.05,CSharp/CSharp.csv,97,10,CSharp,spectral-norm,False,True,,1.3730499999999999
45.718994140625,33.61181640625,0.0,3.3206787109375,1372.86,CSharp/CSharp.csv,98,10,CSharp,spectral-norm,False,True,,1.37286
45.85052490234375,33.61480712890625,0.0,3.3504638671875,1384.69,CSharp/CSharp.csv,99,10,CSharp,spectral-norm,False,True,,1.38469
45.7012939453125,33.5924072265625,0.0,3.323974609375,1373.02,CSharp/CSharp.csv,100,10,CSharp,spectral-norm,False,True,,1.37302
109.01824951171875,53.19305419921875,0.00079345703125,14.81707763671875,6131.26,CSharp/xCSharp.csv,1,1,CSharp,n-body,True,True,,6.13126
111.57440185546875,56.33038330078125,0.0,14.76300048828125,6109.71,CSharp/xCSharp.csv,2,1,CSharp,n-body,True,True,,6.10971
109.1051025390625,53.36505126953125,0.0,14.763671875,6108.46,CSharp/xCSharp.csv,3,1,CSharp,n-body,True,True,,6.10846
108.98333740234375,53.26409912109375,0.0,14.758544921875,6106.81,CSharp/xCSharp.csv,4,1,CSharp,n-body,True,True,,6.10681
109.037841796875,53.33807373046875,0.0,14.76312255859375,6109.23,CSharp/xCSharp.csv,5,1,CSharp,n-body,True,True,,6.109229999999999
109.124755859375,53.39935302734375,0.0,14.7657470703125,6109.95,CSharp/xCSharp.csv,6,1,CSharp,n-body,True,True,,6.1099499999999995
109.0238037109375,53.2650146484375,0.0,14.773681640625,6112.83,CSharp/xCSharp.csv,7,1,CSharp,n-body,True,True,,6.11283
110.17486572265625,53.836181640625,0.0008544921875,14.90911865234375,6169.31,CSharp/xCSharp.csv,8,1,CSharp,n-body,True,True,,6.16931
109.15301513671875,53.37481689453125,0.0,14.76849365234375,6110.67,CSharp/xCSharp.csv,9,1,CSharp,n-body,True,True,,6.11067
108.85552978515625,53.1968994140625,0.0,14.76312255859375,6109.21,CSharp/xCSharp.csv,10,1,CSharp,n-body,True,True,,6.10921
261.39117431640625,152.64825439453125,0.0,34.38360595703125,10750.5,CSharp/xCSharp.csv,11,2,CSharp,binary-trees,True,True,,10.7505
267.10614013671875,155.88946533203125,0.0,35.00531005859375,10940.6,CSharp/xCSharp.csv,12,2,CSharp,binary-trees,True,True,,10.9406
263.576904296875,154.02490234375,0.0,34.366455078125,10735.1,CSharp/xCSharp.csv,13,2,CSharp,binary-trees,True,True,,10.735100000000001
264.5692138671875,154.7808837890625,0.00103759765625,34.496826171875,10770.0,CSharp/xCSharp.csv,14,2,CSharp,binary-trees,True,True,,10.77
267.37030029296875,156.34490966796875,0.0,34.86175537109375,10900.8,CSharp/xCSharp.csv,15,2,CSharp,binary-trees,True,True,,10.900799999999998
267.3182373046875,156.0660400390625,0.0,35.00238037109375,10925.5,CSharp/xCSharp.csv,16,2,CSharp,binary-trees,True,True,,10.9255
263.39990234375,154.31597900390625,0.0,34.1466064453125,10700.2,CSharp/xCSharp.csv,17,2,CSharp,binary-trees,True,True,,10.7002
264.33770751953125,154.74432373046875,0.001220703125,34.30328369140625,10720.0,CSharp/xCSharp.csv,18,2,CSharp,binary-trees,True,True,,10.72
271.4378662109375,158.75103759765625,0.0,35.32421875,11080.3,CSharp/xCSharp.csv,19,2,CSharp,binary-trees,True,True,,11.0803
265.285888671875,155.35211181640625,0.0,34.18145751953125,10685.0,CSharp/xCSharp.csv,20,2,CSharp,binary-trees,True,True,,10.685
16.66448974609375,10.7518310546875,0.0,2.0531005859375,611.427,CSharp/xCSharp.csv,21,3,CSharp,reverse-complement,True,True,,0.611427
16.15863037109375,10.551513671875,0.0,1.9608154296875,571.972,CSharp/xCSharp.csv,22,3,CSharp,reverse-complement,True,True,,0.5719719999999999
16.5223388671875,10.79638671875,0.0,1.9891357421875,584.708,CSharp/xCSharp.csv,23,3,CSharp,reverse-complement,True,True,,0.584708
16.313720703125,10.6016845703125,0.0,1.99566650390625,586.235,CSharp/xCSharp.csv,24,3,CSharp,reverse-complement,True,True,,0.5862350000000001
16.2376708984375,10.615478515625,0.0,1.97027587890625,576.626,CSharp/xCSharp.csv,25,3,CSharp,reverse-complement,True,True,,0.576626
16.37255859375,10.71673583984375,0.0,1.96875,575.27,CSharp/xCSharp.csv,26,3,CSharp,reverse-complement,True,True,,0.57527
16.42584228515625,10.7269287109375,0.0,1.9761962890625,578.049,CSharp/xCSharp.csv,27,3,CSharp,reverse-complement,True,True,,0.5780489999999999
16.17510986328125,10.60150146484375,0.0,1.97760009765625,575.542,CSharp/xCSharp.csv,28,3,CSharp,reverse-complement,True,True,,0.575542
16.34039306640625,10.7091064453125,0.0,1.96502685546875,574.34,CSharp/xCSharp.csv,29,3,CSharp,reverse-complement,True,True,,0.5743400000000001
16.31182861328125,10.69586181640625,0.0,1.964599609375,574.07,CSharp/xCSharp.csv,30,3,CSharp,reverse-complement,True,True,,0.5740700000000001
612.8580322265625,475.10003662109375,0.0,38.03802490234375,15153.9,CSharp/xCSharp.csv,31,4,CSharp,regex-redux,True,True,,15.1539
616.4129028320312,480.50164794921875,0.00103759765625,37.2921142578125,14831.9,CSharp/xCSharp.csv,32,4,CSharp,regex-redux,True,True,,14.8319
614.2117919921875,480.57904052734375,0.0,36.59869384765625,14550.8,CSharp/xCSharp.csv,33,4,CSharp,regex-redux,True,True,,14.550799999999999
622.005859375,485.78985595703125,0.0,37.08349609375,14748.6,CSharp/xCSharp.csv,34,4,CSharp,regex-redux,True,True,,14.7486
621.2213134765625,485.63323974609375,0.001220703125,36.92596435546875,14687.8,CSharp/xCSharp.csv,35,4,CSharp,regex-redux,True,True,,14.6878
628.6055297851562,489.10888671875,0.0,37.794189453125,15058.1,CSharp/xCSharp.csv,36,4,CSharp,regex-redux,True,True,,15.0581
623.40576171875,485.77301025390625,0.0,37.364013671875,14879.5,CSharp/xCSharp.csv,37,4,CSharp,regex-redux,True,True,,14.8795
624.3659057617188,488.83929443359375,0.001220703125,36.7462158203125,14606.1,CSharp/xCSharp.csv,38,4,CSharp,regex-redux,True,True,,14.6061
635.8894653320312,493.72930908203125,0.0,38.1650390625,15212.0,CSharp/xCSharp.csv,39,4,CSharp,regex-redux,True,True,,15.212
622.3733520507812,488.388916015625,0.0,36.2716064453125,14420.8,CSharp/xCSharp.csv,40,4,CSharp,regex-redux,True,True,,14.4208
472.75299072265625,374.13128662109375,0.0,26.57470703125,10985.7,CSharp/xCSharp.csv,41,5,CSharp,fannkuch-redux,True,True,,10.985700000000001
468.64788818359375,371.3287353515625,0.0010986328125,26.13079833984375,10814.2,CSharp/xCSharp.csv,42,5,CSharp,fannkuch-redux,True,True,,10.814200000000001
468.0523681640625,370.8994140625,0.0,26.12164306640625,10809.5,CSharp/xCSharp.csv,43,5,CSharp,fannkuch-redux,True,True,,10.8095
469.38189697265625,372.145751953125,0.0,26.08001708984375,10792.8,CSharp/xCSharp.csv,44,5,CSharp,fannkuch-redux,True,True,,10.7928
470.9149169921875,373.034912109375,0.00140380859375,26.21337890625,10847.7,CSharp/xCSharp.csv,45,5,CSharp,fannkuch-redux,True,True,,10.847700000000001
470.44622802734375,372.87615966796875,0.0,26.1697998046875,10829.8,CSharp/xCSharp.csv,46,5,CSharp,fannkuch-redux,True,True,,10.829799999999999
470.04998779296875,373.0113525390625,0.0,26.048583984375,10780.1,CSharp/xCSharp.csv,47,5,CSharp,fannkuch-redux,True,True,,10.780100000000001
470.90545654296875,373.572509765625,0.0,26.10040283203125,10800.1,CSharp/xCSharp.csv,48,5,CSharp,fannkuch-redux,True,True,,10.8001
473.15972900390625,374.95294189453125,0.0013427734375,26.25958251953125,10867.5,CSharp/xCSharp.csv,49,5,CSharp,fannkuch-redux,True,True,,10.8675
474.185546875,376.203369140625,0.0,26.09478759765625,10798.3,CSharp/xCSharp.csv,50,5,CSharp,fannkuch-redux,True,True,,10.7983
256.609130859375,187.178466796875,0.0,20.39849853515625,7073.09,CSharp/xCSharp.csv,51,6,CSharp,k-nucleotide,True,True,,7.0730900000000005
258.2427978515625,188.70556640625,0.0,20.43804931640625,7069.37,CSharp/xCSharp.csv,52,6,CSharp,k-nucleotide,True,True,,7.06937
264.9168701171875,192.407958984375,0.0,21.486083984375,7378.6,CSharp/xCSharp.csv,53,6,CSharp,k-nucleotide,True,True,,7.3786000000000005
279.670166015625,204.4736328125,0.0,21.7567138671875,7675.69,CSharp/xCSharp.csv,54,6,CSharp,k-nucleotide,True,True,,7.6756899999999995
257.209716796875,188.01416015625,0.0,20.21875,7023.75,CSharp/xCSharp.csv,55,6,CSharp,k-nucleotide,True,True,,7.02375
265.82366943359375,192.3599853515625,0.001220703125,21.90618896484375,7468.21,CSharp/xCSharp.csv,56,6,CSharp,k-nucleotide,True,True,,7.46821
257.0186767578125,187.70172119140625,0.0,20.30377197265625,7056.35,CSharp/xCSharp.csv,57,6,CSharp,k-nucleotide,True,True,,7.05635
255.12127685546875,187.06829833984375,0.0,19.93267822265625,6933.65,CSharp/xCSharp.csv,58,6,CSharp,k-nucleotide,True,True,,6.933649999999999
259.35955810546875,189.49212646484375,0.0,20.4017333984375,7088.83,CSharp/xCSharp.csv,59,6,CSharp,k-nucleotide,True,True,,7.08883
258.7916259765625,190.5179443359375,0.0,20.2376708984375,6949.81,CSharp/xCSharp.csv,60,6,CSharp,k-nucleotide,True,True,,6.94981
174.23541259765625,139.13421630859375,0.0,9.67340087890625,3991.23,CSharp/xCSharp.csv,61,7,CSharp,mandelbrot,True,True,,3.99123
175.47705078125,140.3350830078125,0.0,9.60845947265625,3963.82,CSharp/xCSharp.csv,62,7,CSharp,mandelbrot,True,True,,3.96382
175.63177490234375,140.48321533203125,0.0,9.60894775390625,3964.17,CSharp/xCSharp.csv,63,7,CSharp,mandelbrot,True,True,,3.96417
175.34429931640625,140.31439208984375,0.0,9.5924072265625,3956.69,CSharp/xCSharp.csv,64,7,CSharp,mandelbrot,True,True,,3.95669
175.56622314453125,140.489013671875,0.0,9.6011962890625,3961.65,CSharp/xCSharp.csv,65,7,CSharp,mandelbrot,True,True,,3.96165
175.7393798828125,140.6300048828125,0.0,9.60552978515625,3962.9,CSharp/xCSharp.csv,66,7,CSharp,mandelbrot,True,True,,3.9629000000000003
175.55914306640625,140.5015869140625,0.00103759765625,9.59906005859375,3960.23,CSharp/xCSharp.csv,67,7,CSharp,mandelbrot,True,True,,3.96023
175.43035888671875,140.43243408203125,0.0,9.58380126953125,3954.27,CSharp/xCSharp.csv,68,7,CSharp,mandelbrot,True,True,,3.95427
176.3134765625,141.10888671875,0.0,9.61334228515625,3966.85,CSharp/xCSharp.csv,69,7,CSharp,mandelbrot,True,True,,3.96685
175.81121826171875,140.73992919921875,0.0,9.6072998046875,3960.99,CSharp/xCSharp.csv,70,7,CSharp,mandelbrot,True,True,,3.96099
24.540283203125,15.5750732421875,0.0,2.49114990234375,982.581,CSharp/xCSharp.csv,71,8,CSharp,pidigits,True,True,,0.982581
20.06915283203125,11.36956787109375,0.0,2.28582763671875,944.044,CSharp/xCSharp.csv,72,8,CSharp,pidigits,True,True,,0.944044
20.1240234375,11.40802001953125,0.0,2.28118896484375,941.598,CSharp/xCSharp.csv,73,8,CSharp,pidigits,True,True,,0.9415979999999999
20.1064453125,11.4151611328125,0.0,2.29132080078125,946.291,CSharp/xCSharp.csv,74,8,CSharp,pidigits,True,True,,0.9462910000000001
20.135009765625,11.41485595703125,0.0,2.276611328125,940.385,CSharp/xCSharp.csv,75,8,CSharp,pidigits,True,True,,0.940385
20.3251953125,11.54412841796875,0.0,2.28839111328125,945.198,CSharp/xCSharp.csv,76,8,CSharp,pidigits,True,True,,0.945198
20.15679931640625,11.4234619140625,0.0,2.28125,941.802,CSharp/xCSharp.csv,77,8,CSharp,pidigits,True,True,,0.941802
20.0865478515625,11.37078857421875,0.0,2.2857666015625,944.471,CSharp/xCSharp.csv,78,8,CSharp,pidigits,True,True,,0.944471
20.249755859375,11.4820556640625,0.0,2.296142578125,948.094,CSharp/xCSharp.csv,79,8,CSharp,pidigits,True,True,,0.9480940000000001
20.19927978515625,11.4710693359375,0.0,2.27862548828125,941.298,CSharp/xCSharp.csv,80,8,CSharp,pidigits,True,True,,0.941298
53.5596923828125,40.01776123046875,0.0,3.8162841796875,1525.11,CSharp/xCSharp.csv,81,9,CSharp,fasta,True,True,,1.52511
56.3446044921875,42.04388427734375,0.0,3.97808837890625,1587.32,CSharp/xCSharp.csv,82,9,CSharp,fasta,True,True,,1.5873199999999998
56.09222412109375,41.8873291015625,0.0,3.94464111328125,1573.28,CSharp/xCSharp.csv,83,9,CSharp,fasta,True,True,,1.57328
55.400634765625,41.5264892578125,0.0,3.88739013671875,1546.98,CSharp/xCSharp.csv,84,9,CSharp,fasta,True,True,,1.54698
55.914794921875,41.88433837890625,0.0,3.916015625,1558.45,CSharp/xCSharp.csv,85,9,CSharp,fasta,True,True,,1.5584500000000001
56.22198486328125,41.9173583984375,0.0,3.95721435546875,1577.01,CSharp/xCSharp.csv,86,9,CSharp,fasta,True,True,,1.57701
56.3206787109375,42.14093017578125,0.0,3.9476318359375,1571.72,CSharp/xCSharp.csv,87,9,CSharp,fasta,True,True,,1.57172
56.361572265625,42.14093017578125,0.0,3.96209716796875,1579.69,CSharp/xCSharp.csv,88,9,CSharp,fasta,True,True,,1.57969
53.890380859375,40.30712890625,0.0,3.76123046875,1500.4,CSharp/xCSharp.csv,89,9,CSharp,fasta,True,True,,1.5004000000000002
53.23956298828125,40.03497314453125,0.0,3.67913818359375,1469.23,CSharp/xCSharp.csv,90,9,CSharp,fasta,True,True,,1.46923
43.89056396484375,31.99176025390625,0.0,3.4033203125,1405.46,CSharp/xCSharp.csv,91,10,CSharp,spectral-norm,True,True,,1.40546
43.904296875,32.17120361328125,0.0,3.32025146484375,1372.99,CSharp/xCSharp.csv,92,10,CSharp,spectral-norm,True,True,,1.37299
43.96478271484375,32.19854736328125,0.0,3.32550048828125,1374.09,CSharp/xCSharp.csv,93,10,CSharp,spectral-norm,True,True,,1.3740899999999998
44.08935546875,32.3023681640625,0.0,3.3271484375,1375.24,CSharp/xCSharp.csv,94,10,CSharp,spectral-norm,True,True,,1.37524
44.23126220703125,32.4259033203125,0.0,3.3280029296875,1375.06,CSharp/xCSharp.csv,95,10,CSharp,spectral-norm,True,True,,1.37506
44.2303466796875,32.4259033203125,0.0,3.32537841796875,1374.17,CSharp/xCSharp.csv,96,10,CSharp,spectral-norm,True,True,,1.3741700000000001
44.16339111328125,32.36822509765625,0.0,3.32806396484375,1374.98,CSharp/xCSharp.csv,97,10,CSharp,spectral-norm,True,True,,1.37498
44.30743408203125,32.49652099609375,0.0,3.32568359375,1373.6,CSharp/xCSharp.csv,98,10,CSharp,spectral-norm,True,True,,1.3736
44.29742431640625,32.47589111328125,0.0,3.32794189453125,1375.13,CSharp/xCSharp.csv,99,10,CSharp,spectral-norm,True,True,,1.3751300000000002
44.291748046875,32.489501953125,0.0,3.32293701171875,1373.69,CSharp/xCSharp.csv,100,10,CSharp,spectral-norm,True,True,,1.37369
92.7918701171875,45.04248046875,0.0,12.65252685546875,5233.34,Chapel/Chapel.csv,1,1,Chapel,n-body,False,True,,5.23334
93.00067138671875,45.3880615234375,0.0,12.5733642578125,5200.25,Chapel/Chapel.csv,2,1,Chapel,n-body,False,True,,5.20025
92.9248046875,45.35272216796875,0.0,12.5743408203125,5199.83,Chapel/Chapel.csv,3,1,Chapel,n-body,False,True,,5.1998299999999995
93.25030517578125,45.6669921875,0.0,12.5859375,5202.31,Chapel/Chapel.csv,4,1,Chapel,n-body,False,True,,5.202310000000001
92.9234619140625,45.35888671875,0.0,12.5736083984375,5199.9,Chapel/Chapel.csv,5,1,Chapel,n-body,False,True,,5.1998999999999995
93.61138916015625,45.821533203125,0.0,12.5816650390625,5202.33,Chapel/Chapel.csv,6,1,Chapel,n-body,False,True,,5.20233
93.17230224609375,45.60186767578125,0.0,12.58172607421875,5202.19,Chapel/Chapel.csv,7,1,Chapel,n-body,False,True,,5.20219
92.92535400390625,45.36639404296875,0.0008544921875,12.57275390625,5200.11,Chapel/Chapel.csv,8,1,Chapel,n-body,False,True,,5.20011
92.92388916015625,45.36181640625,0.0,12.57440185546875,5199.71,Chapel/Chapel.csv,9,1,Chapel,n-body,False,True,,5.19971
92.91876220703125,45.37603759765625,0.0,12.57421875,5199.52,Chapel/Chapel.csv,10,1,Chapel,n-body,False,True,,5.199520000000001
274.38177490234375,208.00799560546875,0.0,21.1728515625,7346.01,Chapel/Chapel.csv,11,2,Chapel,binary-trees,False,True,,7.346010000000001
276.353515625,210.046875,0.0,21.00494384765625,7269.69,Chapel/Chapel.csv,12,2,Chapel,binary-trees,False,True,,7.26969
275.785888671875,209.56341552734375,0.0,21.00933837890625,7271.59,Chapel/Chapel.csv,13,2,Chapel,binary-trees,False,True,,7.27159
276.54736328125,210.23040771484375,0.0009765625,20.9788818359375,7262.68,Chapel/Chapel.csv,14,2,Chapel,binary-trees,False,True,,7.2626800000000005
277.04766845703125,210.65838623046875,0.0,20.9853515625,7267.88,Chapel/Chapel.csv,15,2,Chapel,binary-trees,False,True,,7.26788
277.72235107421875,211.23101806640625,0.0,20.97845458984375,7263.71,Chapel/Chapel.csv,16,2,Chapel,binary-trees,False,True,,7.26371
277.5716552734375,211.09521484375,0.0,20.9908447265625,7265.14,Chapel/Chapel.csv,17,2,Chapel,binary-trees,False,True,,7.265140000000001
279.36773681640625,212.59210205078125,0.0,20.98089599609375,7266.55,Chapel/Chapel.csv,18,2,Chapel,binary-trees,False,True,,7.2665500000000005
280.82861328125,213.760498046875,0.0,20.98046875,7264.84,Chapel/Chapel.csv,19,2,Chapel,binary-trees,False,True,,7.26484
280.86871337890625,213.7608642578125,0.001220703125,20.99212646484375,7267.92,Chapel/Chapel.csv,20,2,Chapel,binary-trees,False,True,,7.26792
21.0531005859375,12.03045654296875,0.0,2.865966796875,940.628,Chapel/Chapel.csv,21,3,Chapel,reverse-complement,False,True,,0.940628
21.1280517578125,12.4422607421875,0.0,2.77154541015625,901.336,Chapel/Chapel.csv,22,3,Chapel,reverse-complement,False,True,,0.901336
21.21435546875,12.46429443359375,0.0,2.76422119140625,905.27,Chapel/Chapel.csv,23,3,Chapel,reverse-complement,False,True,,0.90527
21.09222412109375,12.3941650390625,0.0,2.7412109375,898.707,Chapel/Chapel.csv,24,3,Chapel,reverse-complement,False,True,,0.898707
21.294921875,12.52996826171875,0.0,2.7783203125,905.711,Chapel/Chapel.csv,25,3,Chapel,reverse-complement,False,True,,0.905711
21.23388671875,12.45672607421875,0.0,2.7685546875,909.428,Chapel/Chapel.csv,26,3,Chapel,reverse-complement,False,True,,0.909428
21.0076904296875,12.3348388671875,0.0,2.7518310546875,902.022,Chapel/Chapel.csv,27,3,Chapel,reverse-complement,False,True,,0.9020220000000001
21.11126708984375,12.3970947265625,0.0,2.75726318359375,902.386,Chapel/Chapel.csv,28,3,Chapel,reverse-complement,False,True,,0.902386
21.21759033203125,12.45147705078125,0.0,2.76318359375,907.394,Chapel/Chapel.csv,29,3,Chapel,reverse-complement,False,True,,0.907394
21.27618408203125,12.48345947265625,0.0,2.76373291015625,907.176,Chapel/Chapel.csv,30,3,Chapel,reverse-complement,False,True,,0.9071760000000001
125.13800048828125,83.0823974609375,0.0,12.25909423828125,4533.54,Chapel/Chapel.csv,31,4,Chapel,regex-redux,False,True,,4.53354
125.885009765625,83.686279296875,0.0,12.26190185546875,4532.92,Chapel/Chapel.csv,32,4,Chapel,regex-redux,False,True,,4.53292
125.96551513671875,83.7103271484375,0.0,12.2784423828125,4534.97,Chapel/Chapel.csv,33,4,Chapel,regex-redux,False,True,,4.53497
125.23736572265625,83.24951171875,0.0,12.2313232421875,4521.04,Chapel/Chapel.csv,34,4,Chapel,regex-redux,False,True,,4.52104
125.38397216796875,83.3182373046875,0.00103759765625,12.263427734375,4530.7,Chapel/Chapel.csv,35,4,Chapel,regex-redux,False,True,,4.5306999999999995
125.53216552734375,83.4075927734375,0.0,12.24359130859375,4527.82,Chapel/Chapel.csv,36,4,Chapel,regex-redux,False,True,,4.527819999999999
125.431396484375,83.22918701171875,0.0,12.24859619140625,4526.69,Chapel/Chapel.csv,37,4,Chapel,regex-redux,False,True,,4.526689999999999
125.7056884765625,83.530517578125,0.0,12.26885986328125,4528.62,Chapel/Chapel.csv,38,4,Chapel,regex-redux,False,True,,4.52862
125.7178955078125,83.552001953125,0.0,12.25506591796875,4526.78,Chapel/Chapel.csv,39,4,Chapel,regex-redux,False,True,,4.52678
125.60797119140625,83.4959716796875,0.0,12.24383544921875,4522.65,Chapel/Chapel.csv,40,4,Chapel,regex-redux,False,True,,4.52265
331.56451416015625,259.96307373046875,0.0,19.0455322265625,7878.33,Chapel/Chapel.csv,41,5,Chapel,fannkuch-redux,False,True,,7.87833
331.28363037109375,260.0706787109375,0.0010986328125,18.96185302734375,7842.26,Chapel/Chapel.csv,42,5,Chapel,fannkuch-redux,False,True,,7.8422600000000005
333.0804443359375,261.48101806640625,0.0,19.01165771484375,7864.4,Chapel/Chapel.csv,43,5,Chapel,fannkuch-redux,False,True,,7.8644
334.2989501953125,262.518798828125,0.0,18.96893310546875,7845.58,Chapel/Chapel.csv,44,5,Chapel,fannkuch-redux,False,True,,7.84558
333.9649658203125,262.3056640625,0.0,18.98321533203125,7852.03,Chapel/Chapel.csv,45,5,Chapel,fannkuch-redux,False,True,,7.85203
336.32049560546875,264.18389892578125,0.0,18.9727783203125,7848.28,Chapel/Chapel.csv,46,5,Chapel,fannkuch-redux,False,True,,7.84828
337.5284423828125,265.2266845703125,0.0,19.0411376953125,7875.73,Chapel/Chapel.csv,47,5,Chapel,fannkuch-redux,False,True,,7.87573
337.010498046875,264.88897705078125,0.001220703125,18.9949951171875,7857.52,Chapel/Chapel.csv,48,5,Chapel,fannkuch-redux,False,True,,7.85752
337.35565185546875,265.10223388671875,0.0,18.9852294921875,7852.88,Chapel/Chapel.csv,49,5,Chapel,fannkuch-redux,False,True,,7.85288
337.25311279296875,265.0789794921875,0.0,18.9710693359375,7846.78,Chapel/Chapel.csv,50,5,Chapel,fannkuch-redux,False,True,,7.84678
306.15863037109375,235.32135009765625,0.0,21.85089111328125,8104.41,Chapel/Chapel.csv,51,6,Chapel,k-nucleotide,False,True,,8.10441
304.99444580078125,235.58306884765625,0.0,21.5086669921875,7941.36,Chapel/Chapel.csv,52,6,Chapel,k-nucleotide,False,True,,7.9413599999999995
305.68994140625,236.6351318359375,0.00128173828125,21.3677978515625,7889.71,Chapel/Chapel.csv,53,6,Chapel,k-nucleotide,False,True,,7.88971
307.6356201171875,238.1624755859375,0.0,21.61761474609375,7942.87,Chapel/Chapel.csv,54,6,Chapel,k-nucleotide,False,True,,7.94287
305.49560546875,236.620849609375,0.0,21.33221435546875,7863.33,Chapel/Chapel.csv,55,6,Chapel,k-nucleotide,False,True,,7.8633299999999995
308.02410888671875,238.72772216796875,0.0,21.326171875,7871.06,Chapel/Chapel.csv,56,6,Chapel,k-nucleotide,False,True,,7.871060000000001
308.04779052734375,238.6170654296875,0.0,21.40093994140625,7891.48,Chapel/Chapel.csv,57,6,Chapel,k-nucleotide,False,True,,7.89148
307.9031982421875,238.66778564453125,0.0010986328125,21.26849365234375,7848.57,Chapel/Chapel.csv,58,6,Chapel,k-nucleotide,False,True,,7.84857
308.43994140625,238.8880615234375,0.0,21.38055419921875,7893.36,Chapel/Chapel.csv,59,6,Chapel,k-nucleotide,False,True,,7.8933599999999995
309.8402099609375,239.40618896484375,0.0,21.5858154296875,7980.72,Chapel/Chapel.csv,60,6,Chapel,k-nucleotide,False,True,,7.98072
113.35498046875,92.3175048828125,0.0,6.01202392578125,2458.31,Chapel/Chapel.csv,61,7,Chapel,mandelbrot,False,True,,2.45831
113.4979248046875,92.52935791015625,0.0,5.9783935546875,2445.3,Chapel/Chapel.csv,62,7,Chapel,mandelbrot,False,True,,2.4453
113.51580810546875,92.558349609375,0.0,5.974609375,2445.1,Chapel/Chapel.csv,63,7,Chapel,mandelbrot,False,True,,2.4451
113.4423828125,92.50653076171875,0.0,5.972900390625,2443.65,Chapel/Chapel.csv,64,7,Chapel,mandelbrot,False,True,,2.44365
113.4639892578125,92.52203369140625,0.0,5.975341796875,2444.57,Chapel/Chapel.csv,65,7,Chapel,mandelbrot,False,True,,2.44457
114.02117919921875,92.96636962890625,0.0010986328125,5.98748779296875,2449.64,Chapel/Chapel.csv,66,7,Chapel,mandelbrot,False,True,,2.44964
113.73974609375,92.75201416015625,0.0,5.97869873046875,2445.19,Chapel/Chapel.csv,67,7,Chapel,mandelbrot,False,True,,2.44519
113.42401123046875,92.54296875,0.0,5.95599365234375,2436.85,Chapel/Chapel.csv,68,7,Chapel,mandelbrot,False,True,,2.4368499999999997
113.89727783203125,92.88800048828125,0.0,5.97589111328125,2444.28,Chapel/Chapel.csv,69,7,Chapel,mandelbrot,False,True,,2.44428
114.3607177734375,93.35009765625,0.0,5.94989013671875,2433.87,Chapel/Chapel.csv,70,7,Chapel,mandelbrot,False,True,,2.4338699999999998
48.98822021484375,36.14678955078125,0.0,3.4918212890625,1412.09,Chapel/Chapel.csv,71,8,Chapel,fasta,False,True,,1.4120899999999998
49.90289306640625,37.152099609375,0.0,3.41729736328125,1381.44,Chapel/Chapel.csv,72,8,Chapel,fasta,False,True,,1.38144
50.80572509765625,37.78448486328125,0.0,3.4859619140625,1410.13,Chapel/Chapel.csv,73,8,Chapel,fasta,False,True,,1.41013
50.17388916015625,37.36480712890625,0.0,3.4400634765625,1389.74,Chapel/Chapel.csv,74,8,Chapel,fasta,False,True,,1.38974
49.25048828125,36.720947265625,0.0,3.3570556640625,1356.33,Chapel/Chapel.csv,75,8,Chapel,fasta,False,True,,1.35633
49.938232421875,37.189697265625,0.0,3.419921875,1381.9,Chapel/Chapel.csv,76,8,Chapel,fasta,False,True,,1.3819000000000001
49.508056640625,36.8896484375,0.0,3.37060546875,1361.11,Chapel/Chapel.csv,77,8,Chapel,fasta,False,True,,1.3611099999999998
49.8853759765625,37.16546630859375,0.0,3.406005859375,1375.86,Chapel/Chapel.csv,78,8,Chapel,fasta,False,True,,1.3758599999999999
50.44073486328125,37.55963134765625,0.0,3.44891357421875,1394.46,Chapel/Chapel.csv,79,8,Chapel,fasta,False,True,,1.39446
50.4908447265625,37.58819580078125,0.0,3.45501708984375,1396.33,Chapel/Chapel.csv,80,8,Chapel,fasta,False,True,,1.3963299999999998
44.4442138671875,32.46649169921875,0.0,3.31121826171875,1365.07,Chapel/Chapel.csv,81,9,Chapel,spectral-norm,False,True,,1.36507
44.57293701171875,32.67584228515625,0.00103759765625,3.27130126953125,1349.47,Chapel/Chapel.csv,82,9,Chapel,spectral-norm,False,True,,1.34947
44.77203369140625,32.77734375,0.0,3.2958984375,1358.76,Chapel/Chapel.csv,83,9,Chapel,spectral-norm,False,True,,1.35876
44.6414794921875,32.7259521484375,0.0,3.2784423828125,1352.76,Chapel/Chapel.csv,84,9,Chapel,spectral-norm,False,True,,1.35276
44.82025146484375,32.87103271484375,0.0,3.2786865234375,1351.64,Chapel/Chapel.csv,85,9,Chapel,spectral-norm,False,True,,1.3516400000000002
44.60107421875,32.68060302734375,0.0,3.27862548828125,1352.32,Chapel/Chapel.csv,86,9,Chapel,spectral-norm,False,True,,1.35232
44.694580078125,32.7606201171875,0.0,3.27862548828125,1351.91,Chapel/Chapel.csv,87,9,Chapel,spectral-norm,False,True,,1.3519100000000002
44.65838623046875,32.7279052734375,0.0,3.27899169921875,1351.69,Chapel/Chapel.csv,88,9,Chapel,spectral-norm,False,True,,1.35169
44.72406005859375,32.788330078125,0.0,3.279052734375,1352.14,Chapel/Chapel.csv,89,9,Chapel,spectral-norm,False,True,,1.3521400000000001
44.6981201171875,32.76580810546875,0.0,3.27911376953125,1352.19,Chapel/Chapel.csv,90,9,Chapel,spectral-norm,False,True,,1.35219
98.6910400390625,47.52447509765625,0.0,13.13739013671875,5433.26,Chapel/Chapel.csv,91,10,Chapel,n-body,False,True,,5.433260000000001
97.04937744140625,47.5364990234375,0.0,12.573974609375,5199.58,Chapel/Chapel.csv,92,10,Chapel,n-body,False,True,,5.19958
97.49346923828125,47.803955078125,0.0,12.57159423828125,5200.73,Chapel/Chapel.csv,93,10,Chapel,n-body,False,True,,5.200729999999999
97.046142578125,47.51202392578125,0.0,12.57415771484375,5199.6,Chapel/Chapel.csv,94,10,Chapel,n-body,False,True,,5.1996
97.05126953125,47.53106689453125,0.0,12.57421875,5199.53,Chapel/Chapel.csv,95,10,Chapel,n-body,False,True,,5.199529999999999
97.05938720703125,47.535400390625,0.00103759765625,12.575927734375,5200.9,Chapel/Chapel.csv,96,10,Chapel,n-body,False,True,,5.2009
97.1617431640625,47.56500244140625,0.0,12.58770751953125,5206.24,Chapel/Chapel.csv,97,10,Chapel,n-body,False,True,,5.20624
97.16064453125,47.5628662109375,0.0,12.5877685546875,5206.1,Chapel/Chapel.csv,98,10,Chapel,n-body,False,True,,5.2061
97.155517578125,47.56500244140625,0.0,12.58782958984375,5206.14,Chapel/Chapel.csv,99,10,Chapel,n-body,False,True,,5.20614
97.1817626953125,47.5654296875,0.0,12.5906982421875,5206.1,Chapel/Chapel.csv,100,10,Chapel,n-body,False,True,,5.2061
281.7674560546875,213.46856689453125,0.0,21.38934326171875,7430.41,Chapel/Chapel.csv,101,11,Chapel,binary-trees,False,True,,7.43041
282.32342529296875,214.76629638671875,0.0,20.98504638671875,7263.28,Chapel/Chapel.csv,102,11,Chapel,binary-trees,False,True,,7.26328
281.85150146484375,214.44866943359375,0.00115966796875,20.97576904296875,7263.41,Chapel/Chapel.csv,103,11,Chapel,binary-trees,False,True,,7.2634099999999995
282.775634765625,215.11322021484375,0.0,20.994140625,7264.4,Chapel/Chapel.csv,104,11,Chapel,binary-trees,False,True,,7.264399999999999
284.0765380859375,216.21466064453125,0.0,20.9794921875,7263.51,Chapel/Chapel.csv,105,11,Chapel,binary-trees,False,True,,7.26351
285.645751953125,217.4434814453125,0.0,20.9833984375,7265.34,Chapel/Chapel.csv,106,11,Chapel,binary-trees,False,True,,7.26534
285.78717041015625,217.5382080078125,0.0,20.9755859375,7267.02,Chapel/Chapel.csv,107,11,Chapel,binary-trees,False,True,,7.2670200000000005
285.7122802734375,217.49566650390625,0.0,20.98626708984375,7265.02,Chapel/Chapel.csv,108,11,Chapel,binary-trees,False,True,,7.265020000000001
286.4971923828125,218.14337158203125,0.00128173828125,20.98712158203125,7265.3,Chapel/Chapel.csv,109,11,Chapel,binary-trees,False,True,,7.2653
285.59881591796875,217.43829345703125,0.0,21.00677490234375,7269.41,Chapel/Chapel.csv,110,11,Chapel,binary-trees,False,True,,7.26941
30.9364013671875,13.62030029296875,0.0,5.08111572265625,1828.91,Chapel/Chapel.csv,111,12,Chapel,reverse-complement,False,True,,1.82891
22.10784912109375,12.9686279296875,0.0,2.79681396484375,920.431,Chapel/Chapel.csv,112,12,Chapel,reverse-complement,False,True,,0.920431
21.953857421875,12.88067626953125,0.0,2.78253173828125,914.214,Chapel/Chapel.csv,113,12,Chapel,reverse-complement,False,True,,0.9142140000000001
22.16131591796875,13.05401611328125,0.0,2.7994384765625,915.356,Chapel/Chapel.csv,114,12,Chapel,reverse-complement,False,True,,0.915356
22.13372802734375,13.00592041015625,0.0,2.81201171875,918.509,Chapel/Chapel.csv,115,12,Chapel,reverse-complement,False,True,,0.918509
21.899169921875,12.8382568359375,0.0,2.77886962890625,913.643,Chapel/Chapel.csv,116,12,Chapel,reverse-complement,False,True,,0.913643
22.17529296875,13.05682373046875,0.0,2.804443359375,916.235,Chapel/Chapel.csv,117,12,Chapel,reverse-complement,False,True,,0.916235
21.88775634765625,12.86077880859375,0.0,2.76800537109375,906.915,Chapel/Chapel.csv,118,12,Chapel,reverse-complement,False,True,,0.9069149999999999
21.91070556640625,12.85186767578125,0.0,2.7781982421875,912.047,Chapel/Chapel.csv,119,12,Chapel,reverse-complement,False,True,,0.912047
21.9267578125,12.8624267578125,0.0,2.78277587890625,912.746,Chapel/Chapel.csv,120,12,Chapel,reverse-complement,False,True,,0.912746
127.9813232421875,84.646484375,0.0,12.49395751953125,4628.28,Chapel/Chapel.csv,121,13,Chapel,regex-redux,False,True,,4.62828
128.399658203125,85.36724853515625,0.0,12.2442626953125,4526.91,Chapel/Chapel.csv,122,13,Chapel,regex-redux,False,True,,4.52691
127.6319580078125,84.8721923828125,0.001220703125,12.23406982421875,4519.19,Chapel/Chapel.csv,123,13,Chapel,regex-redux,False,True,,4.51919
127.80194091796875,85.00775146484375,0.0,12.2271728515625,4518.2,Chapel/Chapel.csv,124,13,Chapel,regex-redux,False,True,,4.5182
127.6116943359375,84.8795166015625,0.0,12.21685791015625,4516.88,Chapel/Chapel.csv,125,13,Chapel,regex-redux,False,True,,4.5168800000000005
127.6033935546875,84.84478759765625,0.0,12.2452392578125,4519.64,Chapel/Chapel.csv,126,13,Chapel,regex-redux,False,True,,4.519640000000001
127.1944580078125,84.57220458984375,0.0,12.21356201171875,4515.67,Chapel/Chapel.csv,127,13,Chapel,regex-redux,False,True,,4.51567
129.858154296875,86.98785400390625,0.0,12.28607177734375,4537.87,Chapel/Chapel.csv,128,13,Chapel,regex-redux,False,True,,4.53787
127.46405029296875,84.76861572265625,0.0,12.220458984375,4515.69,Chapel/Chapel.csv,129,13,Chapel,regex-redux,False,True,,4.515689999999999
127.84747314453125,85.025146484375,0.0,12.25054931640625,4524.22,Chapel/Chapel.csv,130,13,Chapel,regex-redux,False,True,,4.524220000000001
336.43963623046875,263.5980224609375,0.00115966796875,19.25823974609375,7966.93,Chapel/Chapel.csv,131,14,Chapel,fannkuch-redux,False,True,,7.9669300000000005
337.1094970703125,264.83343505859375,0.0,18.99053955078125,7854.81,Chapel/Chapel.csv,132,14,Chapel,fannkuch-redux,False,True,,7.8548100000000005
337.47979736328125,265.1412353515625,0.0,18.998046875,7857.42,Chapel/Chapel.csv,133,14,Chapel,fannkuch-redux,False,True,,7.85742
337.752197265625,265.4000244140625,0.0,18.96600341796875,7845.13,Chapel/Chapel.csv,134,14,Chapel,fannkuch-redux,False,True,,7.84513
338.42755126953125,265.99420166015625,0.0,18.9996337890625,7859.17,Chapel/Chapel.csv,135,14,Chapel,fannkuch-redux,False,True,,7.85917
339.106201171875,266.6014404296875,0.0013427734375,18.9873046875,7854.44,Chapel/Chapel.csv,136,14,Chapel,fannkuch-redux,False,True,,7.854439999999999
339.8173828125,267.16937255859375,0.0,18.99029541015625,7855.04,Chapel/Chapel.csv,137,14,Chapel,fannkuch-redux,False,True,,7.85504
340.66436767578125,267.83721923828125,0.0,18.9732666015625,7847.67,Chapel/Chapel.csv,138,14,Chapel,fannkuch-redux,False,True,,7.84767
341.12152099609375,268.25738525390625,0.0,18.9779052734375,7850.21,Chapel/Chapel.csv,139,14,Chapel,fannkuch-redux,False,True,,7.85021
341.3597412109375,268.44622802734375,0.0,18.9833984375,7851.96,Chapel/Chapel.csv,140,14,Chapel,fannkuch-redux,False,True,,7.85196
319.48529052734375,240.8468017578125,0.001220703125,23.7911376953125,8861.91,Chapel/Chapel.csv,141,15,Chapel,k-nucleotide,False,True,,8.86191
310.59967041015625,240.65704345703125,0.0,21.48223876953125,7916.6,Chapel/Chapel.csv,142,15,Chapel,k-nucleotide,False,True,,7.916600000000001
309.62835693359375,239.2789306640625,0.0,21.56195068359375,7952.57,Chapel/Chapel.csv,143,15,Chapel,k-nucleotide,False,True,,7.95257
308.88299560546875,239.40484619140625,0.0,21.3349609375,7876.07,Chapel/Chapel.csv,144,15,Chapel,k-nucleotide,False,True,,7.8760699999999995
310.7320556640625,241.05462646484375,0.0,21.40191650390625,7869.85,Chapel/Chapel.csv,145,15,Chapel,k-nucleotide,False,True,,7.8698500000000005
310.56622314453125,240.65191650390625,0.00128173828125,21.43768310546875,7901.05,Chapel/Chapel.csv,146,15,Chapel,k-nucleotide,False,True,,7.901050000000001
310.6005859375,240.4249267578125,0.0,21.47760009765625,7927.05,Chapel/Chapel.csv,147,15,Chapel,k-nucleotide,False,True,,7.92705
313.1275634765625,242.34771728515625,0.0,21.72955322265625,7984.42,Chapel/Chapel.csv,148,15,Chapel,k-nucleotide,False,True,,7.98442
311.66241455078125,241.6002197265625,0.0,21.4500732421875,7906.13,Chapel/Chapel.csv,149,15,Chapel,k-nucleotide,False,True,,7.90613
310.593994140625,240.6182861328125,0.0,21.3629150390625,7891.57,Chapel/Chapel.csv,150,15,Chapel,k-nucleotide,False,True,,7.89157
114.0465087890625,92.14532470703125,0.00115966796875,6.32647705078125,2589.47,Chapel/Chapel.csv,151,16,Chapel,mandelbrot,False,True,,2.58947
115.11212158203125,93.95928955078125,0.0,5.95501708984375,2435.36,Chapel/Chapel.csv,152,16,Chapel,mandelbrot,False,True,,2.43536
115.0894775390625,93.83123779296875,0.0,5.99224853515625,2451.83,Chapel/Chapel.csv,153,16,Chapel,mandelbrot,False,True,,2.4518299999999997
115.17242431640625,93.90301513671875,0.0,5.99603271484375,2452.07,Chapel/Chapel.csv,154,16,Chapel,mandelbrot,False,True,,2.45207
115.22137451171875,93.95855712890625,0.0,5.99200439453125,2452.3,Chapel/Chapel.csv,155,16,Chapel,mandelbrot,False,True,,2.4523
115.13885498046875,93.88330078125,0.0,5.99249267578125,2451.74,Chapel/Chapel.csv,156,16,Chapel,mandelbrot,False,True,,2.4517399999999996
115.45166015625,94.1446533203125,0.0,5.99163818359375,2452.23,Chapel/Chapel.csv,157,16,Chapel,mandelbrot,False,True,,2.45223
115.466064453125,94.16033935546875,0.0,5.9920654296875,2451.97,Chapel/Chapel.csv,158,16,Chapel,mandelbrot,False,True,,2.4519699999999998
115.4755859375,94.16815185546875,0.0,5.99578857421875,2452.07,Chapel/Chapel.csv,159,16,Chapel,mandelbrot,False,True,,2.45207
115.37164306640625,94.11328125,0.0,5.9803466796875,2446.37,Chapel/Chapel.csv,160,16,Chapel,mandelbrot,False,True,,2.44637
49.83258056640625,36.3443603515625,0.0,3.68780517578125,1493.51,Chapel/Chapel.csv,161,17,Chapel,fasta,False,True,,1.49351
51.50390625,38.30078125,0.0,3.5067138671875,1414.44,Chapel/Chapel.csv,162,17,Chapel,fasta,False,True,,1.4144400000000001
49.904052734375,37.205078125,0.0,3.38494873046875,1368.65,Chapel/Chapel.csv,163,17,Chapel,fasta,False,True,,1.3686500000000001
49.904052734375,37.17449951171875,0.0,3.40606689453125,1375.81,Chapel/Chapel.csv,164,17,Chapel,fasta,False,True,,1.37581
50.19659423828125,37.39593505859375,0.0,3.41375732421875,1379.55,Chapel/Chapel.csv,165,17,Chapel,fasta,False,True,,1.37955
50.5589599609375,37.64727783203125,0.0,3.427734375,1384.62,Chapel/Chapel.csv,166,17,Chapel,fasta,False,True,,1.38462
49.9591064453125,37.23187255859375,0.00152587890625,3.3875732421875,1368.52,Chapel/Chapel.csv,167,17,Chapel,fasta,False,True,,1.36852
50.54522705078125,37.64019775390625,0.0,3.41998291015625,1382.41,Chapel/Chapel.csv,168,17,Chapel,fasta,False,True,,1.3824100000000001
51.2564697265625,38.17236328125,0.0,3.49298095703125,1408.7,Chapel/Chapel.csv,169,17,Chapel,fasta,False,True,,1.4087
50.026611328125,37.26580810546875,0.0,3.38330078125,1367.46,Chapel/Chapel.csv,170,17,Chapel,fasta,False,True,,1.3674600000000001
45.92230224609375,33.327880859375,0.0,3.49713134765625,1442.97,Chapel/Chapel.csv,171,18,Chapel,spectral-norm,False,True,,1.44297
45.078369140625,33.05218505859375,0.0,3.28265380859375,1352.49,Chapel/Chapel.csv,172,18,Chapel,spectral-norm,False,True,,1.35249
45.19573974609375,33.164306640625,0.0,3.2801513671875,1351.96,Chapel/Chapel.csv,173,18,Chapel,spectral-norm,False,True,,1.35196
45.15032958984375,33.12451171875,0.0,3.27642822265625,1351.89,Chapel/Chapel.csv,174,18,Chapel,spectral-norm,False,True,,1.35189
45.19287109375,33.16558837890625,0.0,3.27850341796875,1352.07,Chapel/Chapel.csv,175,18,Chapel,spectral-norm,False,True,,1.3520699999999999
45.25360107421875,33.178955078125,0.0,3.28863525390625,1355.38,Chapel/Chapel.csv,176,18,Chapel,spectral-norm,False,True,,1.35538
45.1614990234375,33.11798095703125,0.0,3.2786865234375,1352.7,Chapel/Chapel.csv,177,18,Chapel,spectral-norm,False,True,,1.3527
45.16510009765625,33.1298828125,0.0,3.27874755859375,1351.89,Chapel/Chapel.csv,178,18,Chapel,spectral-norm,False,True,,1.35189
45.13433837890625,33.12066650390625,0.0,3.2786865234375,1351.94,Chapel/Chapel.csv,179,18,Chapel,spectral-norm,False,True,,1.3519400000000001
45.1328125,33.12847900390625,0.0,3.27874755859375,1352.09,Chapel/Chapel.csv,180,18,Chapel,spectral-norm,False,True,,1.35209
125.50860595703125,63.90899658203125,0.0,16.55511474609375,6845.29,Dart/Dart.csv,1,1,Dart,n-body,False,True,,6.84529
126.3756103515625,64.50286865234375,0.000732421875,16.504150390625,6822.8,Dart/Dart.csv,2,1,Dart,n-body,False,True,,6.8228
126.3975830078125,64.54736328125,0.0,16.53179931640625,6834.84,Dart/Dart.csv,3,1,Dart,n-body,False,True,,6.83484
127.8118896484375,66.31524658203125,0.0,16.5186767578125,6830.18,Dart/Dart.csv,4,1,Dart,n-body,False,True,,6.83018
126.75067138671875,64.830078125,0.0,16.51666259765625,6828.56,Dart/Dart.csv,5,1,Dart,n-body,False,True,,6.82856
126.5025634765625,64.61962890625,0.0,16.50457763671875,6823.12,Dart/Dart.csv,6,1,Dart,n-body,False,True,,6.82312
126.36773681640625,64.52313232421875,0.0,16.50262451171875,6824.37,Dart/Dart.csv,7,1,Dart,n-body,False,True,,6.82437
126.6318359375,64.6610107421875,0.0008544921875,16.50811767578125,6825.01,Dart/Dart.csv,8,1,Dart,n-body,False,True,,6.82501
126.89715576171875,64.812255859375,0.0,16.507080078125,6825.1,Dart/Dart.csv,9,1,Dart,n-body,False,True,,6.8251
126.970458984375,64.85894775390625,0.0,16.50732421875,6824.71,Dart/Dart.csv,10,1,Dart,n-body,False,True,,6.82471
386.0177001953125,223.8741455078125,0.0,56.54296875,17096.7,Dart/Dart.csv,11,2,Dart,binary-trees,False,True,,17.096700000000002
387.84063720703125,225.10699462890625,0.0009765625,56.28753662109375,17054.9,Dart/Dart.csv,12,2,Dart,binary-trees,False,True,,17.0549
395.4271240234375,229.94927978515625,0.0,56.88226318359375,17227.9,Dart/Dart.csv,13,2,Dart,binary-trees,False,True,,17.2279
387.9302978515625,225.1634521484375,0.0008544921875,56.39935302734375,17037.1,Dart/Dart.csv,14,2,Dart,binary-trees,False,True,,17.0371
388.472900390625,225.32958984375,0.0,56.24163818359375,17001.7,Dart/Dart.csv,15,2,Dart,binary-trees,False,True,,17.0017
396.07659912109375,230.5079345703125,0.0,56.6217041015625,17180.8,Dart/Dart.csv,16,2,Dart,binary-trees,False,True,,17.180799999999998
393.587646484375,228.91107177734375,0.00103759765625,56.328125,17087.4,Dart/Dart.csv,17,2,Dart,binary-trees,False,True,,17.087400000000002
398.02142333984375,231.45684814453125,0.0,56.80291748046875,17215.4,Dart/Dart.csv,18,2,Dart,binary-trees,False,True,,17.215400000000002
393.116943359375,228.49261474609375,0.0009765625,56.51025390625,17123.2,Dart/Dart.csv,19,2,Dart,binary-trees,False,True,,17.1232
394.637939453125,229.323486328125,0.0,56.60791015625,17125.7,Dart/Dart.csv,20,2,Dart,binary-trees,False,True,,17.125700000000002
240.73297119140625,138.3846435546875,0.0,32.2589111328125,10653.5,Dart/Dart.csv,21,3,Dart,reverse-complement,False,True,,10.6535
241.28533935546875,139.03668212890625,0.00103759765625,32.192626953125,10622.7,Dart/Dart.csv,22,3,Dart,reverse-complement,False,True,,10.6227
241.46014404296875,139.11810302734375,0.0,32.19390869140625,10625.4,Dart/Dart.csv,23,3,Dart,reverse-complement,False,True,,10.625399999999999
241.69915771484375,139.32049560546875,0.0,32.170166015625,10626.3,Dart/Dart.csv,24,3,Dart,reverse-complement,False,True,,10.626299999999999
241.1207275390625,138.789306640625,0.0,32.1715087890625,10610.5,Dart/Dart.csv,25,3,Dart,reverse-complement,False,True,,10.6105
240.81097412109375,138.64013671875,0.0010986328125,32.16192626953125,10609.5,Dart/Dart.csv,26,3,Dart,reverse-complement,False,True,,10.6095
241.35443115234375,138.90594482421875,0.0,32.17449951171875,10618.5,Dart/Dart.csv,27,3,Dart,reverse-complement,False,True,,10.6185
241.131103515625,138.91510009765625,0.0,32.10455322265625,10601.7,Dart/Dart.csv,28,3,Dart,reverse-complement,False,True,,10.601700000000001
242.23968505859375,139.67108154296875,0.0,32.17938232421875,10618.2,Dart/Dart.csv,29,3,Dart,reverse-complement,False,True,,10.6182
242.00689697265625,139.196044921875,0.00103759765625,32.1700439453125,10616.7,Dart/Dart.csv,30,3,Dart,reverse-complement,False,True,,10.616700000000002
288.05908203125,159.77362060546875,0.0,35.3746337890625,13536.7,Dart/Dart.csv,31,4,Dart,regex-redux,False,True,,13.536700000000002
289.74859619140625,161.212890625,0.0,35.41937255859375,13554.8,Dart/Dart.csv,32,4,Dart,regex-redux,False,True,,13.554799999999998
288.41107177734375,160.24151611328125,0.0009765625,35.18792724609375,13463.7,Dart/Dart.csv,33,4,Dart,regex-redux,False,True,,13.463700000000001
287.5,159.77203369140625,0.0,35.175048828125,13458.8,Dart/Dart.csv,34,4,Dart,regex-redux,False,True,,13.4588
288.0726318359375,160.082763671875,0.0,35.23931884765625,13481.8,Dart/Dart.csv,35,4,Dart,regex-redux,False,True,,13.4818
288.5714111328125,160.24652099609375,0.0009765625,35.2578125,13488.9,Dart/Dart.csv,36,4,Dart,regex-redux,False,True,,13.4889
288.895751953125,160.51800537109375,0.0,35.3226318359375,13519.2,Dart/Dart.csv,37,4,Dart,regex-redux,False,True,,13.519200000000001
289.87896728515625,160.97052001953125,0.0,35.33685302734375,13525.1,Dart/Dart.csv,38,4,Dart,regex-redux,False,True,,13.5251
293.472412109375,163.26263427734375,0.0009765625,35.462890625,13567.0,Dart/Dart.csv,39,4,Dart,regex-redux,False,True,,13.567
290.5701904296875,161.3258056640625,0.0,35.35577392578125,13530.0,Dart/Dart.csv,40,4,Dart,regex-redux,False,True,,13.53
753.19091796875,391.02008056640625,0.0009765625,93.5323486328125,38707.3,Dart/Dart.csv,41,5,Dart,fannkuch-redux,False,True,,38.707300000000004
752.9190673828125,390.73443603515625,0.00091552734375,93.47052001953125,38679.2,Dart/Dart.csv,42,5,Dart,fannkuch-redux,False,True,,38.679199999999994
753.317138671875,391.07794189453125,0.00091552734375,93.4735107421875,38672.0,Dart/Dart.csv,43,5,Dart,fannkuch-redux,False,True,,38.672
753.2026977539062,391.16094970703125,0.00091552734375,93.53973388671875,38708.8,Dart/Dart.csv,44,5,Dart,fannkuch-redux,False,True,,38.708800000000004
753.4805297851562,390.87109375,0.0,93.42913818359375,38663.0,Dart/Dart.csv,45,5,Dart,fannkuch-redux,False,True,,38.663
752.6475219726562,390.859375,0.00091552734375,93.4622802734375,38676.0,Dart/Dart.csv,46,5,Dart,fannkuch-redux,False,True,,38.676
753.014892578125,390.489501953125,0.0009765625,93.41131591796875,38656.4,Dart/Dart.csv,47,5,Dart,fannkuch-redux,False,True,,38.656400000000005
756.7345581054688,395.2388916015625,0.0009765625,93.470947265625,38679.7,Dart/Dart.csv,48,5,Dart,fannkuch-redux,False,True,,38.6797
753.0693969726562,390.60064697265625,0.0009765625,93.470458984375,38680.0,Dart/Dart.csv,49,5,Dart,fannkuch-redux,False,True,,38.68
752.4959716796875,390.8306884765625,0.00091552734375,93.47991943359375,38684.0,Dart/Dart.csv,50,5,Dart,fannkuch-redux,False,True,,38.684
512.5407104492188,378.2169189453125,0.0,39.490966796875,14522.0,Dart/Dart.csv,51,6,Dart,k-nucleotide,False,True,,14.522
517.1483764648438,382.37786865234375,0.00103759765625,39.356201171875,14457.4,Dart/Dart.csv,52,6,Dart,k-nucleotide,False,True,,14.4574
516.345703125,381.620849609375,0.0,39.3311767578125,14442.6,Dart/Dart.csv,53,6,Dart,k-nucleotide,False,True,,14.4426
520.1002807617188,384.2384033203125,0.0,39.45989990234375,14512.3,Dart/Dart.csv,54,6,Dart,k-nucleotide,False,True,,14.5123
519.0990600585938,383.75640869140625,0.0010986328125,39.44195556640625,14482.4,Dart/Dart.csv,55,6,Dart,k-nucleotide,False,True,,14.4824
518.898193359375,383.62677001953125,0.0,39.3035888671875,14449.8,Dart/Dart.csv,56,6,Dart,k-nucleotide,False,True,,14.4498
520.2714233398438,384.8094482421875,0.0,39.33160400390625,14445.6,Dart/Dart.csv,57,6,Dart,k-nucleotide,False,True,,14.4456
525.4412231445312,388.42864990234375,0.0010986328125,39.499267578125,14528.1,Dart/Dart.csv,58,6,Dart,k-nucleotide,False,True,,14.5281
522.2994384765625,386.0731201171875,0.0,39.459716796875,14499.2,Dart/Dart.csv,59,6,Dart,k-nucleotide,False,True,,14.4992
522.2182006835938,386.31475830078125,0.0,39.33953857421875,14443.7,Dart/Dart.csv,60,6,Dart,k-nucleotide,False,True,,14.443700000000002
272.8187255859375,187.7498779296875,0.0,24.22491455078125,9961.11,Dart/Dart.csv,61,7,Dart,mandelbrot,False,True,,9.961110000000001
275.26873779296875,188.82135009765625,0.0,24.50213623046875,10075.8,Dart/Dart.csv,62,7,Dart,mandelbrot,False,True,,10.0758
275.277587890625,189.032470703125,0.0,24.51837158203125,10077.1,Dart/Dart.csv,63,7,Dart,mandelbrot,False,True,,10.0771
271.57086181640625,186.33428955078125,0.0,24.198486328125,9952.18,Dart/Dart.csv,64,7,Dart,mandelbrot,False,True,,9.95218
275.1953125,188.859619140625,0.0009765625,24.54107666015625,10090.1,Dart/Dart.csv,65,7,Dart,mandelbrot,False,True,,10.0901
274.2879638671875,188.16693115234375,0.0,24.51898193359375,10081.6,Dart/Dart.csv,66,7,Dart,mandelbrot,False,True,,10.0816
272.17279052734375,187.4920654296875,0.0,24.15789794921875,9935.62,Dart/Dart.csv,67,7,Dart,mandelbrot,False,True,,9.93562
275.09051513671875,188.73223876953125,0.0,24.52166748046875,10088.8,Dart/Dart.csv,68,7,Dart,mandelbrot,False,True,,10.088799999999999
274.1241455078125,188.07708740234375,0.0009765625,24.49041748046875,10070.4,Dart/Dart.csv,69,7,Dart,mandelbrot,False,True,,10.0704
272.181640625,187.363037109375,0.0,24.19097900390625,9953.02,Dart/Dart.csv,70,7,Dart,mandelbrot,False,True,,9.95302
100.9041748046875,56.5081787109375,0.0,11.81903076171875,4815.56,Dart/Dart.csv,71,8,Dart,fasta,False,True,,4.8155600000000005
95.3837890625,51.21612548828125,0.0,11.62152099609375,4737.5,Dart/Dart.csv,72,8,Dart,fasta,False,True,,4.7375
95.4798583984375,51.24517822265625,0.0,11.63189697265625,4740.27,Dart/Dart.csv,73,8,Dart,fasta,False,True,,4.740270000000001
95.12451171875,51.1024169921875,0.0009765625,11.6265869140625,4739.4,Dart/Dart.csv,74,8,Dart,fasta,False,True,,4.7394
95.33392333984375,51.20245361328125,0.0,11.64019775390625,4743.83,Dart/Dart.csv,75,8,Dart,fasta,False,True,,4.74383
97.17333984375,52.19244384765625,0.0,11.69873046875,4768.27,Dart/Dart.csv,76,8,Dart,fasta,False,True,,4.76827
95.27740478515625,51.14337158203125,0.0,11.63970947265625,4744.02,Dart/Dart.csv,77,8,Dart,fasta,False,True,,4.744020000000001
95.26922607421875,51.13885498046875,0.0,11.63592529296875,4742.7,Dart/Dart.csv,78,8,Dart,fasta,False,True,,4.7427
97.15081787109375,51.8634033203125,0.0,11.88201904296875,4847.75,Dart/Dart.csv,79,8,Dart,fasta,False,True,,4.84775
95.15472412109375,51.11407470703125,0.0,11.6319580078125,4738.02,Dart/Dart.csv,80,8,Dart,fasta,False,True,,4.738020000000001
89.91961669921875,42.129638671875,0.0,12.3155517578125,5089.48,Dart/Dart.csv,81,9,Dart,spectral-norm,False,True,,5.08948
89.798828125,42.04052734375,0.00091552734375,12.3763427734375,5115.27,Dart/Dart.csv,82,9,Dart,spectral-norm,False,True,,5.115270000000001
89.84942626953125,42.12994384765625,0.0,12.2933349609375,5080.38,Dart/Dart.csv,83,9,Dart,spectral-norm,False,True,,5.08038
89.55633544921875,41.90087890625,0.0,12.376220703125,5114.71,Dart/Dart.csv,84,9,Dart,spectral-norm,False,True,,5.11471
89.73175048828125,42.01202392578125,0.0,12.37744140625,5115.4,Dart/Dart.csv,85,9,Dart,spectral-norm,False,True,,5.115399999999999
89.61083984375,41.95086669921875,0.0,12.376953125,5114.62,Dart/Dart.csv,86,9,Dart,spectral-norm,False,True,,5.1146199999999995
89.02325439453125,41.6673583984375,0.0,12.37615966796875,5114.79,Dart/Dart.csv,87,9,Dart,spectral-norm,False,True,,5.11479
89.25469970703125,41.67340087890625,0.0,12.45697021484375,5148.68,Dart/Dart.csv,88,9,Dart,spectral-norm,False,True,,5.148680000000001
89.39190673828125,41.84527587890625,0.0,12.3804931640625,5117.53,Dart/Dart.csv,89,9,Dart,spectral-norm,False,True,,5.1175299999999995
89.2435302734375,41.75250244140625,0.00091552734375,12.37860107421875,5114.8,Dart/Dart.csv,90,9,Dart,spectral-norm,False,True,,5.1148
134.56146240234375,68.06402587890625,0.0,17.1490478515625,7089.94,Dart/Dart.csv,91,10,Dart,n-body,False,True,,7.0899399999999995
132.845703125,68.2230224609375,0.0,16.50555419921875,6825.58,Dart/Dart.csv,92,10,Dart,n-body,False,True,,6.8255799999999995
132.8875732421875,68.11328125,0.0,16.52459716796875,6833.27,Dart/Dart.csv,93,10,Dart,n-body,False,True,,6.833270000000001
132.87408447265625,68.1470947265625,0.0,16.50823974609375,6824.83,Dart/Dart.csv,94,10,Dart,n-body,False,True,,6.8248299999999995
131.66162109375,67.47039794921875,0.0,16.4949951171875,6820.83,Dart/Dart.csv,95,10,Dart,n-body,False,True,,6.82083
132.0513916015625,67.6605224609375,0.00115966796875,16.49224853515625,6820.03,Dart/Dart.csv,96,10,Dart,n-body,False,True,,6.82003
132.81365966796875,68.0787353515625,0.0,16.50421142578125,6824.29,Dart/Dart.csv,97,10,Dart,n-body,False,True,,6.8242899999999995
132.0399169921875,67.65020751953125,0.0,16.52435302734375,6832.47,Dart/Dart.csv,98,10,Dart,n-body,False,True,,6.83247
129.84765625,66.460693359375,0.0,16.50177001953125,6823.94,Dart/Dart.csv,99,10,Dart,n-body,False,True,,6.8239399999999995
131.3082275390625,67.22607421875,0.0,16.5313720703125,6834.15,Dart/Dart.csv,100,10,Dart,n-body,False,True,,6.834149999999999
402.6593017578125,234.26031494140625,0.0010986328125,56.89422607421875,17265.1,Dart/Dart.csv,101,11,Dart,binary-trees,False,True,,17.265099999999997
402.77252197265625,234.3284912109375,0.0,56.7520751953125,17220.6,Dart/Dart.csv,102,11,Dart,binary-trees,False,True,,17.220599999999997
402.30389404296875,234.24749755859375,0.00103759765625,56.78619384765625,17249.3,Dart/Dart.csv,103,11,Dart,binary-trees,False,True,,17.249299999999998
401.82843017578125,233.932861328125,0.0,56.82147216796875,17226.6,Dart/Dart.csv,104,11,Dart,binary-trees,False,True,,17.226599999999998
398.4267578125,231.53936767578125,0.0,56.5211181640625,17112.3,Dart/Dart.csv,105,11,Dart,binary-trees,False,True,,17.112299999999998
401.1624755859375,233.56927490234375,0.00115966796875,56.628662109375,17163.0,Dart/Dart.csv,106,11,Dart,binary-trees,False,True,,17.163
404.71697998046875,235.80804443359375,0.0,56.88616943359375,17275.0,Dart/Dart.csv,107,11,Dart,binary-trees,False,True,,17.275
398.31549072265625,231.59307861328125,0.00103759765625,56.42047119140625,17069.6,Dart/Dart.csv,108,11,Dart,binary-trees,False,True,,17.069599999999998
398.86920166015625,232.09942626953125,0.0,56.5294189453125,17097.5,Dart/Dart.csv,109,11,Dart,binary-trees,False,True,,17.0975
402.68450927734375,234.4971923828125,0.0,56.77691650390625,17240.5,Dart/Dart.csv,110,11,Dart,binary-trees,False,True,,17.2405
247.039306640625,141.47406005859375,0.00103759765625,32.79791259765625,10838.1,Dart/Dart.csv,111,12,Dart,reverse-complement,False,True,,10.8381
245.450927734375,141.5045166015625,0.0,32.194091796875,10625.8,Dart/Dart.csv,112,12,Dart,reverse-complement,False,True,,10.6258
244.9520263671875,141.142822265625,0.0,32.24041748046875,10645.8,Dart/Dart.csv,113,12,Dart,reverse-complement,False,True,,10.6458
245.8880615234375,141.85888671875,0.0,32.210205078125,10636.0,Dart/Dart.csv,114,12,Dart,reverse-complement,False,True,,10.636
245.18182373046875,141.3299560546875,0.00115966796875,32.19451904296875,10630.5,Dart/Dart.csv,115,12,Dart,reverse-complement,False,True,,10.6305
244.2747802734375,140.75469970703125,0.0,32.21124267578125,10638.6,Dart/Dart.csv,116,12,Dart,reverse-complement,False,True,,10.6386
245.76287841796875,141.6839599609375,0.0,32.2373046875,10643.8,Dart/Dart.csv,117,12,Dart,reverse-complement,False,True,,10.643799999999999
244.94879150390625,141.21380615234375,0.0,32.17047119140625,10625.4,Dart/Dart.csv,118,12,Dart,reverse-complement,False,True,,10.625399999999999
244.58380126953125,140.905029296875,0.00115966796875,32.19635009765625,10631.8,Dart/Dart.csv,119,12,Dart,reverse-complement,False,True,,10.6318
245.2279052734375,141.5076904296875,0.0,32.19903564453125,10631.0,Dart/Dart.csv,120,12,Dart,reverse-complement,False,True,,10.631
293.9990234375,163.3077392578125,0.0,35.55169677734375,13586.0,Dart/Dart.csv,121,13,Dart,regex-redux,False,True,,13.586
290.81707763671875,161.9466552734375,0.00103759765625,35.1114501953125,13427.2,Dart/Dart.csv,122,13,Dart,regex-redux,False,True,,13.427200000000001
291.678955078125,162.18255615234375,0.0,35.28924560546875,13487.4,Dart/Dart.csv,123,13,Dart,regex-redux,False,True,,13.4874
292.824462890625,162.876708984375,0.0,35.20050048828125,13463.5,Dart/Dart.csv,124,13,Dart,regex-redux,False,True,,13.4635
297.2164306640625,165.26385498046875,0.00103759765625,35.455810546875,13558.9,Dart/Dart.csv,125,13,Dart,regex-redux,False,True,,13.5589
291.4700927734375,162.24267578125,0.0,35.1893310546875,13449.2,Dart/Dart.csv,126,13,Dart,regex-redux,False,True,,13.449200000000001
290.49462890625,161.615234375,0.0,35.21734619140625,13462.9,Dart/Dart.csv,127,13,Dart,regex-redux,False,True,,13.4629
294.25799560546875,163.60919189453125,0.00103759765625,35.31512451171875,13503.9,Dart/Dart.csv,128,13,Dart,regex-redux,False,True,,13.5039
291.8619384765625,162.36138916015625,0.0,35.251953125,13477.6,Dart/Dart.csv,129,13,Dart,regex-redux,False,True,,13.4776
293.9677734375,-261980.57720947266,0.0,35.2425537109375,13478.8,Dart/Dart.csv,130,13,Dart,regex-redux,False,False,negative_energy,13.4788
764.1734008789062,396.92816162109375,0.0010986328125,93.47808837890625,38684.0,Dart/Dart.csv,131,14,Dart,fannkuch-redux,False,True,,38.684
763.3817138671875,396.40985107421875,0.0010986328125,93.448486328125,38671.7,Dart/Dart.csv,132,14,Dart,fannkuch-redux,False,True,,38.671699999999994
756.4181518554688,393.0128173828125,0.00103759765625,93.453125,38673.1,Dart/Dart.csv,133,14,Dart,fannkuch-redux,False,True,,38.6731
758.342041015625,393.8448486328125,0.00103759765625,93.47552490234375,38683.1,Dart/Dart.csv,134,14,Dart,fannkuch-redux,False,True,,38.683099999999996
756.1610717773438,393.08880615234375,0.0009765625,93.48004150390625,38685.0,Dart/Dart.csv,135,14,Dart,fannkuch-redux,False,True,,38.685
757.3136596679688,393.09332275390625,0.00103759765625,93.44580078125,38671.1,Dart/Dart.csv,136,14,Dart,fannkuch-redux,False,True,,38.671099999999996
756.150146484375,392.59063720703125,0.00103759765625,93.47845458984375,38683.9,Dart/Dart.csv,137,14,Dart,fannkuch-redux,False,True,,38.6839
762.9674072265625,396.00146484375,0.00103759765625,93.47760009765625,38684.0,Dart/Dart.csv,138,14,Dart,fannkuch-redux,False,True,,38.684
755.8565673828125,392.81536865234375,0.0,93.45855712890625,38675.9,Dart/Dart.csv,139,14,Dart,fannkuch-redux,False,True,,38.6759
756.2182006835938,392.57855224609375,0.00103759765625,93.4498291015625,38672.6,Dart/Dart.csv,140,14,Dart,fannkuch-redux,False,True,,38.672599999999996
520.181640625,383.72674560546875,0.00103759765625,39.80999755859375,14626.3,Dart/Dart.csv,141,15,Dart,k-nucleotide,False,True,,14.626299999999999
517.3406372070312,382.4808349609375,0.0,39.37158203125,14455.6,Dart/Dart.csv,142,15,Dart,k-nucleotide,False,True,,14.4556
523.1624755859375,387.11083984375,0.0,39.46807861328125,14504.0,Dart/Dart.csv,143,15,Dart,k-nucleotide,False,True,,14.504
521.1450805664062,385.422607421875,0.00115966796875,39.3731689453125,14467.0,Dart/Dart.csv,144,15,Dart,k-nucleotide,False,True,,14.467
522.08251953125,386.13037109375,0.0,39.44317626953125,14497.6,Dart/Dart.csv,145,15,Dart,k-nucleotide,False,True,,14.4976
525.6890869140625,388.6959228515625,0.0,39.57403564453125,14547.8,Dart/Dart.csv,146,15,Dart,k-nucleotide,False,True,,14.547799999999999
525.2263793945312,388.57928466796875,0.001220703125,39.3895263671875,14469.4,Dart/Dart.csv,147,15,Dart,k-nucleotide,False,True,,14.4694
524.6249389648438,388.1551513671875,0.0,39.34466552734375,14452.3,Dart/Dart.csv,148,15,Dart,k-nucleotide,False,True,,14.4523
526.5913696289062,389.8211669921875,0.0,39.29754638671875,14435.7,Dart/Dart.csv,149,15,Dart,k-nucleotide,False,True,,14.4357
529.4383544921875,391.70758056640625,0.001220703125,39.38922119140625,14473.4,Dart/Dart.csv,150,15,Dart,k-nucleotide,False,True,,14.4734
279.7186279296875,192.0205078125,0.0,24.584716796875,10113.2,Dart/Dart.csv,151,16,Dart,mandelbrot,False,True,,10.1132
276.7659912109375,190.74481201171875,0.0,24.18182373046875,9950.28,Dart/Dart.csv,152,16,Dart,mandelbrot,False,True,,9.950280000000001
277.34637451171875,191.21856689453125,0.00115966796875,24.15966796875,9940.68,Dart/Dart.csv,153,16,Dart,mandelbrot,False,True,,9.94068
278.09710693359375,191.03582763671875,0.0,24.48980712890625,10073.2,Dart/Dart.csv,154,16,Dart,mandelbrot,False,True,,10.0732
273.95562744140625,188.59423828125,0.0,24.20086669921875,9954.88,Dart/Dart.csv,155,16,Dart,mandelbrot,False,True,,9.95488
276.38763427734375,189.8294677734375,0.0,24.5147705078125,10082.6,Dart/Dart.csv,156,16,Dart,mandelbrot,False,True,,10.082600000000001
276.84637451171875,190.14727783203125,0.00103759765625,24.50421142578125,10078.8,Dart/Dart.csv,157,16,Dart,mandelbrot,False,True,,10.0788
277.206787109375,190.34185791015625,0.0,24.50140380859375,10078.6,Dart/Dart.csv,158,16,Dart,mandelbrot,False,True,,10.0786
275.90362548828125,189.2413330078125,0.0,24.51873779296875,10084.5,Dart/Dart.csv,159,16,Dart,mandelbrot,False,True,,10.0845
276.6741943359375,189.99267578125,0.0,24.500732421875,10079.2,Dart/Dart.csv,160,16,Dart,mandelbrot,False,True,,10.0792
96.1370849609375,51.57586669921875,0.0009765625,11.6934814453125,4763.5,Dart/Dart.csv,161,17,Dart,fasta,False,True,,4.7635
97.41754150390625,52.060546875,0.0,11.88201904296875,4844.94,Dart/Dart.csv,162,17,Dart,fasta,False,True,,4.844939999999999
96.31658935546875,51.7752685546875,0.0,11.64404296875,4743.68,Dart/Dart.csv,163,17,Dart,fasta,False,True,,4.74368
96.3922119140625,51.83819580078125,0.0,11.65814208984375,4749.82,Dart/Dart.csv,164,17,Dart,fasta,False,True,,4.74982
95.8448486328125,51.54742431640625,0.0,11.645263671875,4741.99,Dart/Dart.csv,165,17,Dart,fasta,False,True,,4.7419899999999995
97.78643798828125,52.2630615234375,0.0,11.90057373046875,4850.55,Dart/Dart.csv,166,17,Dart,fasta,False,True,,4.85055
98.63775634765625,52.746826171875,0.0,11.934326171875,4862.16,Dart/Dart.csv,167,17,Dart,fasta,False,True,,4.86216
96.1192626953125,51.64971923828125,0.0,11.642578125,4744.93,Dart/Dart.csv,168,17,Dart,fasta,False,True,,4.74493
95.60662841796875,51.359130859375,0.0,11.64569091796875,4743.39,Dart/Dart.csv,169,17,Dart,fasta,False,True,,4.743390000000001
97.69610595703125,52.19952392578125,0.0009765625,11.913330078125,4854.38,Dart/Dart.csv,170,17,Dart,fasta,False,True,,4.85438
90.945068359375,42.70819091796875,0.0,12.2991943359375,5083.1,Dart/Dart.csv,171,18,Dart,spectral-norm,False,True,,5.0831
91.18511962890625,42.7764892578125,0.0,12.3697509765625,5114.38,Dart/Dart.csv,172,18,Dart,spectral-norm,False,True,,5.11438
91.3489990234375,42.85028076171875,0.0,12.3753662109375,5115.22,Dart/Dart.csv,173,18,Dart,spectral-norm,False,True,,5.11522
90.688720703125,42.6158447265625,0.0,12.29400634765625,5081.22,Dart/Dart.csv,174,18,Dart,spectral-norm,False,True,,5.08122
91.0450439453125,42.796875,0.0,12.28729248046875,5080.09,Dart/Dart.csv,175,18,Dart,spectral-norm,False,True,,5.08009
91.08221435546875,42.8553466796875,0.0,12.291259765625,5080.4,Dart/Dart.csv,176,18,Dart,spectral-norm,False,True,,5.0804
91.97747802734375,43.06561279296875,0.00103759765625,12.45538330078125,5149.35,Dart/Dart.csv,177,18,Dart,spectral-norm,False,True,,5.14935
91.49603271484375,42.94140625,0.0,12.37646484375,5115.36,Dart/Dart.csv,178,18,Dart,spectral-norm,False,True,,5.11536
91.23388671875,42.76922607421875,0.0,12.3734130859375,5114.95,Dart/Dart.csv,179,18,Dart,spectral-norm,False,True,,5.114949999999999
91.239990234375,42.78448486328125,0.0,12.373779296875,5114.62,Dart/Dart.csv,180,18,Dart,spectral-norm,False,True,,5.1146199999999995
125.50860595703125,63.90899658203125,0.0,16.55511474609375,6845.29,Dart/xDart.csv,1,1,Dart,n-body,True,True,,6.84529
126.3756103515625,64.50286865234375,0.000732421875,16.504150390625,6822.8,Dart/xDart.csv,2,1,Dart,n-body,True,True,,6.8228
126.3975830078125,64.54736328125,0.0,16.53179931640625,6834.84,Dart/xDart.csv,3,1,Dart,n-body,True,True,,6.83484
127.8118896484375,66.31524658203125,0.0,16.5186767578125,6830.18,Dart/xDart.csv,4,1,Dart,n-body,True,True,,6.83018
126.75067138671875,64.830078125,0.0,16.51666259765625,6828.56,Dart/xDart.csv,5,1,Dart,n-body,True,True,,6.82856
126.5025634765625,64.61962890625,0.0,16.50457763671875,6823.12,Dart/xDart.csv,6,1,Dart,n-body,True,True,,6.82312
126.36773681640625,64.52313232421875,0.0,16.50262451171875,6824.37,Dart/xDart.csv,7,1,Dart,n-body,True,True,,6.82437
126.6318359375,64.6610107421875,0.0008544921875,16.50811767578125,6825.01,Dart/xDart.csv,8,1,Dart,n-body,True,True,,6.82501
126.89715576171875,64.812255859375,0.0,16.507080078125,6825.1,Dart/xDart.csv,9,1,Dart,n-body,True,True,,6.8251
126.970458984375,64.85894775390625,0.0,16.50732421875,6824.71,Dart/xDart.csv,10,1,Dart,n-body,True,True,,6.82471
386.0177001953125,223.8741455078125,0.0,56.54296875,17096.7,Dart/xDart.csv,11,2,Dart,binary-trees,True,True,,17.096700000000002
387.84063720703125,225.10699462890625,0.0009765625,56.28753662109375,17054.9,Dart/xDart.csv,12,2,Dart,binary-trees,True,True,,17.0549
395.4271240234375,229.94927978515625,0.0,56.88226318359375,17227.9,Dart/xDart.csv,13,2,Dart,binary-trees,True,True,,17.2279
387.9302978515625,225.1634521484375,0.0008544921875,56.39935302734375,17037.1,Dart/xDart.csv,14,2,Dart,binary-trees,True,True,,17.0371
388.472900390625,225.32958984375,0.0,56.24163818359375,17001.7,Dart/xDart.csv,15,2,Dart,binary-trees,True,True,,17.0017
396.07659912109375,230.5079345703125,0.0,56.6217041015625,17180.8,Dart/xDart.csv,16,2,Dart,binary-trees,True,True,,17.180799999999998
393.587646484375,228.91107177734375,0.00103759765625,56.328125,17087.4,Dart/xDart.csv,17,2,Dart,binary-trees,True,True,,17.087400000000002
398.02142333984375,231.45684814453125,0.0,56.80291748046875,17215.4,Dart/xDart.csv,18,2,Dart,binary-trees,True,True,,17.215400000000002
393.116943359375,228.49261474609375,0.0009765625,56.51025390625,17123.2,Dart/xDart.csv,19,2,Dart,binary-trees,True,True,,17.1232
394.637939453125,229.323486328125,0.0,56.60791015625,17125.7,Dart/xDart.csv,20,2,Dart,binary-trees,True,True,,17.125700000000002
240.73297119140625,138.3846435546875,0.0,32.2589111328125,10653.5,Dart/xDart.csv,21,3,Dart,reverse-complement,True,True,,10.6535
241.28533935546875,139.03668212890625,0.00103759765625,32.192626953125,10622.7,Dart/xDart.csv,22,3,Dart,reverse-complement,True,True,,10.6227
241.46014404296875,139.11810302734375,0.0,32.19390869140625,10625.4,Dart/xDart.csv,23,3,Dart,reverse-complement,True,True,,10.625399999999999
241.69915771484375,139.32049560546875,0.0,32.170166015625,10626.3,Dart/xDart.csv,24,3,Dart,reverse-complement,True,True,,10.626299999999999
241.1207275390625,138.789306640625,0.0,32.1715087890625,10610.5,Dart/xDart.csv,25,3,Dart,reverse-complement,True,True,,10.6105
240.81097412109375,138.64013671875,0.0010986328125,32.16192626953125,10609.5,Dart/xDart.csv,26,3,Dart,reverse-complement,True,True,,10.6095
241.35443115234375,138.90594482421875,0.0,32.17449951171875,10618.5,Dart/xDart.csv,27,3,Dart,reverse-complement,True,True,,10.6185
241.131103515625,138.91510009765625,0.0,32.10455322265625,10601.7,Dart/xDart.csv,28,3,Dart,reverse-complement,True,True,,10.601700000000001
242.23968505859375,139.67108154296875,0.0,32.17938232421875,10618.2,Dart/xDart.csv,29,3,Dart,reverse-complement,True,True,,10.6182
242.00689697265625,139.196044921875,0.00103759765625,32.1700439453125,10616.7,Dart/xDart.csv,30,3,Dart,reverse-complement,True,True,,10.616700000000002
288.05908203125,159.77362060546875,0.0,35.3746337890625,13536.7,Dart/xDart.csv,31,4,Dart,regex-redux,True,True,,13.536700000000002
289.74859619140625,161.212890625,0.0,35.41937255859375,13554.8,Dart/xDart.csv,32,4,Dart,regex-redux,True,True,,13.554799999999998
288.41107177734375,160.24151611328125,0.0009765625,35.18792724609375,13463.7,Dart/xDart.csv,33,4,Dart,regex-redux,True,True,,13.463700000000001
287.5,159.77203369140625,0.0,35.175048828125,13458.8,Dart/xDart.csv,34,4,Dart,regex-redux,True,True,,13.4588
288.0726318359375,160.082763671875,0.0,35.23931884765625,13481.8,Dart/xDart.csv,35,4,Dart,regex-redux,True,True,,13.4818
288.5714111328125,160.24652099609375,0.0009765625,35.2578125,13488.9,Dart/xDart.csv,36,4,Dart,regex-redux,True,True,,13.4889
288.895751953125,160.51800537109375,0.0,35.3226318359375,13519.2,Dart/xDart.csv,37,4,Dart,regex-redux,True,True,,13.519200000000001
289.87896728515625,160.97052001953125,0.0,35.33685302734375,13525.1,Dart/xDart.csv,38,4,Dart,regex-redux,True,True,,13.5251
293.472412109375,163.26263427734375,0.0009765625,35.462890625,13567.0,Dart/xDart.csv,39,4,Dart,regex-redux,True,True,,13.567
290.5701904296875,161.3258056640625,0.0,35.35577392578125,13530.0,Dart/xDart.csv,40,4,Dart,regex-redux,True,True,,13.53
753.19091796875,391.02008056640625,0.0009765625,93.5323486328125,38707.3,Dart/xDart.csv,41,5,Dart,fannkuch-redux,True,True,,38.707300000000004
752.9190673828125,390.73443603515625,0.00091552734375,93.47052001953125,38679.2,Dart/xDart.csv,42,5,Dart,fannkuch-redux,True,True,,38.679199999999994
753.317138671875,391.07794189453125,0.00091552734375,93.4735107421875,38672.0,Dart/xDart.csv,43,5,Dart,fannkuch-redux,True,True,,38.672
753.2026977539062,391.16094970703125,0.00091552734375,93.53973388671875,38708.8,Dart/xDart.csv,44,5,Dart,fannkuch-redux,True,True,,38.708800000000004
753.4805297851562,390.87109375,0.0,93.42913818359375,38663.0,Dart/xDart.csv,45,5,Dart,fannkuch-redux,True,True,,38.663
752.6475219726562,390.859375,0.00091552734375,93.4622802734375,38676.0,Dart/xDart.csv,46,5,Dart,fannkuch-redux,True,True,,38.676
753.014892578125,390.489501953125,0.0009765625,93.41131591796875,38656.4,Dart/xDart.csv,47,5,Dart,fannkuch-redux,True,True,,38.656400000000005
756.7345581054688,395.2388916015625,0.0009765625,93.470947265625,38679.7,Dart/xDart.csv,48,5,Dart,fannkuch-redux,True,True,,38.6797
753.0693969726562,390.60064697265625,0.0009765625,93.470458984375,38680.0,Dart/xDart.csv,49,5,Dart,fannkuch-redux,True,True,,38.68
752.4959716796875,390.8306884765625,0.00091552734375,93.47991943359375,38684.0,Dart/xDart.csv,50,5,Dart,fannkuch-redux,True,True,,38.684
512.5407104492188,378.2169189453125,0.0,39.490966796875,14522.0,Dart/xDart.csv,51,6,Dart,k-nucleotide,True,True,,14.522
517.1483764648438,382.37786865234375,0.00103759765625,39.356201171875,14457.4,Dart/xDart.csv,52,6,Dart,k-nucleotide,True,True,,14.4574
516.345703125,381.620849609375,0.0,39.3311767578125,14442.6,Dart/xDart.csv,53,6,Dart,k-nucleotide,True,True,,14.4426
520.1002807617188,384.2384033203125,0.0,39.45989990234375,14512.3,Dart/xDart.csv,54,6,Dart,k-nucleotide,True,True,,14.5123
519.0990600585938,383.75640869140625,0.0010986328125,39.44195556640625,14482.4,Dart/xDart.csv,55,6,Dart,k-nucleotide,True,True,,14.4824
518.898193359375,383.62677001953125,0.0,39.3035888671875,14449.8,Dart/xDart.csv,56,6,Dart,k-nucleotide,True,True,,14.4498
520.2714233398438,384.8094482421875,0.0,39.33160400390625,14445.6,Dart/xDart.csv,57,6,Dart,k-nucleotide,True,True,,14.4456
525.4412231445312,388.42864990234375,0.0010986328125,39.499267578125,14528.1,Dart/xDart.csv,58,6,Dart,k-nucleotide,True,True,,14.5281
522.2994384765625,386.0731201171875,0.0,39.459716796875,14499.2,Dart/xDart.csv,59,6,Dart,k-nucleotide,True,True,,14.4992
522.2182006835938,386.31475830078125,0.0,39.33953857421875,14443.7,Dart/xDart.csv,60,6,Dart,k-nucleotide,True,True,,14.443700000000002
272.8187255859375,187.7498779296875,0.0,24.22491455078125,9961.11,Dart/xDart.csv,61,7,Dart,mandelbrot,True,True,,9.961110000000001
275.26873779296875,188.82135009765625,0.0,24.50213623046875,10075.8,Dart/xDart.csv,62,7,Dart,mandelbrot,True,True,,10.0758
275.277587890625,189.032470703125,0.0,24.51837158203125,10077.1,Dart/xDart.csv,63,7,Dart,mandelbrot,True,True,,10.0771
271.57086181640625,186.33428955078125,0.0,24.198486328125,9952.18,Dart/xDart.csv,64,7,Dart,mandelbrot,True,True,,9.95218
275.1953125,188.859619140625,0.0009765625,24.54107666015625,10090.1,Dart/xDart.csv,65,7,Dart,mandelbrot,True,True,,10.0901
274.2879638671875,188.16693115234375,0.0,24.51898193359375,10081.6,Dart/xDart.csv,66,7,Dart,mandelbrot,True,True,,10.0816
272.17279052734375,187.4920654296875,0.0,24.15789794921875,9935.62,Dart/xDart.csv,67,7,Dart,mandelbrot,True,True,,9.93562
275.09051513671875,188.73223876953125,0.0,24.52166748046875,10088.8,Dart/xDart.csv,68,7,Dart,mandelbrot,True,True,,10.088799999999999
274.1241455078125,188.07708740234375,0.0009765625,24.49041748046875,10070.4,Dart/xDart.csv,69,7,Dart,mandelbrot,True,True,,10.0704
272.181640625,187.363037109375,0.0,24.19097900390625,9953.02,Dart/xDart.csv,70,7,Dart,mandelbrot,True,True,,9.95302
100.9041748046875,56.5081787109375,0.0,11.81903076171875,4815.56,Dart/xDart.csv,71,8,Dart,fasta,True,True,,4.8155600000000005
95.3837890625,51.21612548828125,0.0,11.62152099609375,4737.5,Dart/xDart.csv,72,8,Dart,fasta,True,True,,4.7375
95.4798583984375,51.24517822265625,0.0,11.63189697265625,4740.27,Dart/xDart.csv,73,8,Dart,fasta,True,True,,4.740270000000001
95.12451171875,51.1024169921875,0.0009765625,11.6265869140625,4739.4,Dart/xDart.csv,74,8,Dart,fasta,True,True,,4.7394
95.33392333984375,51.20245361328125,0.0,11.64019775390625,4743.83,Dart/xDart.csv,75,8,Dart,fasta,True,True,,4.74383
97.17333984375,52.19244384765625,0.0,11.69873046875,4768.27,Dart/xDart.csv,76,8,Dart,fasta,True,True,,4.76827
95.27740478515625,51.14337158203125,0.0,11.63970947265625,4744.02,Dart/xDart.csv,77,8,Dart,fasta,True,True,,4.744020000000001
95.26922607421875,51.13885498046875,0.0,11.63592529296875,4742.7,Dart/xDart.csv,78,8,Dart,fasta,True,True,,4.7427
97.15081787109375,51.8634033203125,0.0,11.88201904296875,4847.75,Dart/xDart.csv,79,8,Dart,fasta,True,True,,4.84775
95.15472412109375,51.11407470703125,0.0,11.6319580078125,4738.02,Dart/xDart.csv,80,8,Dart,fasta,True,True,,4.738020000000001
89.91961669921875,42.129638671875,0.0,12.3155517578125,5089.48,Dart/xDart.csv,81,9,Dart,spectral-norm,True,True,,5.08948
89.798828125,42.04052734375,0.00091552734375,12.3763427734375,5115.27,Dart/xDart.csv,82,9,Dart,spectral-norm,True,True,,5.115270000000001
89.84942626953125,42.12994384765625,0.0,12.2933349609375,5080.38,Dart/xDart.csv,83,9,Dart,spectral-norm,True,True,,5.08038
89.55633544921875,41.90087890625,0.0,12.376220703125,5114.71,Dart/xDart.csv,84,9,Dart,spectral-norm,True,True,,5.11471
89.73175048828125,42.01202392578125,0.0,12.37744140625,5115.4,Dart/xDart.csv,85,9,Dart,spectral-norm,True,True,,5.115399999999999
89.61083984375,41.95086669921875,0.0,12.376953125,5114.62,Dart/xDart.csv,86,9,Dart,spectral-norm,True,True,,5.1146199999999995
89.02325439453125,41.6673583984375,0.0,12.37615966796875,5114.79,Dart/xDart.csv,87,9,Dart,spectral-norm,True,True,,5.11479
89.25469970703125,41.67340087890625,0.0,12.45697021484375,5148.68,Dart/xDart.csv,88,9,Dart,spectral-norm,True,True,,5.148680000000001
89.39190673828125,41.84527587890625,0.0,12.3804931640625,5117.53,Dart/xDart.csv,89,9,Dart,spectral-norm,True,True,,5.1175299999999995
89.2435302734375,41.75250244140625,0.00091552734375,12.37860107421875,5114.8,Dart/xDart.csv,90,9,Dart,spectral-norm,True,True,,5.1148
3152.1467895507812,1674.9105834960938,0.004638671875,362.75274658203125,150147.0,Erlang/Erlang.csv,1,1,Erlang,n-body,False,True,,150.147
3182.8468017578125,1688.8021240234375,0.0032958984375,372.18353271484375,154051.0,Erlang/Erlang.csv,2,1,Erlang,n-body,False,True,,154.051
3104.042724609375,1643.6262817382812,0.00421142578125,370.99114990234375,153559.0,Erlang/Erlang.csv,3,1,Erlang,n-body,False,True,,153.559
3044.0645141601562,1616.3622436523438,0.0030517578125,362.46368408203125,150029.0,Erlang/Erlang.csv,4,1,Erlang,n-body,False,True,,150.029
3096.949462890625,1639.760986328125,0.00433349609375,369.29766845703125,152846.0,Erlang/Erlang.csv,5,1,Erlang,n-body,False,True,,152.846
3046.4641723632812,1616.7041015625,0.00311279296875,362.73516845703125,150140.0,Erlang/Erlang.csv,6,1,Erlang,n-body,False,True,,150.14
3024.3699951171875,1608.1959228515625,0.00433349609375,360.24359130859375,149110.0,Erlang/Erlang.csv,7,1,Erlang,n-body,False,True,,149.11
3118.8827514648438,1657.8497314453125,0.003173828125,360.20086669921875,149092.0,Erlang/Erlang.csv,8,1,Erlang,n-body,False,True,,149.092
3054.6090087890625,1619.180908203125,0.004150390625,363.99981689453125,150664.0,Erlang/Erlang.csv,9,1,Erlang,n-body,False,True,,150.664
3017.6052856445312,1601.5753173828125,0.00311279296875,359.29241943359375,148716.0,Erlang/Erlang.csv,10,1,Erlang,n-body,False,True,,148.716
309.521484375,238.764892578125,0.0,23.2786865234375,7243.53,Erlang/Erlang.csv,11,2,Erlang,binary-trees,False,True,,7.24353
314.2867431640625,241.5516357421875,0.001220703125,23.49261474609375,7399.92,Erlang/Erlang.csv,12,2,Erlang,binary-trees,False,True,,7.39992
315.29095458984375,242.80322265625,0.0,23.30279541015625,7381.08,Erlang/Erlang.csv,13,2,Erlang,binary-trees,False,True,,7.38108
313.26904296875,241.54620361328125,0.0,22.7823486328125,7283.18,Erlang/Erlang.csv,14,2,Erlang,binary-trees,False,True,,7.283180000000001
314.416015625,242.3057861328125,0.0,23.089111328125,7316.36,Erlang/Erlang.csv,15,2,Erlang,binary-trees,False,True,,7.3163599999999995
315.69940185546875,243.28778076171875,0.0,23.39068603515625,7344.82,Erlang/Erlang.csv,16,2,Erlang,binary-trees,False,True,,7.3448199999999995
314.37481689453125,242.8853759765625,0.0,23.1402587890625,7226.68,Erlang/Erlang.csv,17,2,Erlang,binary-trees,False,True,,7.22668
317.52044677734375,245.2235107421875,0.00146484375,22.93365478515625,7293.0,Erlang/Erlang.csv,18,2,Erlang,binary-trees,False,True,,7.293
317.5966796875,244.39166259765625,0.0,22.982177734375,7373.88,Erlang/Erlang.csv,19,2,Erlang,binary-trees,False,True,,7.37388
318.39752197265625,245.71966552734375,0.0,22.872314453125,7295.16,Erlang/Erlang.csv,20,2,Erlang,binary-trees,False,True,,7.29516
187.35040283203125,120.92742919921875,0.0,17.75177001953125,6982.78,Erlang/Erlang.csv,21,3,Erlang,reverse-complement,False,True,,6.98278
182.17071533203125,120.42840576171875,0.0,16.5816650390625,6512.29,Erlang/Erlang.csv,22,3,Erlang,reverse-complement,False,True,,6.51229
183.42584228515625,121.2203369140625,0.0,16.57025146484375,6511.19,Erlang/Erlang.csv,23,3,Erlang,reverse-complement,False,True,,6.51119
184.16021728515625,121.60321044921875,0.001220703125,16.6727294921875,6542.36,Erlang/Erlang.csv,24,3,Erlang,reverse-complement,False,True,,6.5423599999999995
180.85107421875,119.7608642578125,0.0,16.4442138671875,6465.85,Erlang/Erlang.csv,25,3,Erlang,reverse-complement,False,True,,6.4658500000000005
181.92144775390625,120.45208740234375,0.0,16.502685546875,6490.41,Erlang/Erlang.csv,26,3,Erlang,reverse-complement,False,True,,6.49041
181.460205078125,120.0797119140625,0.0,16.47540283203125,6466.92,Erlang/Erlang.csv,27,3,Erlang,reverse-complement,False,True,,6.46692
182.732177734375,120.39959716796875,0.0,16.69696044921875,6578.01,Erlang/Erlang.csv,28,3,Erlang,reverse-complement,False,True,,6.57801
181.71673583984375,120.129150390625,0.0,16.47930908203125,6478.33,Erlang/Erlang.csv,29,3,Erlang,reverse-complement,False,True,,6.47833
181.300537109375,119.90875244140625,0.00128173828125,16.48046875,6482.48,Erlang/Erlang.csv,30,3,Erlang,reverse-complement,False,True,,6.48248
4792.282043457031,3831.968505859375,0.0029296875,247.8427734375,102582.0,Erlang/Erlang.csv,31,4,Erlang,fannkuch-redux,False,True,,102.582
4808.9991455078125,3846.6204223632812,0.004638671875,245.71826171875,101704.0,Erlang/Erlang.csv,32,4,Erlang,fannkuch-redux,False,True,,101.704
4884.784423828125,3904.1958618164062,0.00323486328125,249.2255859375,103156.0,Erlang/Erlang.csv,33,4,Erlang,fannkuch-redux,False,True,,103.156
4860.02685546875,3883.6074829101562,0.00311279296875,247.5067138671875,102443.0,Erlang/Erlang.csv,34,4,Erlang,fannkuch-redux,False,True,,102.443
4836.074951171875,3870.25634765625,0.0048828125,243.77825927734375,100901.0,Erlang/Erlang.csv,35,4,Erlang,fannkuch-redux,False,True,,100.901
4941.7010498046875,3953.7940673828125,0.0032958984375,248.38916015625,102807.0,Erlang/Erlang.csv,36,4,Erlang,fannkuch-redux,False,True,,102.807
4840.3377685546875,3880.3177490234375,0.00335693359375,241.64031982421875,100016.0,Erlang/Erlang.csv,37,4,Erlang,fannkuch-redux,False,True,,100.016
4903.999267578125,3935.5619506835938,0.0047607421875,244.0697021484375,101022.0,Erlang/Erlang.csv,38,4,Erlang,fannkuch-redux,False,True,,101.022
4931.113464355469,3948.6660766601562,0.00335693359375,247.4930419921875,102427.0,Erlang/Erlang.csv,39,4,Erlang,fannkuch-redux,False,True,,102.427
4940.873229980469,3949.4041748046875,0.00323486328125,248.94854736328125,103042.0,Erlang/Erlang.csv,40,4,Erlang,fannkuch-redux,False,True,,103.042
3194.9971923828125,2380.4014892578125,0.002685546875,235.3349609375,87804.3,Erlang/Erlang.csv,41,5,Erlang,k-nucleotide,False,True,,87.8043
-259076.29510498047,2340.1246948242188,0.0013427734375,215.15814208984375,79083.5,Erlang/Erlang.csv,42,5,Erlang,k-nucleotide,False,False,negative_energy|invalid_package,79.0835
3152.09814453125,2353.7490844726562,0.0028076171875,232.84454345703125,86261.0,Erlang/Erlang.csv,43,5,Erlang,k-nucleotide,False,True,,86.261
3145.0559692382812,2339.7763061523438,0.00390625,234.32000732421875,87378.2,Erlang/Erlang.csv,44,5,Erlang,k-nucleotide,False,True,,87.37819999999999
3215.4830322265625,2381.6717529296875,0.0025634765625,241.378662109375,90358.4,Erlang/Erlang.csv,45,5,Erlang,k-nucleotide,False,True,,90.35839999999999
3083.0003662109375,2336.9188842773438,0.00128173828125,220.8165283203125,81274.9,Erlang/Erlang.csv,46,5,Erlang,k-nucleotide,False,True,,81.27489999999999
3134.7510375976562,2341.641845703125,0.002685546875,230.6796875,85663.6,Erlang/Erlang.csv,47,5,Erlang,k-nucleotide,False,True,,85.6636
3153.2946166992188,2353.8036499023438,0.00396728515625,232.6361083984375,86828.7,Erlang/Erlang.csv,48,5,Erlang,k-nucleotide,False,True,,86.8287
3177.953369140625,2366.3878173828125,0.00262451171875,236.84228515625,88150.7,Erlang/Erlang.csv,49,5,Erlang,k-nucleotide,False,True,,88.1507
3114.5031127929688,2329.3907470703125,0.0025634765625,229.12713623046875,85202.2,Erlang/Erlang.csv,50,5,Erlang,k-nucleotide,False,True,,85.20219999999999
10453.150695800781,8514.734191894531,0.00701904296875,487.08416748046875,194798.0,Erlang/Erlang.csv,51,6,Erlang,mandelbrot,False,True,,194.798
10597.560852050781,8638.609436035156,0.0091552734375,486.41986083984375,194445.0,Erlang/Erlang.csv,52,6,Erlang,mandelbrot,False,True,,194.445
10658.77099609375,8687.612365722656,0.0076904296875,488.155517578125,194912.0,Erlang/Erlang.csv,53,6,Erlang,mandelbrot,False,True,,194.912
10671.115051269531,8698.290710449219,0.00921630859375,488.35845947265625,194953.0,Erlang/Erlang.csv,54,6,Erlang,mandelbrot,False,True,,194.953
10657.399291992188,8687.390625,0.0076904296875,487.37542724609375,194784.0,Erlang/Erlang.csv,55,6,Erlang,mandelbrot,False,True,,194.784
10654.269470214844,8685.861389160156,0.0093994140625,487.4453125,194863.0,Erlang/Erlang.csv,56,6,Erlang,mandelbrot,False,True,,194.863
10649.151306152344,8681.7998046875,0.0076904296875,487.12750244140625,194693.0,Erlang/Erlang.csv,57,6,Erlang,mandelbrot,False,True,,194.693
10886.454772949219,8863.339050292969,0.0093994140625,498.69378662109375,199481.0,Erlang/Erlang.csv,58,6,Erlang,mandelbrot,False,True,,199.481
10675.179504394531,8701.646118164062,0.007568359375,487.21136474609375,194659.0,Erlang/Erlang.csv,59,6,Erlang,mandelbrot,False,True,,194.659
10672.553100585938,8701.846618652344,0.0093994140625,486.62664794921875,194496.0,Erlang/Erlang.csv,60,6,Erlang,mandelbrot,False,True,,194.496
167.2725830078125,84.4432373046875,0.0,17.9031982421875,7334.71,Erlang/Erlang.csv,61,7,Erlang,pidigits,False,True,,7.33471
170.64764404296875,86.739013671875,0.0,17.9920654296875,7372.14,Erlang/Erlang.csv,62,7,Erlang,pidigits,False,True,,7.37214
168.8856201171875,85.388427734375,0.0015869140625,17.9652099609375,7363.66,Erlang/Erlang.csv,63,7,Erlang,pidigits,False,True,,7.363659999999999
173.41595458984375,87.10296630859375,0.0,18.14190673828125,7435.1,Erlang/Erlang.csv,64,7,Erlang,pidigits,False,True,,7.4351
165.27069091796875,83.04522705078125,0.0,17.8994140625,7335.37,Erlang/Erlang.csv,65,7,Erlang,pidigits,False,True,,7.33537
165.4903564453125,83.06396484375,0.0,17.91650390625,7339.59,Erlang/Erlang.csv,66,7,Erlang,pidigits,False,True,,7.33959
171.28741455078125,85.727294921875,0.0,18.10162353515625,7421.6,Erlang/Erlang.csv,67,7,Erlang,pidigits,False,True,,7.421600000000001
167.4754638671875,84.42987060546875,0.0,17.963623046875,7364.48,Erlang/Erlang.csv,68,7,Erlang,pidigits,False,True,,7.3644799999999995
165.61865234375,82.7630615234375,0.0015869140625,17.91741943359375,7344.48,Erlang/Erlang.csv,69,7,Erlang,pidigits,False,True,,7.34448
165.94940185546875,82.85919189453125,0.0,17.9501953125,7355.93,Erlang/Erlang.csv,70,7,Erlang,pidigits,False,True,,7.35593
724.1163330078125,412.76458740234375,0.00140380859375,67.379150390625,27850.7,Erlang/Erlang.csv,71,8,Erlang,fasta,False,True,,27.8507
723.6417236328125,412.49884033203125,0.0,67.44451904296875,27878.8,Erlang/Erlang.csv,72,8,Erlang,fasta,False,True,,27.8788
723.8350219726562,412.6895751953125,0.00146484375,67.49713134765625,27901.2,Erlang/Erlang.csv,73,8,Erlang,fasta,False,True,,27.9012
724.864990234375,412.52349853515625,0.00140380859375,67.62640380859375,27953.7,Erlang/Erlang.csv,74,8,Erlang,fasta,False,True,,27.9537
720.0870361328125,408.8265380859375,0.0,67.2955322265625,27816.2,Erlang/Erlang.csv,75,8,Erlang,fasta,False,True,,27.816200000000002
720.0167236328125,410.23370361328125,0.00140380859375,67.33685302734375,27834.1,Erlang/Erlang.csv,76,8,Erlang,fasta,False,True,,27.8341
721.7701416015625,410.04046630859375,0.0,67.4757080078125,27895.2,Erlang/Erlang.csv,77,8,Erlang,fasta,False,True,,27.8952
719.068603515625,408.67889404296875,0.00146484375,67.296142578125,27820.1,Erlang/Erlang.csv,78,8,Erlang,fasta,False,True,,27.8201
717.6107177734375,407.75933837890625,0.00140380859375,67.29962158203125,27823.3,Erlang/Erlang.csv,79,8,Erlang,fasta,False,True,,27.8233
717.1917724609375,407.3448486328125,0.0,67.22698974609375,27790.9,Erlang/Erlang.csv,80,8,Erlang,fasta,False,True,,27.7909
881.314453125,707.6029663085938,0.0,43.4549560546875,17977.3,Erlang/Erlang.csv,81,9,Erlang,spectral-norm,False,True,,17.9773
888.4226684570312,713.6754760742188,0.0,43.46014404296875,17979.9,Erlang/Erlang.csv,82,9,Erlang,spectral-norm,False,True,,17.9799
894.18994140625,718.4898681640625,0.00152587890625,43.51422119140625,18004.1,Erlang/Erlang.csv,83,9,Erlang,spectral-norm,False,True,,18.004099999999998
900.0979614257812,723.4351806640625,0.0,43.511474609375,17999.8,Erlang/Erlang.csv,84,9,Erlang,spectral-norm,False,True,,17.9998
901.2381591796875,724.3342895507812,0.0015869140625,43.5224609375,18006.0,Erlang/Erlang.csv,85,9,Erlang,spectral-norm,False,True,,18.006
904.277587890625,726.990478515625,0.0,43.5047607421875,17998.2,Erlang/Erlang.csv,86,9,Erlang,spectral-norm,False,True,,17.9982
904.81982421875,727.5040283203125,0.0,43.52447509765625,18006.2,Erlang/Erlang.csv,87,9,Erlang,spectral-norm,False,True,,18.0062
904.6473999023438,727.4863891601562,0.00164794921875,43.4818115234375,17989.8,Erlang/Erlang.csv,88,9,Erlang,spectral-norm,False,True,,17.9898
907.0823364257812,729.47705078125,0.0,43.505859375,18000.0,Erlang/Erlang.csv,89,9,Erlang,spectral-norm,False,True,,18.0
911.6524047851562,733.17919921875,0.00164794921875,43.4986572265625,17996.1,Erlang/Erlang.csv,90,9,Erlang,spectral-norm,False,True,,17.9961
2.951904296875,0.2852783203125,0.0,0.9066162109375,372.849,FSharp/FSharp.csv,1,1,FSharp,n-body,False,True,,0.372849
0.79998779296875,0.39453125,0.0,0.1065673828125,41.891,FSharp/FSharp.csv,2,1,FSharp,n-body,False,True,,0.041891
0.81427001953125,0.42181396484375,0.0,0.09893798828125,39.04,FSharp/FSharp.csv,3,1,FSharp,n-body,False,True,,0.03904
0.81207275390625,0.41998291015625,0.0,0.09893798828125,39.061,FSharp/FSharp.csv,4,1,FSharp,n-body,False,True,,0.039061
0.81121826171875,0.419921875,0.0,0.0986328125,39.45,FSharp/FSharp.csv,5,1,FSharp,n-body,False,True,,0.039450000000000006
0.81158447265625,0.42022705078125,0.0,0.098876953125,39.292,FSharp/FSharp.csv,6,1,FSharp,n-body,False,True,,0.039292
0.8306884765625,0.429443359375,0.0,0.10186767578125,39.629,FSharp/FSharp.csv,7,1,FSharp,n-body,False,True,,0.039629
0.81500244140625,0.4219970703125,0.0,0.09869384765625,39.448,FSharp/FSharp.csv,8,1,FSharp,n-body,False,True,,0.039448
0.8134765625,0.421875,0.0,0.09930419921875,39.187,FSharp/FSharp.csv,9,1,FSharp,n-body,False,True,,0.039187
0.81353759765625,0.4207763671875,0.0,0.09942626953125,39.022,FSharp/FSharp.csv,10,1,FSharp,n-body,False,True,,0.039022
0.98919677734375,0.33453369140625,0.0,0.1988525390625,79.579,FSharp/FSharp.csv,11,2,FSharp,binary-trees,False,True,,0.079579
0.81768798828125,0.4248046875,0.0,0.0989990234375,39.797,FSharp/FSharp.csv,12,2,FSharp,binary-trees,False,True,,0.039797
0.8463134765625,0.444091796875,0.0,0.09906005859375,39.793,FSharp/FSharp.csv,13,2,FSharp,binary-trees,False,True,,0.039793
0.8212890625,0.42572021484375,0.0,0.098876953125,39.059,FSharp/FSharp.csv,14,2,FSharp,binary-trees,False,True,,0.039058999999999996
0.841796875,0.437744140625,0.0,0.10137939453125,39.932,FSharp/FSharp.csv,15,2,FSharp,binary-trees,False,True,,0.039932
0.84735107421875,0.4417724609375,0.0,0.1015625,39.752,FSharp/FSharp.csv,16,2,FSharp,binary-trees,False,True,,0.039752
0.8577880859375,0.4476318359375,0.0,0.10174560546875,39.912,FSharp/FSharp.csv,17,2,FSharp,binary-trees,False,True,,0.039911999999999996
0.8424072265625,0.4400634765625,0.0,0.09881591796875,39.369,FSharp/FSharp.csv,18,2,FSharp,binary-trees,False,True,,0.039369
0.84722900390625,0.44073486328125,0.0,0.101318359375,40.089,FSharp/FSharp.csv,19,2,FSharp,binary-trees,False,True,,0.040089
0.8294677734375,0.43231201171875,0.0,0.09912109375,39.495,FSharp/FSharp.csv,20,2,FSharp,binary-trees,False,True,,0.039494999999999995
0.91650390625,0.34832763671875,0.0,0.16485595703125,65.929,FSharp/FSharp.csv,21,3,FSharp,reverse-complement,False,True,,0.065929
0.8114013671875,0.4215087890625,0.0,0.09869384765625,39.441,FSharp/FSharp.csv,22,3,FSharp,reverse-complement,False,True,,0.039441000000000004
0.8541259765625,0.4451904296875,0.0,0.10162353515625,39.706,FSharp/FSharp.csv,23,3,FSharp,reverse-complement,False,True,,0.039706000000000005
0.8184814453125,0.42437744140625,0.0,0.09857177734375,39.707,FSharp/FSharp.csv,24,3,FSharp,reverse-complement,False,True,,0.039707
0.82037353515625,0.425537109375,0.0,0.09930419921875,39.112,FSharp/FSharp.csv,25,3,FSharp,reverse-complement,False,True,,0.039112
0.8564453125,0.44439697265625,0.0,0.10467529296875,40.409,FSharp/FSharp.csv,26,3,FSharp,reverse-complement,False,True,,0.040409
0.8348388671875,0.43170166015625,0.0,0.101806640625,39.915,FSharp/FSharp.csv,27,3,FSharp,reverse-complement,False,True,,0.039915
0.83404541015625,0.435302734375,0.0,0.09912109375,39.645,FSharp/FSharp.csv,28,3,FSharp,reverse-complement,False,True,,0.039645
0.8538818359375,0.44537353515625,0.0,0.1015625,39.696,FSharp/FSharp.csv,29,3,FSharp,reverse-complement,False,True,,0.039695999999999995
0.8214111328125,0.4267578125,0.0,0.0989990234375,39.655,FSharp/FSharp.csv,30,3,FSharp,reverse-complement,False,True,,0.039655
0.91229248046875,0.22003173828125,0.0,0.21527099609375,87.11,FSharp/FSharp.csv,31,4,FSharp,regex-redux,False,True,,0.08710999999999999
0.82470703125,0.42755126953125,0.0,0.1016845703125,39.255,FSharp/FSharp.csv,32,4,FSharp,regex-redux,False,True,,0.039255000000000005
0.8182373046875,0.42437744140625,0.0,0.09906005859375,39.67,FSharp/FSharp.csv,33,4,FSharp,regex-redux,False,True,,0.039670000000000004
0.84100341796875,0.43756103515625,0.0,0.10174560546875,40.175,FSharp/FSharp.csv,34,4,FSharp,regex-redux,False,True,,0.040174999999999995
0.83837890625,0.43475341796875,0.0,0.10125732421875,40.163,FSharp/FSharp.csv,35,4,FSharp,regex-redux,False,True,,0.040163
0.82025146484375,0.42645263671875,0.0,0.09881591796875,39.155,FSharp/FSharp.csv,36,4,FSharp,regex-redux,False,True,,0.039155
0.8387451171875,0.435791015625,0.0,0.10162353515625,39.315,FSharp/FSharp.csv,37,4,FSharp,regex-redux,False,True,,0.039314999999999996
0.8201904296875,0.42669677734375,0.0,0.09918212890625,39.287,FSharp/FSharp.csv,38,4,FSharp,regex-redux,False,True,,0.039287
0.82623291015625,0.431396484375,0.0,0.0987548828125,39.255,FSharp/FSharp.csv,39,4,FSharp,regex-redux,False,True,,0.039255000000000005
0.81121826171875,0.4205322265625,0.0,0.09869384765625,39.446,FSharp/FSharp.csv,40,4,FSharp,regex-redux,False,True,,0.039445999999999995
0.8861083984375,0.32708740234375,0.0,0.16668701171875,66.932,FSharp/FSharp.csv,41,5,FSharp,fannkuch-redux,False,True,,0.066932
0.81878662109375,0.421630859375,0.0,0.10125732421875,40.281,FSharp/FSharp.csv,42,5,FSharp,fannkuch-redux,False,True,,0.040281
0.8094482421875,0.41912841796875,0.0,0.09918212890625,39.192,FSharp/FSharp.csv,43,5,FSharp,fannkuch-redux,False,True,,0.039192
0.81634521484375,0.42059326171875,0.0,0.10205078125,39.654,FSharp/FSharp.csv,44,5,FSharp,fannkuch-redux,False,True,,0.039654
0.843017578125,0.4385986328125,0.0,0.1019287109375,39.877,FSharp/FSharp.csv,45,5,FSharp,fannkuch-redux,False,True,,0.039877
0.8291015625,0.43182373046875,0.0,0.09912109375,39.619,FSharp/FSharp.csv,46,5,FSharp,fannkuch-redux,False,True,,0.039619
0.80230712890625,0.41314697265625,0.0,0.09930419921875,39.1,FSharp/FSharp.csv,47,5,FSharp,fannkuch-redux,False,True,,0.0391
0.83563232421875,0.4339599609375,0.0,0.1016845703125,39.471,FSharp/FSharp.csv,48,5,FSharp,fannkuch-redux,False,True,,0.039471
0.8111572265625,0.42083740234375,0.0,0.09918212890625,39.45,FSharp/FSharp.csv,49,5,FSharp,fannkuch-redux,False,True,,0.039450000000000006
0.83343505859375,0.43170166015625,0.0,0.1015625,39.613,FSharp/FSharp.csv,50,5,FSharp,fannkuch-redux,False,True,,0.039613
0.9361572265625,0.39984130859375,0.0,0.14471435546875,58.844,FSharp/FSharp.csv,51,6,FSharp,k-nucleotide,False,True,,0.058844
0.81988525390625,0.424072265625,0.0,0.101806640625,39.987,FSharp/FSharp.csv,52,6,FSharp,k-nucleotide,False,True,,0.039987
0.8250732421875,0.4271240234375,0.0,0.10211181640625,39.472,FSharp/FSharp.csv,53,6,FSharp,k-nucleotide,False,True,,0.039472
0.8016357421875,0.41522216796875,0.0,0.09912109375,39.635,FSharp/FSharp.csv,54,6,FSharp,k-nucleotide,False,True,,0.039635
0.83953857421875,0.43505859375,0.0,0.1016845703125,39.566,FSharp/FSharp.csv,55,6,FSharp,k-nucleotide,False,True,,0.039566000000000004
0.80584716796875,0.41741943359375,0.0,0.0987548828125,39.212,FSharp/FSharp.csv,56,6,FSharp,k-nucleotide,False,True,,0.039212000000000004
0.81353759765625,0.42254638671875,0.0,0.0992431640625,39.191,FSharp/FSharp.csv,57,6,FSharp,k-nucleotide,False,True,,0.039191000000000004
0.82470703125,0.4285888671875,0.0,0.09906005859375,39.642,FSharp/FSharp.csv,58,6,FSharp,k-nucleotide,False,True,,0.039642000000000004
0.82281494140625,0.42755126953125,0.0,0.099365234375,39.204,FSharp/FSharp.csv,59,6,FSharp,k-nucleotide,False,True,,0.039204
0.83563232421875,0.433349609375,0.0,0.1016845703125,39.455,FSharp/FSharp.csv,60,6,FSharp,k-nucleotide,False,True,,0.039455
0.9405517578125,0.4075927734375,0.0,0.1527099609375,61.027,FSharp/FSharp.csv,61,7,FSharp,mandelbrot,False,True,,0.061027
0.811279296875,0.41961669921875,0.0,0.0989990234375,39.065,FSharp/FSharp.csv,62,7,FSharp,mandelbrot,False,True,,0.039064999999999996
0.8280029296875,0.42822265625,0.0,0.10205078125,39.562,FSharp/FSharp.csv,63,7,FSharp,mandelbrot,False,True,,0.039562
0.80859375,0.41796875,0.0,0.09906005859375,39.711,FSharp/FSharp.csv,64,7,FSharp,mandelbrot,False,True,,0.039710999999999996
0.8245849609375,0.4285888671875,0.0,0.0992431640625,39.355,FSharp/FSharp.csv,65,7,FSharp,mandelbrot,False,True,,0.039354999999999994
0.8494873046875,0.4412841796875,0.0,0.1016845703125,39.411,FSharp/FSharp.csv,66,7,FSharp,mandelbrot,False,True,,0.039411
0.80450439453125,0.4161376953125,0.0,0.09869384765625,39.451,FSharp/FSharp.csv,67,7,FSharp,mandelbrot,False,True,,0.039451
0.84564208984375,0.4398193359375,0.0,0.10205078125,39.562,FSharp/FSharp.csv,68,7,FSharp,mandelbrot,False,True,,0.039562
0.80438232421875,0.4151611328125,0.0,0.099365234375,39.055,FSharp/FSharp.csv,69,7,FSharp,mandelbrot,False,True,,0.039055
0.8154296875,0.42388916015625,0.0,0.0992431640625,39.457,FSharp/FSharp.csv,70,7,FSharp,mandelbrot,False,True,,0.039457
0.8309326171875,0.29913330078125,0.0,0.1597900390625,64.346,FSharp/FSharp.csv,71,8,FSharp,pidigits,False,True,,0.064346
0.83056640625,0.43109130859375,0.0,0.10211181640625,39.475,FSharp/FSharp.csv,72,8,FSharp,pidigits,False,True,,0.039475
0.82830810546875,0.42919921875,0.0,0.09912109375,39.759,FSharp/FSharp.csv,73,8,FSharp,pidigits,False,True,,0.039759
0.8380126953125,0.433349609375,0.0,0.101806640625,40.216,FSharp/FSharp.csv,74,8,FSharp,pidigits,False,True,,0.040216
0.82257080078125,0.425048828125,0.0,0.10125732421875,40.159,FSharp/FSharp.csv,75,8,FSharp,pidigits,False,True,,0.040159
0.8375244140625,0.43450927734375,0.0,0.10198974609375,39.801,FSharp/FSharp.csv,76,8,FSharp,pidigits,False,True,,0.039801
0.82672119140625,0.429443359375,0.0,0.0987548828125,39.424,FSharp/FSharp.csv,77,8,FSharp,pidigits,False,True,,0.039424
0.79022216796875,0.408447265625,0.0,0.09600830078125,39.057,FSharp/FSharp.csv,78,8,FSharp,pidigits,False,True,,0.039057
0.83306884765625,0.43292236328125,0.0,0.1016845703125,39.453,FSharp/FSharp.csv,79,8,FSharp,pidigits,False,True,,0.039453
0.8046875,0.4276123046875,0.0,0.1014404296875,39.777,FSharp/FSharp.csv,80,8,FSharp,pidigits,False,True,,0.039777
1.0380859375,0.2215576171875,0.0,0.26605224609375,108.865,FSharp/FSharp.csv,81,9,FSharp,fasta,False,True,,0.10886499999999999
0.7908935546875,0.40838623046875,0.0,0.09918212890625,39.363,FSharp/FSharp.csv,82,9,FSharp,fasta,False,True,,0.039363
0.813232421875,0.41998291015625,0.0,0.1021728515625,39.379,FSharp/FSharp.csv,83,9,FSharp,fasta,False,True,,0.039379
0.82525634765625,0.427001953125,0.0,0.101806640625,40.132,FSharp/FSharp.csv,84,9,FSharp,fasta,False,True,,0.040132
0.79217529296875,0.40985107421875,0.0,0.09869384765625,39.385,FSharp/FSharp.csv,85,9,FSharp,fasta,False,True,,0.039384999999999996
0.82867431640625,0.42864990234375,0.0,0.10205078125,39.617,FSharp/FSharp.csv,86,9,FSharp,fasta,False,True,,0.039617
0.79364013671875,0.4093017578125,0.0,0.09918212890625,39.427,FSharp/FSharp.csv,87,9,FSharp,fasta,False,True,,0.039427
0.80975341796875,0.41937255859375,0.0,0.09906005859375,39.614,FSharp/FSharp.csv,88,9,FSharp,fasta,False,True,,0.039613999999999996
0.82452392578125,0.427001953125,0.0,0.10174560546875,39.478,FSharp/FSharp.csv,89,9,FSharp,fasta,False,True,,0.039478
0.80096435546875,0.413330078125,0.0,0.09930419921875,39.133,FSharp/FSharp.csv,90,9,FSharp,fasta,False,True,,0.039133
0.75439453125,0.30572509765625,0.0,0.12554931640625,50.629,FSharp/FSharp.csv,91,10,FSharp,spectral-norm,False,True,,0.050629
0.80010986328125,0.4078369140625,0.0,0.101806640625,40.005,FSharp/FSharp.csv,92,10,FSharp,spectral-norm,False,True,,0.040005000000000006
0.78985595703125,0.40728759765625,0.0,0.0992431640625,39.278,FSharp/FSharp.csv,93,10,FSharp,spectral-norm,False,True,,0.039278
0.8050537109375,0.417724609375,0.0,0.09893798828125,39.159,FSharp/FSharp.csv,94,10,FSharp,spectral-norm,False,True,,0.039159
0.82830810546875,0.42864990234375,0.0,0.10186767578125,39.875,FSharp/FSharp.csv,95,10,FSharp,spectral-norm,False,True,,0.039875
0.78594970703125,0.40472412109375,0.0,0.09918212890625,39.187,FSharp/FSharp.csv,96,10,FSharp,spectral-norm,False,True,,0.039187
0.7877197265625,0.40582275390625,0.0,0.0992431640625,39.418,FSharp/FSharp.csv,97,10,FSharp,spectral-norm,False,True,,0.039418
0.823486328125,0.42584228515625,0.0,0.10205078125,39.54,FSharp/FSharp.csv,98,10,FSharp,spectral-norm,False,True,,0.03954
0.825927734375,0.42779541015625,0.0,0.10205078125,39.814,FSharp/FSharp.csv,99,10,FSharp,spectral-norm,False,True,,0.039814
0.80841064453125,0.4193115234375,0.0,0.0987548828125,39.633,FSharp/FSharp.csv,100,10,FSharp,spectral-norm,False,True,,0.039633
134.8560791015625,68.71441650390625,0.0,17.62841796875,7247.49,FSharp/FSharp.csv,101,11,FSharp,n-body,False,True,,7.24749
127.21624755859375,62.38983154296875,0.0008544921875,17.21417236328125,7117.45,FSharp/FSharp.csv,102,11,FSharp,n-body,False,True,,7.11745
127.6920166015625,62.90716552734375,0.0,17.200439453125,7107.78,FSharp/FSharp.csv,103,11,FSharp,n-body,False,True,,7.10778
128.86199951171875,63.99517822265625,0.0,17.2545166015625,7117.61,FSharp/FSharp.csv,104,11,FSharp,n-body,False,True,,7.11761
127.030517578125,62.3370361328125,0.0,17.18145751953125,7105.14,FSharp/FSharp.csv,105,11,FSharp,n-body,False,True,,7.1051400000000005
317.01080322265625,237.45843505859375,0.0,20.8795166015625,8632.1,FSharp/FSharp.csv,106,11,FSharp,n-body,False,True,,8.632100000000001
410.83575439453125,331.24005126953125,0.0,20.7264404296875,8560.8,FSharp/FSharp.csv,107,11,FSharp,n-body,False,True,,8.560799999999999
440.75732421875,355.73345947265625,0.00128173828125,22.09552001953125,9139.4,FSharp/FSharp.csv,108,11,FSharp,n-body,False,True,,9.1394
464.8720703125,375.33709716796875,0.0,23.175048828125,9584.02,FSharp/FSharp.csv,109,11,FSharp,n-body,False,True,,9.58402
509.77484130859375,411.72021484375,0.0,25.02911376953125,10355.9,FSharp/FSharp.csv,110,11,FSharp,n-body,False,True,,10.3559
1255.1527709960938,1013.1320190429688,0.00140380859375,68.278076171875,24726.3,FSharp/FSharp.csv,111,12,FSharp,binary-trees,False,True,,24.7263
1181.329345703125,952.1952514648438,0.0,64.81524658203125,23167.8,FSharp/FSharp.csv,112,12,FSharp,binary-trees,False,True,,23.1678
1206.8753662109375,972.6188354492188,0.0015869140625,65.42529296875,23534.8,FSharp/FSharp.csv,113,12,FSharp,binary-trees,False,True,,23.5348
1223.260498046875,985.6163330078125,0.0,66.14276123046875,23743.5,FSharp/FSharp.csv,114,12,FSharp,binary-trees,False,True,,23.7435
1217.8287353515625,981.243896484375,0.00164794921875,65.7520751953125,23536.2,FSharp/FSharp.csv,115,12,FSharp,binary-trees,False,True,,23.5362
1201.122314453125,968.2526245117188,0.00177001953125,64.42401123046875,23119.5,FSharp/FSharp.csv,116,12,FSharp,binary-trees,False,True,,23.1195
1329.9067993164062,1072.8572387695312,0.0,70.26495361328125,25494.0,FSharp/FSharp.csv,117,12,FSharp,binary-trees,False,True,,25.494
1221.44482421875,984.6295166015625,0.00177001953125,65.16180419921875,23425.9,FSharp/FSharp.csv,118,12,FSharp,binary-trees,False,True,,23.425900000000002
1239.218994140625,998.931396484375,0.0,66.225341796875,23743.8,FSharp/FSharp.csv,119,12,FSharp,binary-trees,False,True,,23.7438
1269.7529296875,1023.5755004882812,0.0018310546875,67.486328125,24261.5,FSharp/FSharp.csv,120,12,FSharp,binary-trees,False,True,,24.2615
984.761474609375,798.3291625976562,0.0,47.533203125,18787.3,FSharp/FSharp.csv,121,13,FSharp,reverse-complement,False,True,,18.7873
993.1868286132812,805.1785278320312,0.0018310546875,47.8310546875,18928.1,FSharp/FSharp.csv,122,13,FSharp,reverse-complement,False,True,,18.928099999999997
987.1773071289062,800.676513671875,0.0,47.51263427734375,18803.8,FSharp/FSharp.csv,123,13,FSharp,reverse-complement,False,True,,18.8038
939.4852905273438,762.0040283203125,0.0018310546875,45.30157470703125,17910.8,FSharp/FSharp.csv,124,13,FSharp,reverse-complement,False,True,,17.9108
688.6851806640625,556.9771118164062,0.0,34.3724365234375,13361.5,FSharp/FSharp.csv,125,13,FSharp,reverse-complement,False,True,,13.3615
230.6973876953125,155.9327392578125,0.0,20.79541015625,7729.9,FSharp/FSharp.csv,126,13,FSharp,reverse-complement,False,True,,7.7299
224.56982421875,151.28863525390625,0.0,20.1138916015625,7431.78,FSharp/FSharp.csv,127,13,FSharp,reverse-complement,False,True,,7.43178
221.27008056640625,149.45281982421875,0.0,19.94110107421875,7372.14,FSharp/FSharp.csv,128,13,FSharp,reverse-complement,False,True,,7.37214
220.12799072265625,148.25946044921875,0.00146484375,19.96636962890625,7387.04,FSharp/FSharp.csv,129,13,FSharp,reverse-complement,False,True,,7.38704
220.7830810546875,149.07830810546875,0.0,19.73822021484375,7332.04,FSharp/FSharp.csv,130,13,FSharp,reverse-complement,False,True,,7.33204
1002.920166015625,545.8438720703125,0.0013427734375,114.72711181640625,46667.6,FSharp/FSharp.csv,131,14,FSharp,regex-redux,False,True,,46.6676
1026.8570556640625,553.4756469726562,0.00115966796875,118.990966796875,48694.3,FSharp/FSharp.csv,132,14,FSharp,regex-redux,False,True,,48.694300000000005
991.387451171875,536.5405883789062,0.00115966796875,115.04010009765625,47059.3,FSharp/FSharp.csv,133,14,FSharp,regex-redux,False,True,,47.0593
991.3438110351562,536.274658203125,0.00115966796875,115.37548828125,47183.3,FSharp/FSharp.csv,134,14,FSharp,regex-redux,False,True,,47.1833
983.3887329101562,532.5352172851562,0.00115966796875,114.33367919921875,46752.8,FSharp/FSharp.csv,135,14,FSharp,regex-redux,False,True,,46.7528
983.6983642578125,533.7030639648438,0.00115966796875,114.4007568359375,46783.1,FSharp/FSharp.csv,136,14,FSharp,regex-redux,False,True,,46.7831
978.3115844726562,530.1204833984375,0.00213623046875,114.158203125,46695.0,FSharp/FSharp.csv,137,14,FSharp,regex-redux,False,True,,46.695
991.8021240234375,536.4169311523438,0.00115966796875,115.69384765625,47313.5,FSharp/FSharp.csv,138,14,FSharp,regex-redux,False,True,,47.3135
986.4021606445312,535.1375122070312,0.00115966796875,114.55682373046875,46832.7,FSharp/FSharp.csv,139,14,FSharp,regex-redux,False,True,,46.832699999999996
978.5197143554688,529.4856567382812,0.00115966796875,114.0526123046875,46649.3,FSharp/FSharp.csv,140,14,FSharp,regex-redux,False,True,,46.649300000000004
465.41473388671875,365.8358154296875,0.0,26.85076904296875,11111.0,FSharp/FSharp.csv,141,15,FSharp,fannkuch-redux,False,True,,11.111
461.85198974609375,363.9080810546875,0.0,26.31658935546875,10889.1,FSharp/FSharp.csv,142,15,FSharp,fannkuch-redux,False,True,,10.889100000000001
463.28570556640625,365.10174560546875,0.001220703125,26.3502197265625,10902.6,FSharp/FSharp.csv,143,15,FSharp,fannkuch-redux,False,True,,10.9026
463.77471923828125,365.58404541015625,0.0,26.337890625,10898.4,FSharp/FSharp.csv,144,15,FSharp,fannkuch-redux,False,True,,10.898399999999999
467.6953125,368.5185546875,0.0,26.56341552734375,10991.2,FSharp/FSharp.csv,145,15,FSharp,fannkuch-redux,False,True,,10.991200000000001
469.65924072265625,370.23480224609375,0.0013427734375,26.5556640625,10988.3,FSharp/FSharp.csv,146,15,FSharp,fannkuch-redux,False,True,,10.988299999999999
468.84283447265625,369.8106689453125,0.0,26.3255615234375,10893.0,FSharp/FSharp.csv,147,15,FSharp,fannkuch-redux,False,True,,10.893
472.994873046875,372.8204345703125,0.0,26.62457275390625,11015.7,FSharp/FSharp.csv,148,15,FSharp,fannkuch-redux,False,True,,11.0157
471.1334228515625,371.640380859375,0.0,26.406494140625,10925.9,FSharp/FSharp.csv,149,15,FSharp,fannkuch-redux,False,True,,10.9259
471.24609375,371.8375244140625,0.00152587890625,26.31201171875,10886.8,FSharp/FSharp.csv,150,15,FSharp,fannkuch-redux,False,True,,10.8868
507.6446533203125,364.03759765625,0.0,46.21295166015625,14837.4,FSharp/FSharp.csv,151,16,FSharp,k-nucleotide,False,True,,14.837399999999999
509.4703369140625,367.63409423828125,0.0,45.62408447265625,14560.7,FSharp/FSharp.csv,152,16,FSharp,k-nucleotide,False,True,,14.5607
504.2406005859375,361.962158203125,0.00140380859375,45.7503662109375,14632.9,FSharp/FSharp.csv,153,16,FSharp,k-nucleotide,False,True,,14.6329
499.20123291015625,357.60040283203125,0.0,45.58392333984375,14576.1,FSharp/FSharp.csv,154,16,FSharp,k-nucleotide,False,True,,14.5761
510.351806640625,366.57269287109375,0.0,46.27716064453125,14830.9,FSharp/FSharp.csv,155,16,FSharp,k-nucleotide,False,True,,14.8309
504.7025146484375,360.951171875,0.00140380859375,46.11090087890625,14776.9,FSharp/FSharp.csv,156,16,FSharp,k-nucleotide,False,True,,14.7769
489.83782958984375,352.7154541015625,0.0,44.21026611328125,14047.9,FSharp/FSharp.csv,157,16,FSharp,k-nucleotide,False,True,,14.0479
494.23126220703125,355.74951171875,0.0,44.6976318359375,14255.0,FSharp/FSharp.csv,158,16,FSharp,k-nucleotide,False,True,,14.255
489.89935302734375,351.69525146484375,0.00140380859375,44.6822509765625,14233.5,FSharp/FSharp.csv,159,16,FSharp,k-nucleotide,False,True,,14.2335
498.867919921875,358.9981689453125,0.0,45.06207275390625,14390.6,FSharp/FSharp.csv,160,16,FSharp,k-nucleotide,False,True,,14.390600000000001
238.86456298828125,180.3477783203125,0.0,16.72802734375,6905.52,FSharp/FSharp.csv,161,17,FSharp,mandelbrot,False,True,,6.90552
238.40277099609375,180.189453125,0.0,16.65106201171875,6872.63,FSharp/FSharp.csv,162,17,FSharp,mandelbrot,False,True,,6.87263
238.727783203125,180.442626953125,0.00115966796875,16.655517578125,6874.3,FSharp/FSharp.csv,163,17,FSharp,mandelbrot,False,True,,6.8743
239.32196044921875,181.01226806640625,0.0,16.6424560546875,6870.1,FSharp/FSharp.csv,164,17,FSharp,mandelbrot,False,True,,6.870100000000001
240.00634765625,181.5950927734375,0.0,16.63873291015625,6867.65,FSharp/FSharp.csv,165,17,FSharp,mandelbrot,False,True,,6.867649999999999
238.29443359375,180.07391357421875,0.0,16.65228271484375,6873.51,FSharp/FSharp.csv,166,17,FSharp,mandelbrot,False,True,,6.8735100000000005
238.63250732421875,180.360595703125,0.0,16.65338134765625,6874.12,FSharp/FSharp.csv,167,17,FSharp,mandelbrot,False,True,,6.87412
238.6923828125,180.40924072265625,0.0,16.64971923828125,6873.15,FSharp/FSharp.csv,168,17,FSharp,mandelbrot,False,True,,6.87315
238.89227294921875,180.55023193359375,0.001220703125,16.65533447265625,6873.82,FSharp/FSharp.csv,169,17,FSharp,mandelbrot,False,True,,6.873819999999999
239.5604248046875,181.08673095703125,0.0,16.654052734375,6874.24,FSharp/FSharp.csv,170,17,FSharp,mandelbrot,False,True,,6.8742399999999995
20.7506103515625,11.77044677734375,0.0,2.30474853515625,950.16,FSharp/FSharp.csv,171,18,FSharp,pidigits,False,True,,0.95016
20.76019287109375,11.80584716796875,0.0,2.29937744140625,949.496,FSharp/FSharp.csv,172,18,FSharp,pidigits,False,True,,0.949496
22.37451171875,12.86614990234375,0.0,2.311767578125,954.303,FSharp/FSharp.csv,173,18,FSharp,pidigits,False,True,,0.954303
21.06671142578125,12.0224609375,0.0,2.3148193359375,954.578,FSharp/FSharp.csv,174,18,FSharp,pidigits,False,True,,0.9545779999999999
20.909423828125,11.898681640625,0.0,2.30694580078125,952.383,FSharp/FSharp.csv,175,18,FSharp,pidigits,False,True,,0.9523830000000001
20.54571533203125,11.7010498046875,0.0,2.27020263671875,937.171,FSharp/FSharp.csv,176,18,FSharp,pidigits,False,True,,0.9371710000000001
21.055419921875,11.99554443359375,0.0,2.32879638671875,961.49,FSharp/FSharp.csv,177,18,FSharp,pidigits,False,True,,0.96149
20.8629150390625,11.843017578125,0.0,2.316162109375,956.093,FSharp/FSharp.csv,178,18,FSharp,pidigits,False,True,,0.956093
20.68890380859375,11.7923583984375,0.0,2.27557373046875,938.918,FSharp/FSharp.csv,179,18,FSharp,pidigits,False,True,,0.938918
20.97216796875,11.90423583984375,0.0,2.32562255859375,960.716,FSharp/FSharp.csv,180,18,FSharp,pidigits,False,True,,0.960716
135.0701904296875,80.70721435546875,0.0,13.00250244140625,5345.34,FSharp/FSharp.csv,181,19,FSharp,fasta,False,True,,5.34534
139.43695068359375,82.24755859375,0.0,13.15142822265625,5410.33,FSharp/FSharp.csv,182,19,FSharp,fasta,False,True,,5.41033
138.78045654296875,81.93804931640625,0.0013427734375,13.16204833984375,5414.39,FSharp/FSharp.csv,183,19,FSharp,fasta,False,True,,5.41439
133.17071533203125,78.49786376953125,0.0,12.9521484375,5328.99,FSharp/FSharp.csv,184,19,FSharp,fasta,False,True,,5.32899
137.86029052734375,81.03961181640625,0.0,13.09368896484375,5387.76,FSharp/FSharp.csv,185,19,FSharp,fasta,False,True,,5.38776
135.92095947265625,79.9818115234375,0.0,13.05218505859375,5370.31,FSharp/FSharp.csv,186,19,FSharp,fasta,False,True,,5.370310000000001
133.87579345703125,79.17144775390625,0.0,12.978271484375,5339.98,FSharp/FSharp.csv,187,19,FSharp,fasta,False,True,,5.33998
134.16229248046875,79.1910400390625,0.0,12.98675537109375,5343.8,FSharp/FSharp.csv,188,19,FSharp,fasta,False,True,,5.3438
133.09454345703125,78.279541015625,0.0,12.927734375,5318.8,FSharp/FSharp.csv,189,19,FSharp,fasta,False,True,,5.3188
135.43524169921875,80.0850830078125,0.0,13.003662109375,5350.9,FSharp/FSharp.csv,190,19,FSharp,fasta,False,True,,5.350899999999999
63.1832275390625,48.3675537109375,0.0,3.95751953125,1577.89,FSharp/FSharp.csv,191,20,FSharp,spectral-norm,False,True,,1.57789
58.531005859375,45.08428955078125,0.0,3.4344482421875,1418.25,FSharp/FSharp.csv,192,20,FSharp,spectral-norm,False,True,,1.41825
58.4443359375,45.0361328125,0.0,3.43316650390625,1416.05,FSharp/FSharp.csv,193,20,FSharp,spectral-norm,False,True,,1.41605
58.65631103515625,45.1895751953125,0.0,3.43231201171875,1417.83,FSharp/FSharp.csv,194,20,FSharp,spectral-norm,False,True,,1.41783
58.257080078125,44.90692138671875,0.0,3.424560546875,1413.93,FSharp/FSharp.csv,195,20,FSharp,spectral-norm,False,True,,1.4139300000000001
58.60394287109375,45.16259765625,0.0,3.43194580078125,1417.01,FSharp/FSharp.csv,196,20,FSharp,spectral-norm,False,True,,1.4170099999999999
58.55450439453125,45.1556396484375,0.0,3.418701171875,1413.0,FSharp/FSharp.csv,197,20,FSharp,spectral-norm,False,True,,1.413
58.5955810546875,45.1458740234375,0.0,3.43707275390625,1418.79,FSharp/FSharp.csv,198,20,FSharp,spectral-norm,False,True,,1.41879
58.6917724609375,45.26763916015625,0.0,3.41876220703125,1412.67,FSharp/FSharp.csv,199,20,FSharp,spectral-norm,False,True,,1.41267
58.98822021484375,45.46246337890625,0.0,3.43450927734375,1417.93,FSharp/FSharp.csv,200,20,FSharp,spectral-norm,False,True,,1.4179300000000001
126.892333984375,61.82513427734375,0.00091552734375,17.286865234375,7148.61,FSharp/FSharp.csv,201,21,FSharp,n-body,False,True,,7.14861
128.5572509765625,63.0091552734375,0.0,17.2996826171875,7154.91,FSharp/FSharp.csv,202,21,FSharp,n-body,False,True,,7.15491
127.0093994140625,62.16912841796875,0.0,17.17095947265625,7102.72,FSharp/FSharp.csv,203,21,FSharp,n-body,False,True,,7.102720000000001
127.1871337890625,62.2635498046875,0.0,17.20452880859375,7115.23,FSharp/FSharp.csv,204,21,FSharp,n-body,False,True,,7.1152299999999995
126.97607421875,62.15960693359375,0.0,17.17236328125,7104.58,FSharp/FSharp.csv,205,21,FSharp,n-body,False,True,,7.10458
126.95440673828125,62.16851806640625,0.0,17.1751708984375,7103.19,FSharp/FSharp.csv,206,21,FSharp,n-body,False,True,,7.10319
127.06671142578125,62.2406005859375,0.00091552734375,17.17913818359375,7104.39,FSharp/FSharp.csv,207,21,FSharp,n-body,False,True,,7.10439
127.02880859375,62.22406005859375,0.0,17.18121337890625,7104.11,FSharp/FSharp.csv,208,21,FSharp,n-body,False,True,,7.1041099999999995
127.0906982421875,62.3221435546875,0.0,17.177734375,7103.96,FSharp/FSharp.csv,209,21,FSharp,n-body,False,True,,7.10396
127.08392333984375,62.27325439453125,0.0,17.17462158203125,7105.7,FSharp/FSharp.csv,210,21,FSharp,n-body,False,True,,7.1057
110.26519775390625,58.23004150390625,0.0,15.47882080078125,5635.15,FSharp/FSharp.csv,211,22,FSharp,reverse-complement,False,True,,5.635149999999999
112.48193359375,59.70819091796875,0.0,15.73516845703125,5683.19,FSharp/FSharp.csv,212,22,FSharp,reverse-complement,False,True,,5.68319
111.82843017578125,60.12213134765625,0.00091552734375,15.39019775390625,5600.61,FSharp/FSharp.csv,213,22,FSharp,reverse-complement,False,True,,5.60061
111.2059326171875,59.10260009765625,0.0,15.5198974609375,5612.01,FSharp/FSharp.csv,214,22,FSharp,reverse-complement,False,True,,5.612010000000001
113.1510009765625,60.37091064453125,0.0,15.76104736328125,5678.64,FSharp/FSharp.csv,215,22,FSharp,reverse-complement,False,True,,5.678640000000001
111.80572509765625,59.43634033203125,0.0,15.6263427734375,5639.68,FSharp/FSharp.csv,216,22,FSharp,reverse-complement,False,True,,5.63968
110.6085205078125,58.65350341796875,0.0,15.42645263671875,5604.26,FSharp/FSharp.csv,217,22,FSharp,reverse-complement,False,True,,5.60426
110.568603515625,58.62005615234375,0.0,15.38739013671875,5595.09,FSharp/FSharp.csv,218,22,FSharp,reverse-complement,False,True,,5.59509
111.2142333984375,58.89813232421875,0.0,15.49462890625,5635.41,FSharp/FSharp.csv,219,22,FSharp,reverse-complement,False,True,,5.63541
112.28350830078125,59.66925048828125,0.0,15.6483154296875,5653.03,FSharp/FSharp.csv,220,22,FSharp,reverse-complement,False,True,,5.653029999999999
110.7545166015625,58.61376953125,0.0,15.48345947265625,5629.76,FSharp/FSharp.csv,221,22,FSharp,reverse-complement,False,True,,5.62976
113.13116455078125,60.235595703125,0.0,15.6883544921875,5690.61,FSharp/FSharp.csv,222,22,FSharp,reverse-complement,False,True,,5.6906099999999995
110.35015869140625,58.6221923828125,0.00091552734375,15.36065673828125,5579.0,FSharp/FSharp.csv,223,22,FSharp,reverse-complement,False,True,,5.579
112.66729736328125,59.88616943359375,0.0,15.71209716796875,5678.16,FSharp/FSharp.csv,224,22,FSharp,reverse-complement,False,True,,5.67816
110.8438720703125,58.7974853515625,0.0,15.41534423828125,5609.22,FSharp/FSharp.csv,225,22,FSharp,reverse-complement,False,True,,5.6092200000000005
112.43170166015625,59.75909423828125,0.0,15.64703369140625,5658.55,FSharp/FSharp.csv,226,22,FSharp,reverse-complement,False,True,,5.65855
112.16387939453125,59.666015625,0.0,15.57623291015625,5620.33,FSharp/FSharp.csv,227,22,FSharp,reverse-complement,False,True,,5.62033
111.2369384765625,58.9302978515625,0.0,15.48834228515625,5628.89,FSharp/FSharp.csv,228,22,FSharp,reverse-complement,False,True,,5.62889
111.2874755859375,58.942138671875,0.0,15.48541259765625,5632.74,FSharp/FSharp.csv,229,22,FSharp,reverse-complement,False,True,,5.63274
113.82958984375,60.3853759765625,0.0,15.82470703125,5725.21,FSharp/FSharp.csv,230,22,FSharp,reverse-complement,False,True,,5.72521
307.7047119140625,157.31903076171875,0.0,46.076416015625,15532.2,FSharp/FSharp.csv,231,23,FSharp,binary-trees,False,True,,15.532200000000001
309.26080322265625,158.41400146484375,0.0,46.24951171875,15573.9,FSharp/FSharp.csv,232,23,FSharp,binary-trees,False,True,,15.5739
310.70867919921875,159.34478759765625,0.00103759765625,46.08856201171875,15522.1,FSharp/FSharp.csv,233,23,FSharp,binary-trees,False,True,,15.5221
311.822021484375,160.20263671875,0.0,46.23883056640625,15570.2,FSharp/FSharp.csv,234,23,FSharp,binary-trees,False,True,,15.570200000000002
313.96307373046875,160.877197265625,0.0,46.61187744140625,15724.6,FSharp/FSharp.csv,235,23,FSharp,binary-trees,False,True,,15.7246
316.516357421875,162.4215087890625,0.0009765625,46.8245849609375,15789.6,FSharp/FSharp.csv,236,23,FSharp,binary-trees,False,True,,15.7896
317.19140625,162.734375,0.0,46.3768310546875,15666.9,FSharp/FSharp.csv,237,23,FSharp,binary-trees,False,True,,15.6669
312.42498779296875,160.38909912109375,0.0,46.10797119140625,15552.1,FSharp/FSharp.csv,238,23,FSharp,binary-trees,False,True,,15.552100000000001
315.04156494140625,161.55792236328125,0.0009765625,46.572265625,15700.2,FSharp/FSharp.csv,239,23,FSharp,binary-trees,False,True,,15.7002
317.28240966796875,163.0687255859375,0.0,46.594970703125,15690.0,FSharp/FSharp.csv,240,23,FSharp,binary-trees,False,True,,15.69
949.1727294921875,512.6908569335938,0.00091552734375,114.63262939453125,46920.4,FSharp/FSharp.csv,241,24,FSharp,regex-redux,False,True,,46.9204
947.2855834960938,511.10235595703125,0.00091552734375,114.0936279296875,46689.8,FSharp/FSharp.csv,242,24,FSharp,regex-redux,False,True,,46.689800000000005
950.3984375,514.6923217773438,0.00201416015625,114.02099609375,46668.0,FSharp/FSharp.csv,243,24,FSharp,regex-redux,False,True,,46.668
954.1207275390625,515.021484375,0.00103759765625,114.19580078125,46735.1,FSharp/FSharp.csv,244,24,FSharp,regex-redux,False,True,,46.735099999999996
960.7115478515625,519.8854370117188,0.00103759765625,114.2298583984375,46753.8,FSharp/FSharp.csv,245,24,FSharp,regex-redux,False,True,,46.753800000000005
966.0025024414062,522.6405639648438,0.0010986328125,114.90716552734375,47034.1,FSharp/FSharp.csv,246,24,FSharp,regex-redux,False,True,,47.034099999999995
969.0764770507812,525.5950927734375,0.0010986328125,114.05548095703125,46680.1,FSharp/FSharp.csv,247,24,FSharp,regex-redux,False,True,,46.680099999999996
971.2313232421875,527.7412109375,0.0010986328125,114.04608154296875,46675.5,FSharp/FSharp.csv,248,24,FSharp,regex-redux,False,True,,46.6755
971.8609619140625,525.333984375,0.0010986328125,114.26800537109375,46766.5,FSharp/FSharp.csv,249,24,FSharp,regex-redux,False,True,,46.7665
965.1815185546875,522.388427734375,0.00103759765625,114.31866455078125,46790.6,FSharp/FSharp.csv,250,24,FSharp,regex-redux,False,True,,46.7906
61.22821044921875,41.2847900390625,0.00042724609375,8.6741943359375,3589.61,Fortran/Fortran.csv,1,1,Fortran,n-body,False,True,,3.58961
61.599609375,41.64581298828125,0.0,8.70068359375,3599.18,Fortran/Fortran.csv,2,1,Fortran,n-body,False,True,,3.59918
61.74920654296875,41.78216552734375,0.0,8.623046875,3569.72,Fortran/Fortran.csv,3,1,Fortran,n-body,False,True,,3.56972
64.98638916015625,44.85821533203125,0.0,8.6278076171875,3570.89,Fortran/Fortran.csv,4,1,Fortran,n-body,False,True,,3.57089
61.5338134765625,41.5830078125,0.0,8.69793701171875,3600.41,Fortran/Fortran.csv,5,1,Fortran,n-body,False,True,,3.6004099999999997
61.47674560546875,41.585693359375,0.0,8.62530517578125,3569.91,Fortran/Fortran.csv,6,1,Fortran,n-body,False,True,,3.5699099999999997
61.34619140625,41.46807861328125,0.0,8.62518310546875,3570.57,Fortran/Fortran.csv,7,1,Fortran,n-body,False,True,,3.57057
61.156982421875,41.3380126953125,0.0,8.63006591796875,3571.88,Fortran/Fortran.csv,8,1,Fortran,n-body,False,True,,3.57188
62.43798828125,42.2579345703125,0.0,8.68585205078125,3595.69,Fortran/Fortran.csv,9,1,Fortran,n-body,False,True,,3.5956900000000003
61.8885498046875,41.84930419921875,0.0,8.62518310546875,3570.14,Fortran/Fortran.csv,10,1,Fortran,n-body,False,True,,3.57014
82.95465087890625,63.02777099609375,0.0,6.371826171875,2159.63,Fortran/Fortran.csv,11,2,Fortran,binary-trees,False,True,,2.15963
82.2784423828125,62.964599609375,0.00079345703125,6.20947265625,2093.88,Fortran/Fortran.csv,12,2,Fortran,binary-trees,False,True,,2.09388
82.430908203125,63.11859130859375,0.0,6.21685791015625,2093.89,Fortran/Fortran.csv,13,2,Fortran,binary-trees,False,True,,2.09389
83.8125,64.25701904296875,0.0,6.23114013671875,2099.61,Fortran/Fortran.csv,14,2,Fortran,binary-trees,False,True,,2.09961
82.63494873046875,63.2607421875,0.0,6.235107421875,2100.87,Fortran/Fortran.csv,15,2,Fortran,binary-trees,False,True,,2.10087
84.29193115234375,64.45562744140625,0.0,6.31927490234375,2139.3,Fortran/Fortran.csv,16,2,Fortran,binary-trees,False,True,,2.1393
82.73651123046875,63.37017822265625,0.0,6.22869873046875,2096.7,Fortran/Fortran.csv,17,2,Fortran,binary-trees,False,True,,2.0967
83.34796142578125,63.74383544921875,0.0,6.2138671875,2095.81,Fortran/Fortran.csv,18,2,Fortran,binary-trees,False,True,,2.0958099999999997
85.2467041015625,65.02655029296875,0.0,6.298095703125,2127.95,Fortran/Fortran.csv,19,2,Fortran,binary-trees,False,True,,2.12795
82.732177734375,63.23223876953125,0.0,6.262939453125,2111.57,Fortran/Fortran.csv,20,2,Fortran,binary-trees,False,True,,2.11157
18.62005615234375,9.52337646484375,0.0,2.797119140625,1007.02,Fortran/Fortran.csv,21,3,Fortran,reverse-complement,False,True,,1.00702
18.72900390625,9.9588623046875,0.0,2.6356201171875,939.057,Fortran/Fortran.csv,22,3,Fortran,reverse-complement,False,True,,0.939057
18.843994140625,10.07861328125,0.0,2.6270751953125,935.964,Fortran/Fortran.csv,23,3,Fortran,reverse-complement,False,True,,0.935964
18.7252197265625,9.951904296875,0.0,2.6322021484375,937.833,Fortran/Fortran.csv,24,3,Fortran,reverse-complement,False,True,,0.9378329999999999
18.68243408203125,10.00885009765625,0.0,2.62530517578125,934.994,Fortran/Fortran.csv,25,3,Fortran,reverse-complement,False,True,,0.934994
18.72125244140625,9.956787109375,0.0,2.6319580078125,938.816,Fortran/Fortran.csv,26,3,Fortran,reverse-complement,False,True,,0.938816
18.8502197265625,10.04180908203125,0.0,2.63885498046875,937.346,Fortran/Fortran.csv,27,3,Fortran,reverse-complement,False,True,,0.937346
18.88897705078125,10.0665283203125,0.0,2.636474609375,940.261,Fortran/Fortran.csv,28,3,Fortran,reverse-complement,False,True,,0.940261
18.64398193359375,9.93603515625,0.0,2.622314453125,934.163,Fortran/Fortran.csv,29,3,Fortran,reverse-complement,False,True,,0.934163
18.75799560546875,9.97711181640625,0.0,2.62939453125,937.986,Fortran/Fortran.csv,30,3,Fortran,reverse-complement,False,True,,0.937986
367.14300537109375,289.471435546875,0.0009765625,20.9547119140625,8672.19,Fortran/Fortran.csv,31,4,Fortran,fannkuch-redux,False,True,,8.67219
370.35357666015625,292.2568359375,0.0,20.92578125,8660.06,Fortran/Fortran.csv,32,4,Fortran,fannkuch-redux,False,True,,8.66006
371.815185546875,293.47784423828125,0.0,20.93109130859375,8661.31,Fortran/Fortran.csv,33,4,Fortran,fannkuch-redux,False,True,,8.66131
371.9898681640625,293.62744140625,0.0,20.92840576171875,8661.17,Fortran/Fortran.csv,34,4,Fortran,fannkuch-redux,False,True,,8.66117
373.17828369140625,294.6485595703125,0.0,20.9285888671875,8660.29,Fortran/Fortran.csv,35,4,Fortran,fannkuch-redux,False,True,,8.660290000000002
374.7772216796875,295.9334716796875,0.001220703125,21.01348876953125,8696.39,Fortran/Fortran.csv,36,4,Fortran,fannkuch-redux,False,True,,8.69639
375.85455322265625,296.9100341796875,0.0,20.92559814453125,8660.13,Fortran/Fortran.csv,37,4,Fortran,fannkuch-redux,False,True,,8.660129999999999
378.0562744140625,298.69305419921875,0.0,20.93060302734375,8661.59,Fortran/Fortran.csv,38,4,Fortran,fannkuch-redux,False,True,,8.66159
378.30352783203125,298.9154052734375,0.0,20.92816162109375,8661.15,Fortran/Fortran.csv,39,4,Fortran,fannkuch-redux,False,True,,8.66115
378.6490478515625,299.176513671875,0.0,20.9310302734375,8661.21,Fortran/Fortran.csv,40,4,Fortran,fannkuch-redux,False,True,,8.661209999999999
788.1168212890625,397.26629638671875,0.00103759765625,106.5643310546875,41628.4,Fortran/Fortran.csv,41,5,Fortran,k-nucleotide,False,True,,41.6284
785.6166381835938,395.45013427734375,0.0,106.5498046875,41611.5,Fortran/Fortran.csv,42,5,Fortran,k-nucleotide,False,True,,41.6115
783.7135620117188,394.70849609375,0.0009765625,106.31500244140625,41503.7,Fortran/Fortran.csv,43,5,Fortran,k-nucleotide,False,True,,41.503699999999995
783.1422729492188,393.75909423828125,0.0009765625,106.94720458984375,41774.9,Fortran/Fortran.csv,44,5,Fortran,k-nucleotide,False,True,,41.7749
782.327880859375,393.8123779296875,0.0009765625,106.51483154296875,41595.7,Fortran/Fortran.csv,45,5,Fortran,k-nucleotide,False,True,,41.595699999999994
780.0791015625,392.1607666015625,0.0009765625,106.9246826171875,41755.0,Fortran/Fortran.csv,46,5,Fortran,k-nucleotide,False,True,,41.755
778.5542602539062,391.82598876953125,0.00091552734375,106.72589111328125,41698.7,Fortran/Fortran.csv,47,5,Fortran,k-nucleotide,False,True,,41.698699999999995
777.7064819335938,391.4757080078125,0.00091552734375,106.5350341796875,41598.1,Fortran/Fortran.csv,48,5,Fortran,k-nucleotide,False,True,,41.598099999999995
783.9298095703125,396.93597412109375,0.0009765625,106.88104248046875,41712.7,Fortran/Fortran.csv,49,5,Fortran,k-nucleotide,False,True,,41.7127
776.2674560546875,390.80255126953125,0.00091552734375,106.4161376953125,41563.4,Fortran/Fortran.csv,50,5,Fortran,k-nucleotide,False,True,,41.5634
218.2452392578125,144.5028076171875,0.00079345703125,21.057373046875,8697.1,Fortran/Fortran.csv,51,6,Fortran,mandelbrot,False,True,,8.6971
219.9613037109375,146.35687255859375,0.0,20.88848876953125,8627.07,Fortran/Fortran.csv,52,6,Fortran,mandelbrot,False,True,,8.62707
221.01318359375,147.00543212890625,0.0,20.9180908203125,8639.43,Fortran/Fortran.csv,53,6,Fortran,mandelbrot,False,True,,8.63943
218.48126220703125,145.487548828125,0.0,20.87725830078125,8622.78,Fortran/Fortran.csv,54,6,Fortran,mandelbrot,False,True,,8.62278
221.373779296875,147.275634765625,0.0,20.921875,8640.35,Fortran/Fortran.csv,55,6,Fortran,mandelbrot,False,True,,8.64035
218.89166259765625,145.759765625,0.00091552734375,20.892822265625,8626.84,Fortran/Fortran.csv,56,6,Fortran,mandelbrot,False,True,,8.62684
220.1011962890625,146.5482177734375,0.0,20.89508056640625,8629.4,Fortran/Fortran.csv,57,6,Fortran,mandelbrot,False,True,,8.6294
220.5650634765625,146.8035888671875,0.0,20.913330078125,8634.75,Fortran/Fortran.csv,58,6,Fortran,mandelbrot,False,True,,8.63475
221.60638427734375,147.53717041015625,0.0,20.93536376953125,8643.67,Fortran/Fortran.csv,59,6,Fortran,mandelbrot,False,True,,8.64367
223.66424560546875,148.62969970703125,0.0,21.0272216796875,8682.0,Fortran/Fortran.csv,60,6,Fortran,mandelbrot,False,True,,8.682
36.5308837890625,21.82171630859375,0.0,4.2059326171875,1713.03,Fortran/Fortran.csv,61,7,Fortran,fasta,False,True,,1.71303
38.48553466796875,24.58172607421875,0.0,4.04193115234375,1644.7,Fortran/Fortran.csv,62,7,Fortran,fasta,False,True,,1.6447
35.4532470703125,21.67706298828125,0.0,4.0228271484375,1637.03,Fortran/Fortran.csv,63,7,Fortran,fasta,False,True,,1.63703
37.04217529296875,22.7386474609375,0.0,4.04656982421875,1646.81,Fortran/Fortran.csv,64,7,Fortran,fasta,False,True,,1.6468099999999999
39.21087646484375,24.18695068359375,0.0,4.07855224609375,1659.95,Fortran/Fortran.csv,65,7,Fortran,fasta,False,True,,1.65995
38.2550048828125,23.5819091796875,0.0,4.07275390625,1657.59,Fortran/Fortran.csv,66,7,Fortran,fasta,False,True,,1.65759
38.60479736328125,23.8079833984375,0.0,4.10595703125,1671.37,Fortran/Fortran.csv,67,7,Fortran,fasta,False,True,,1.6713699999999998
37.8712158203125,23.28399658203125,0.0,4.0706787109375,1656.47,Fortran/Fortran.csv,68,7,Fortran,fasta,False,True,,1.65647
39.06689453125,24.33441162109375,0.0,4.03485107421875,1641.49,Fortran/Fortran.csv,69,7,Fortran,fasta,False,True,,1.6414900000000001
40.708251953125,24.92803955078125,0.0,4.13226318359375,1682.22,Fortran/Fortran.csv,70,7,Fortran,fasta,False,True,,1.68222
21.9169921875,19.1041259765625,0.0,1.6375732421875,677.86,Fortran/Fortran.csv,71,8,Fortran,spectral-norm,False,True,,0.67786
22.07012939453125,19.29876708984375,0.0,1.6131591796875,666.783,Fortran/Fortran.csv,72,8,Fortran,spectral-norm,False,True,,0.666783
22.09185791015625,19.3172607421875,0.0,1.61053466796875,667.205,Fortran/Fortran.csv,73,8,Fortran,spectral-norm,False,True,,0.667205
22.13775634765625,19.3641357421875,0.0,1.6129150390625,667.064,Fortran/Fortran.csv,74,8,Fortran,spectral-norm,False,True,,0.667064
22.118896484375,19.34405517578125,0.0,1.61053466796875,666.71,Fortran/Fortran.csv,75,8,Fortran,spectral-norm,False,True,,0.66671
22.2298583984375,19.44525146484375,0.0,1.61529541015625,668.36,Fortran/Fortran.csv,76,8,Fortran,spectral-norm,False,True,,0.6683600000000001
22.145263671875,19.36944580078125,0.0,1.61041259765625,666.765,Fortran/Fortran.csv,77,8,Fortran,spectral-norm,False,True,,0.6667649999999999
22.1424560546875,19.36712646484375,0.0,1.6104736328125,666.772,Fortran/Fortran.csv,78,8,Fortran,spectral-norm,False,True,,0.666772
22.25897216796875,19.4715576171875,0.0,1.61285400390625,666.607,Fortran/Fortran.csv,79,8,Fortran,spectral-norm,False,True,,0.666607
22.22998046875,19.446044921875,0.0,1.6104736328125,666.544,Fortran/Fortran.csv,80,8,Fortran,spectral-norm,False,True,,0.666544
66.14385986328125,44.63720703125,0.0,8.74493408203125,3618.94,Fortran/Fortran.csv,81,9,Fortran,n-body,False,True,,3.6189400000000003
65.6258544921875,44.54095458984375,0.0006103515625,8.6134033203125,3564.89,Fortran/Fortran.csv,82,9,Fortran,n-body,False,True,,3.5648899999999997
64.9866943359375,44.0399169921875,0.0,8.62530517578125,3570.79,Fortran/Fortran.csv,83,9,Fortran,n-body,False,True,,3.57079
64.9788818359375,44.05169677734375,0.0,8.62774658203125,3571.25,Fortran/Fortran.csv,84,9,Fortran,n-body,False,True,,3.57125
65.3531494140625,44.307861328125,0.0,8.6302490234375,3571.66,Fortran/Fortran.csv,85,9,Fortran,n-body,False,True,,3.57166
65.185546875,44.20098876953125,0.0,8.627685546875,3571.82,Fortran/Fortran.csv,86,9,Fortran,n-body,False,True,,3.57182
65.54583740234375,44.444580078125,0.0,8.627685546875,3570.55,Fortran/Fortran.csv,87,9,Fortran,n-body,False,True,,3.5705500000000003
64.287353515625,43.53912353515625,0.0,8.62774658203125,3571.39,Fortran/Fortran.csv,88,9,Fortran,n-body,False,True,,3.57139
64.808349609375,43.923583984375,0.0,8.630126953125,3572.71,Fortran/Fortran.csv,89,9,Fortran,n-body,False,True,,3.57271
65.24853515625,44.23602294921875,0.0,8.62762451171875,3570.97,Fortran/Fortran.csv,90,9,Fortran,n-body,False,True,,3.57097
87.9149169921875,67.34088134765625,0.0,6.539794921875,2207.19,Fortran/Fortran.csv,91,10,Fortran,binary-trees,False,True,,2.20719
86.34820556640625,66.31072998046875,0.0,6.30426025390625,2102.0,Fortran/Fortran.csv,92,10,Fortran,binary-trees,False,True,,2.102
88.503173828125,67.62646484375,0.0,6.3424072265625,2136.31,Fortran/Fortran.csv,93,10,Fortran,binary-trees,False,True,,2.13631
85.899169921875,65.78619384765625,0.001220703125,6.260498046875,2098.78,Fortran/Fortran.csv,94,10,Fortran,binary-trees,False,True,,2.09878
86.70513916015625,66.32916259765625,0.0,6.27880859375,2110.3,Fortran/Fortran.csv,95,10,Fortran,binary-trees,False,True,,2.1103
87.2431640625,66.71337890625,0.0,6.2962646484375,2127.68,Fortran/Fortran.csv,96,10,Fortran,binary-trees,False,True,,2.12768
86.22747802734375,65.99432373046875,0.0,6.25848388671875,2110.56,Fortran/Fortran.csv,97,10,Fortran,binary-trees,False,True,,2.11056
86.05181884765625,65.99847412109375,0.0,6.27862548828125,2099.26,Fortran/Fortran.csv,98,10,Fortran,binary-trees,False,True,,2.09926
86.27520751953125,66.15826416015625,0.0,6.2786865234375,2106.67,Fortran/Fortran.csv,99,10,Fortran,binary-trees,False,True,,2.1066700000000003
86.2347412109375,66.08770751953125,0.0,6.2523193359375,2097.0,Fortran/Fortran.csv,100,10,Fortran,binary-trees,False,True,,2.097
25.57598876953125,10.23333740234375,0.0,4.42889404296875,1652.02,Fortran/Fortran.csv,101,11,Fortran,reverse-complement,False,True,,1.65202
19.7105712890625,10.5732421875,0.0,2.65435791015625,945.487,Fortran/Fortran.csv,102,11,Fortran,reverse-complement,False,True,,0.945487
19.49365234375,10.47894287109375,0.0,2.63653564453125,938.069,Fortran/Fortran.csv,103,11,Fortran,reverse-complement,False,True,,0.9380689999999999
19.51385498046875,10.39691162109375,0.0,2.6396484375,940.619,Fortran/Fortran.csv,104,11,Fortran,reverse-complement,False,True,,0.940619
19.601806640625,10.45672607421875,0.0,2.64276123046875,941.201,Fortran/Fortran.csv,105,11,Fortran,reverse-complement,False,True,,0.9412010000000001
19.76483154296875,10.54351806640625,0.0,2.64697265625,939.79,Fortran/Fortran.csv,106,11,Fortran,reverse-complement,False,True,,0.93979
19.56182861328125,10.41558837890625,0.0,2.64111328125,939.03,Fortran/Fortran.csv,107,11,Fortran,reverse-complement,False,True,,0.9390299999999999
19.57794189453125,10.43280029296875,0.0,2.64276123046875,941.681,Fortran/Fortran.csv,108,11,Fortran,reverse-complement,False,True,,0.941681
19.4783935546875,10.4066162109375,0.0,2.642822265625,939.182,Fortran/Fortran.csv,109,11,Fortran,reverse-complement,False,True,,0.939182
19.58197021484375,10.4423828125,0.0,2.6485595703125,941.184,Fortran/Fortran.csv,110,11,Fortran,reverse-complement,False,True,,0.941184
378.82720947265625,298.86572265625,0.00115966796875,21.0487060546875,8709.74,Fortran/Fortran.csv,111,12,Fortran,fannkuch-redux,False,True,,8.70974
378.62689208984375,299.0201416015625,0.0,20.9287109375,8661.37,Fortran/Fortran.csv,112,12,Fortran,fannkuch-redux,False,True,,8.661370000000002
378.73870849609375,299.1912841796875,0.0,20.9288330078125,8660.78,Fortran/Fortran.csv,113,12,Fortran,fannkuch-redux,False,True,,8.66078
379.23272705078125,299.6497802734375,0.0,20.92889404296875,8660.22,Fortran/Fortran.csv,114,12,Fortran,fannkuch-redux,False,True,,8.660219999999999
379.156494140625,299.60528564453125,0.0,20.9285888671875,8661.33,Fortran/Fortran.csv,115,12,Fortran,fannkuch-redux,False,True,,8.66133
381.98785400390625,301.93145751953125,0.00140380859375,20.9288330078125,8660.33,Fortran/Fortran.csv,116,12,Fortran,fannkuch-redux,False,True,,8.66033
383.01287841796875,302.77130126953125,0.0,20.92596435546875,8660.25,Fortran/Fortran.csv,117,12,Fortran,fannkuch-redux,False,True,,8.66025
384.42828369140625,303.93182373046875,0.0,20.92608642578125,8660.33,Fortran/Fortran.csv,118,12,Fortran,fannkuch-redux,False,True,,8.66033
385.37738037109375,304.71392822265625,0.0,20.9415283203125,8665.37,Fortran/Fortran.csv,119,12,Fortran,fannkuch-redux,False,True,,8.665370000000001
385.23681640625,304.65875244140625,0.0,20.92840576171875,8660.92,Fortran/Fortran.csv,120,12,Fortran,fannkuch-redux,False,True,,8.66092
802.749267578125,404.3724365234375,0.00128173828125,106.990478515625,41756.0,Fortran/Fortran.csv,121,13,Fortran,k-nucleotide,False,True,,41.756
791.5317993164062,399.39752197265625,0.00115966796875,106.26708984375,41483.5,Fortran/Fortran.csv,122,13,Fortran,k-nucleotide,False,True,,41.4835
784.0592651367188,395.5133056640625,0.00103759765625,106.0682373046875,41395.2,Fortran/Fortran.csv,123,13,Fortran,k-nucleotide,False,True,,41.395199999999996
786.348388671875,396.64947509765625,0.00103759765625,106.34912109375,41504.8,Fortran/Fortran.csv,124,13,Fortran,k-nucleotide,False,True,,41.5048
782.9835815429688,394.84698486328125,0.00103759765625,106.27423095703125,41483.6,Fortran/Fortran.csv,125,13,Fortran,k-nucleotide,False,True,,41.483599999999996
781.9232177734375,394.16864013671875,0.0009765625,106.39947509765625,41530.1,Fortran/Fortran.csv,126,13,Fortran,k-nucleotide,False,True,,41.5301
785.7543334960938,396.01824951171875,0.00103759765625,106.82281494140625,41722.7,Fortran/Fortran.csv,127,13,Fortran,k-nucleotide,False,True,,41.722699999999996
780.183349609375,393.06280517578125,0.0009765625,106.51678466796875,41582.6,Fortran/Fortran.csv,128,13,Fortran,k-nucleotide,False,True,,41.5826
781.6219482421875,396.57958984375,0.00103759765625,105.60821533203125,41205.0,Fortran/Fortran.csv,129,13,Fortran,k-nucleotide,False,True,,41.205
776.324951171875,391.63861083984375,0.00103759765625,105.43621826171875,41136.8,Fortran/Fortran.csv,130,13,Fortran,k-nucleotide,False,True,,41.1368
221.39044189453125,147.01507568359375,0.0,21.0618896484375,8698.2,Fortran/Fortran.csv,131,14,Fortran,mandelbrot,False,True,,8.6982
221.46875,147.4293212890625,0.00091552734375,20.9014892578125,8632.22,Fortran/Fortran.csv,132,14,Fortran,mandelbrot,False,True,,8.63222
225.61767578125,150.77960205078125,0.0,20.9368896484375,8646.46,Fortran/Fortran.csv,133,14,Fortran,mandelbrot,False,True,,8.64646
223.8802490234375,149.02508544921875,0.0,20.9078369140625,8635.26,Fortran/Fortran.csv,134,14,Fortran,mandelbrot,False,True,,8.63526
224.28125,149.40362548828125,0.0,20.91217041015625,8636.53,Fortran/Fortran.csv,135,14,Fortran,mandelbrot,False,True,,8.63653
223.05426025390625,148.51617431640625,0.0,20.95367431640625,8653.53,Fortran/Fortran.csv,136,14,Fortran,mandelbrot,False,True,,8.65353
223.61676025390625,149.01519775390625,0.00103759765625,20.89794921875,8631.15,Fortran/Fortran.csv,137,14,Fortran,mandelbrot,False,True,,8.63115
223.97637939453125,149.186279296875,0.0,20.88958740234375,8627.66,Fortran/Fortran.csv,138,14,Fortran,mandelbrot,False,True,,8.62766
224.1224365234375,149.3280029296875,0.0,20.88568115234375,8626.12,Fortran/Fortran.csv,139,14,Fortran,mandelbrot,False,True,,8.62612
224.85333251953125,149.81048583984375,0.0,20.89080810546875,8627.52,Fortran/Fortran.csv,140,14,Fortran,mandelbrot,False,True,,8.62752
39.24188232421875,23.8848876953125,0.0,4.213623046875,1716.0,Fortran/Fortran.csv,141,15,Fortran,fasta,False,True,,1.716
38.3626708984375,23.55181884765625,0.00128173828125,4.0716552734375,1656.41,Fortran/Fortran.csv,142,15,Fortran,fasta,False,True,,1.6564100000000002
38.47735595703125,23.660400390625,0.0,4.069091796875,1656.3,Fortran/Fortran.csv,143,15,Fortran,fasta,False,True,,1.6562999999999999
37.557861328125,22.99603271484375,0.0,4.06646728515625,1654.98,Fortran/Fortran.csv,144,15,Fortran,fasta,False,True,,1.6549800000000001
36.7391357421875,22.47528076171875,0.0,4.04962158203125,1647.53,Fortran/Fortran.csv,145,15,Fortran,fasta,False,True,,1.64753
38.6900634765625,23.88812255859375,0.0,4.0562744140625,1650.67,Fortran/Fortran.csv,146,15,Fortran,fasta,False,True,,1.65067
39.33880615234375,24.79815673828125,0.0,4.06072998046875,1651.47,Fortran/Fortran.csv,147,15,Fortran,fasta,False,True,,1.65147
37.3125,22.84918212890625,0.0,4.0687255859375,1656.68,Fortran/Fortran.csv,148,15,Fortran,fasta,False,True,,1.6566800000000002
37.45794677734375,22.9515380859375,0.0,4.0667724609375,1654.29,Fortran/Fortran.csv,149,15,Fortran,fasta,False,True,,1.65429
39.27294921875,24.77239990234375,0.0,4.07708740234375,1658.97,Fortran/Fortran.csv,150,15,Fortran,fasta,False,True,,1.65897
22.5970458984375,19.496337890625,0.0,1.73516845703125,717.313,Fortran/Fortran.csv,151,16,Fortran,spectral-norm,False,True,,0.717313
22.20367431640625,19.4169921875,0.0,1.61065673828125,667.119,Fortran/Fortran.csv,152,16,Fortran,spectral-norm,False,True,,0.667119
22.202392578125,19.417724609375,0.0,1.61297607421875,667.306,Fortran/Fortran.csv,153,16,Fortran,spectral-norm,False,True,,0.6673060000000001
22.157958984375,19.37591552734375,0.0,1.61285400390625,666.872,Fortran/Fortran.csv,154,16,Fortran,spectral-norm,False,True,,0.6668719999999999
22.31915283203125,19.5257568359375,0.0,1.6103515625,667.124,Fortran/Fortran.csv,155,16,Fortran,spectral-norm,False,True,,0.667124
22.1290283203125,19.35137939453125,0.0,1.61053466796875,666.435,Fortran/Fortran.csv,156,16,Fortran,spectral-norm,False,True,,0.666435
22.2484130859375,19.4591064453125,0.0,1.6104736328125,666.521,Fortran/Fortran.csv,157,16,Fortran,spectral-norm,False,True,,0.6665209999999999
22.2918701171875,19.49896240234375,0.0,1.6129150390625,667.303,Fortran/Fortran.csv,158,16,Fortran,spectral-norm,False,True,,0.667303
22.26605224609375,19.471435546875,0.0,1.6104736328125,666.574,Fortran/Fortran.csv,159,16,Fortran,spectral-norm,False,True,,0.666574
22.19720458984375,19.40997314453125,0.0,1.61041259765625,666.745,Fortran/Fortran.csv,160,16,Fortran,spectral-norm,False,True,,0.666745
105.11138916015625,52.537841796875,0.000732421875,14.38397216796875,5953.08,Go/Go.csv,1,1,Go,n-body,False,True,,5.95308
105.29388427734375,52.94482421875,0.0,14.2479248046875,5897.98,Go/Go.csv,2,1,Go,n-body,False,True,,5.89798
105.33355712890625,52.97186279296875,0.0,14.25286865234375,5899.56,Go/Go.csv,3,1,Go,n-body,False,True,,5.89956
105.39984130859375,53.0050048828125,0.0,14.25286865234375,5899.5,Go/Go.csv,4,1,Go,n-body,False,True,,5.8995
105.33184814453125,52.96527099609375,0.0,14.25286865234375,5899.44,Go/Go.csv,5,1,Go,n-body,False,True,,5.899439999999999
105.32904052734375,52.97979736328125,0.0,14.2528076171875,5899.69,Go/Go.csv,6,1,Go,n-body,False,True,,5.89969
105.35430908203125,52.9957275390625,0.0,14.2528076171875,5899.43,Go/Go.csv,7,1,Go,n-body,False,True,,5.899430000000001
105.324462890625,52.98388671875,0.00079345703125,14.25030517578125,5898.05,Go/Go.csv,8,1,Go,n-body,False,True,,5.8980500000000005
105.3629150390625,53.0081787109375,0.0,14.25274658203125,5899.48,Go/Go.csv,9,1,Go,n-body,False,True,,5.89948
105.34326171875,52.9951171875,0.0,14.252685546875,5899.48,Go/Go.csv,10,1,Go,n-body,False,True,,5.89948
721.8592529296875,571.4360961914062,0.0,48.97235107421875,16380.0,Go/Go.csv,11,2,Go,binary-trees,False,True,,16.38
723.0905151367188,573.3031616210938,0.00103759765625,48.33013916015625,16224.5,Go/Go.csv,12,2,Go,binary-trees,False,True,,16.2245
727.1056518554688,576.790771484375,0.0,48.213134765625,16187.5,Go/Go.csv,13,2,Go,binary-trees,False,True,,16.1875
737.5991821289062,585.44287109375,0.0,48.605712890625,16301.5,Go/Go.csv,14,2,Go,binary-trees,False,True,,16.3015
743.0629272460938,589.9356079101562,0.001220703125,48.611572265625,16333.4,Go/Go.csv,15,2,Go,binary-trees,False,True,,16.3334
741.6182861328125,588.8848266601562,0.0,48.42041015625,16238.7,Go/Go.csv,16,2,Go,binary-trees,False,True,,16.2387
748.396240234375,594.1461791992188,0.00128173828125,48.72607421875,16335.9,Go/Go.csv,17,2,Go,binary-trees,False,True,,16.3359
753.9112548828125,598.442626953125,0.0,48.96417236328125,16393.3,Go/Go.csv,18,2,Go,binary-trees,False,True,,16.3933
753.13720703125,598.151123046875,0.0,48.70635986328125,16318.5,Go/Go.csv,19,2,Go,binary-trees,False,True,,16.3185
756.0113525390625,600.42236328125,0.0013427734375,48.78985595703125,16351.3,Go/Go.csv,20,2,Go,binary-trees,False,True,,16.3513
11.59014892578125,7.74566650390625,0.0,1.32666015625,391.012,Go/Go.csv,21,3,Go,reverse-complement,False,True,,0.391012
11.47119140625,7.83935546875,0.0,1.25640869140625,363.544,Go/Go.csv,22,3,Go,reverse-complement,False,True,,0.363544
11.64501953125,7.93975830078125,0.0,1.27362060546875,367.153,Go/Go.csv,23,3,Go,reverse-complement,False,True,,0.367153
11.4686279296875,7.84527587890625,0.0,1.24298095703125,355.355,Go/Go.csv,24,3,Go,reverse-complement,False,True,,0.35535500000000003
11.62506103515625,7.917236328125,0.0,1.2672119140625,367.115,Go/Go.csv,25,3,Go,reverse-complement,False,True,,0.367115
11.70599365234375,8.0252685546875,0.0,1.27545166015625,363.972,Go/Go.csv,26,3,Go,reverse-complement,False,True,,0.36397199999999996
11.7286376953125,7.9859619140625,0.0,1.26922607421875,366.641,Go/Go.csv,27,3,Go,reverse-complement,False,True,,0.366641
11.51519775390625,7.834716796875,0.0,1.271728515625,368.738,Go/Go.csv,28,3,Go,reverse-complement,False,True,,0.368738
11.78973388671875,7.9903564453125,0.0,1.28387451171875,373.755,Go/Go.csv,29,3,Go,reverse-complement,False,True,,0.373755
11.5888671875,7.914306640625,0.0,1.2664794921875,367.073,Go/Go.csv,30,3,Go,reverse-complement,False,True,,0.367073
371.9874267578125,294.5914306640625,0.0,20.62890625,8539.25,Go/Go.csv,31,4,Go,fannkuch-redux,False,True,,8.53925
373.8291015625,296.62322998046875,0.001220703125,20.5052490234375,8487.33,Go/Go.csv,32,4,Go,fannkuch-redux,False,True,,8.48733
374.62493896484375,297.24578857421875,0.0,20.51239013671875,8490.52,Go/Go.csv,33,4,Go,fannkuch-redux,False,True,,8.49052
375.37713623046875,297.87158203125,0.0,20.50494384765625,8487.82,Go/Go.csv,34,4,Go,fannkuch-redux,False,True,,8.48782
375.516357421875,298.019287109375,0.0,20.497802734375,8485.25,Go/Go.csv,35,4,Go,fannkuch-redux,False,True,,8.48525
375.841796875,298.27056884765625,0.0,20.51300048828125,8489.26,Go/Go.csv,36,4,Go,fannkuch-redux,False,True,,8.48926
376.186279296875,298.5911865234375,0.001220703125,20.50054931640625,8485.74,Go/Go.csv,37,4,Go,fannkuch-redux,False,True,,8.48574
376.3365478515625,298.72601318359375,0.0,20.4979248046875,8484.17,Go/Go.csv,38,4,Go,fannkuch-redux,False,True,,8.48417
376.3421630859375,298.71063232421875,0.0,20.50274658203125,8485.89,Go/Go.csv,39,4,Go,fannkuch-redux,False,True,,8.48589
376.32958984375,298.7457275390625,0.0,20.500244140625,8485.47,Go/Go.csv,40,4,Go,fannkuch-redux,False,True,,8.48547
324.275146484375,247.99530029296875,0.0,22.8131103515625,8092.66,Go/Go.csv,41,5,Go,k-nucleotide,False,True,,8.09266
318.3131103515625,246.521484375,0.0013427734375,21.70648193359375,7619.41,Go/Go.csv,42,5,Go,k-nucleotide,False,True,,7.61941
323.8497314453125,248.15435791015625,0.0,22.63616943359375,8019.12,Go/Go.csv,43,5,Go,k-nucleotide,False,True,,8.01912
324.290771484375,248.36663818359375,0.0,22.66229248046875,8046.48,Go/Go.csv,44,5,Go,k-nucleotide,False,True,,8.046479999999999
328.17132568359375,250.493896484375,0.0,23.55230712890625,8238.09,Go/Go.csv,45,5,Go,k-nucleotide,False,True,,8.23809
323.01409912109375,247.42333984375,0.0,22.67041015625,8018.87,Go/Go.csv,46,5,Go,k-nucleotide,False,True,,8.01887
327.328857421875,250.06988525390625,0.0013427734375,22.99114990234375,8191.66,Go/Go.csv,47,5,Go,k-nucleotide,False,True,,8.19166
321.59869384765625,246.1568603515625,0.0,22.59161376953125,8010.72,Go/Go.csv,48,5,Go,k-nucleotide,False,True,,8.010720000000001
312.9842529296875,243.654296875,0.0,20.8328857421875,7363.01,Go/Go.csv,49,5,Go,k-nucleotide,False,True,,7.36301
323.58544921875,247.6329345703125,0.0,22.6663818359375,8035.91,Go/Go.csv,50,5,Go,k-nucleotide,False,True,,8.03591
135.7252197265625,106.47686767578125,0.0,8.4464111328125,3486.75,Go/Go.csv,51,6,Go,mandelbrot,False,True,,3.48675
136.5399169921875,107.44512939453125,0.0,8.37176513671875,3454.2,Go/Go.csv,52,6,Go,mandelbrot,False,True,,3.4541999999999997
136.512939453125,107.431640625,0.0,8.3668212890625,3453.2,Go/Go.csv,53,6,Go,mandelbrot,False,True,,3.4532
136.58624267578125,107.50604248046875,0.00103759765625,8.36492919921875,3451.93,Go/Go.csv,54,6,Go,mandelbrot,False,True,,3.45193
136.78839111328125,107.681884765625,0.0,8.3670654296875,3453.3,Go/Go.csv,55,6,Go,mandelbrot,False,True,,3.4533
136.54022216796875,107.48345947265625,0.0,8.357421875,3448.4,Go/Go.csv,56,6,Go,mandelbrot,False,True,,3.4484
136.65484619140625,107.5791015625,0.0,8.360107421875,3449.84,Go/Go.csv,57,6,Go,mandelbrot,False,True,,3.44984
136.63177490234375,107.54193115234375,0.0,8.36517333984375,3451.77,Go/Go.csv,58,6,Go,mandelbrot,False,True,,3.45177
136.71661376953125,107.64453125,0.0,8.357421875,3449.65,Go/Go.csv,59,6,Go,mandelbrot,False,True,,3.44965
136.70465087890625,107.60113525390625,0.0,8.364501953125,3451.23,Go/Go.csv,60,6,Go,mandelbrot,False,True,,3.45123
19.79144287109375,11.17767333984375,0.0,1.97393798828125,815.137,Go/Go.csv,61,7,Go,pidigits,False,True,,0.8151369999999999
17.96954345703125,10.4095458984375,0.0,1.79754638671875,741.346,Go/Go.csv,62,7,Go,pidigits,False,True,,0.741346
19.7816162109375,11.50054931640625,0.0,1.8702392578125,772.269,Go/Go.csv,63,7,Go,pidigits,False,True,,0.772269
19.72857666015625,11.4169921875,0.0,1.867919921875,770.726,Go/Go.csv,64,7,Go,pidigits,False,True,,0.770726
19.7113037109375,11.40203857421875,0.0,1.86077880859375,767.018,Go/Go.csv,65,7,Go,pidigits,False,True,,0.767018
19.68450927734375,11.37890625,0.0,1.85296630859375,765.493,Go/Go.csv,66,7,Go,pidigits,False,True,,0.7654930000000001
20.597412109375,11.881591796875,0.0,1.8905029296875,778.996,Go/Go.csv,67,7,Go,pidigits,False,True,,0.778996
18.07281494140625,10.46734619140625,0.0,1.80767822265625,745.763,Go/Go.csv,68,7,Go,pidigits,False,True,,0.7457630000000001
19.72625732421875,11.40606689453125,0.0,1.88189697265625,777.48,Go/Go.csv,69,7,Go,pidigits,False,True,,0.7774800000000001
19.72515869140625,11.412109375,0.0,1.858642578125,766.246,Go/Go.csv,70,7,Go,pidigits,False,True,,0.766246
52.63848876953125,35.49932861328125,0.0,4.61090087890625,1878.97,Go/Go.csv,71,8,Go,fasta,False,True,,1.87897
52.86639404296875,35.94183349609375,0.00103759765625,4.5106201171875,1838.45,Go/Go.csv,72,8,Go,fasta,False,True,,1.8384500000000001
53.0225830078125,36.05059814453125,0.0,4.5238037109375,1843.1,Go/Go.csv,73,8,Go,fasta,False,True,,1.8431
52.9036865234375,35.96148681640625,0.0,4.522705078125,1843.36,Go/Go.csv,74,8,Go,fasta,False,True,,1.8433599999999999
52.89703369140625,35.947265625,0.0,4.5257568359375,1843.73,Go/Go.csv,75,8,Go,fasta,False,True,,1.84373
52.8966064453125,35.9669189453125,0.0,4.5272216796875,1843.62,Go/Go.csv,76,8,Go,fasta,False,True,,1.8436199999999998
52.93048095703125,35.97381591796875,0.0,4.53509521484375,1845.95,Go/Go.csv,77,8,Go,fasta,False,True,,1.84595
52.8817138671875,35.95361328125,0.0,4.5272216796875,1844.51,Go/Go.csv,78,8,Go,fasta,False,True,,1.84451
52.4493408203125,35.7989501953125,0.0,4.457763671875,1814.55,Go/Go.csv,79,8,Go,fasta,False,True,,1.8145499999999999
52.7772216796875,35.91680908203125,0.0,4.49853515625,1832.98,Go/Go.csv,80,8,Go,fasta,False,True,,1.83298
43.24493408203125,31.3912353515625,0.0,3.33990478515625,1382.39,Go/Go.csv,81,9,Go,spectral-norm,False,True,,1.38239
43.68017578125,32.1348876953125,0.0,3.21856689453125,1332.21,Go/Go.csv,82,9,Go,spectral-norm,False,True,,1.3322100000000001
43.71929931640625,32.16387939453125,0.0,3.21832275390625,1332.02,Go/Go.csv,83,9,Go,spectral-norm,False,True,,1.33202
43.72674560546875,32.17730712890625,0.0,3.2183837890625,1332.18,Go/Go.csv,84,9,Go,spectral-norm,False,True,,1.3321800000000001
43.71551513671875,32.16693115234375,0.0,3.2159423828125,1330.75,Go/Go.csv,85,9,Go,spectral-norm,False,True,,1.33075
43.70330810546875,32.159912109375,0.0,3.21588134765625,1331.31,Go/Go.csv,86,9,Go,spectral-norm,False,True,,1.33131
43.6861572265625,32.1455078125,0.0,3.2159423828125,1331.53,Go/Go.csv,87,9,Go,spectral-norm,False,True,,1.3315299999999999
43.7349853515625,32.17681884765625,0.0,3.21832275390625,1331.96,Go/Go.csv,88,9,Go,spectral-norm,False,True,,1.33196
43.7059326171875,32.1649169921875,0.0,3.2158203125,1330.96,Go/Go.csv,89,9,Go,spectral-norm,False,True,,1.3309600000000001
43.7823486328125,32.1871337890625,0.0,3.2257080078125,1335.22,Go/Go.csv,90,9,Go,spectral-norm,False,True,,1.33522
109.22882080078125,54.9405517578125,0.0010986328125,14.35528564453125,5941.46,Go/Go.csv,91,10,Go,n-body,False,True,,5.94146
107.42962646484375,54.19256591796875,0.0,14.25048828125,5898.18,Go/Go.csv,92,10,Go,n-body,False,True,,5.89818
107.9954833984375,54.55792236328125,0.0,14.2503662109375,5898.59,Go/Go.csv,93,10,Go,n-body,False,True,,5.89859
107.15802001953125,53.9862060546875,0.0,14.2479248046875,5897.91,Go/Go.csv,94,10,Go,n-body,False,True,,5.8979099999999995
106.0911865234375,53.455810546875,0.0,14.25030517578125,5898.42,Go/Go.csv,95,10,Go,n-body,False,True,,5.89842
106.21868896484375,53.5174560546875,0.0,14.25054931640625,5898.12,Go/Go.csv,96,10,Go,n-body,False,True,,5.89812
107.01788330078125,53.97998046875,0.0,14.25030517578125,5898.67,Go/Go.csv,97,10,Go,n-body,False,True,,5.89867
106.91510009765625,53.86907958984375,0.00103759765625,14.24786376953125,5897.94,Go/Go.csv,98,10,Go,n-body,False,True,,5.897939999999999
106.443115234375,53.6544189453125,0.0,14.25274658203125,5899.5,Go/Go.csv,99,10,Go,n-body,False,True,,5.8995
107.1414794921875,53.96728515625,0.0,14.24542236328125,5896.44,Go/Go.csv,100,10,Go,n-body,False,True,,5.896439999999999
739.5188598632812,584.7266845703125,0.0,49.2916259765625,16569.0,Go/Go.csv,101,11,Go,binary-trees,False,True,,16.569
739.3142700195312,586.7171630859375,0.00115966796875,48.41571044921875,16254.4,Go/Go.csv,102,11,Go,binary-trees,False,True,,16.2544
746.4248657226562,592.843994140625,0.0,48.53509521484375,16282.3,Go/Go.csv,103,11,Go,binary-trees,False,True,,16.2823
752.8539428710938,597.8660278320312,0.0,48.87408447265625,16355.7,Go/Go.csv,104,11,Go,binary-trees,False,True,,16.355700000000002
751.662109375,596.8920288085938,0.0013427734375,48.5810546875,16285.0,Go/Go.csv,105,11,Go,binary-trees,False,True,,16.285
757.7132568359375,602.12451171875,0.0,48.5731201171875,16293.0,Go/Go.csv,106,11,Go,binary-trees,False,True,,16.293
758.1220092773438,602.5023803710938,0.00146484375,48.61041259765625,16268.7,Go/Go.csv,107,11,Go,binary-trees,False,True,,16.2687
764.3106079101562,607.9059448242188,0.0,48.61102294921875,16319.6,Go/Go.csv,108,11,Go,binary-trees,False,True,,16.3196
757.7938232421875,602.3800659179688,0.0,48.20770263671875,16195.9,Go/Go.csv,109,11,Go,binary-trees,False,True,,16.195899999999998
763.1409301757812,606.9029541015625,0.00152587890625,48.47943115234375,16257.2,Go/Go.csv,110,11,Go,binary-trees,False,True,,16.2572
22.9625244140625,9.02691650390625,0.0,4.34344482421875,1609.05,Go/Go.csv,111,12,Go,reverse-complement,False,True,,1.6090499999999999
11.78326416015625,8.05584716796875,0.0,1.28143310546875,368.822,Go/Go.csv,112,12,Go,reverse-complement,False,True,,0.368822
11.91302490234375,8.134521484375,0.0,1.28155517578125,367.768,Go/Go.csv,113,12,Go,reverse-complement,False,True,,0.367768
11.80303955078125,8.09466552734375,0.0,1.27264404296875,363.461,Go/Go.csv,114,12,Go,reverse-complement,False,True,,0.36346100000000003
11.92486572265625,8.11737060546875,0.0,1.28631591796875,371.45,Go/Go.csv,115,12,Go,reverse-complement,False,True,,0.37145
11.84674072265625,8.07147216796875,0.0,1.28094482421875,367.809,Go/Go.csv,116,12,Go,reverse-complement,False,True,,0.36780900000000005
11.828125,8.04168701171875,0.0,1.28656005859375,370.53,Go/Go.csv,117,12,Go,reverse-complement,False,True,,0.37052999999999997
11.7314453125,8.00982666015625,0.0,1.27435302734375,367.954,Go/Go.csv,118,12,Go,reverse-complement,False,True,,0.367954
12.037109375,8.17926025390625,0.0,1.294921875,377.975,Go/Go.csv,119,12,Go,reverse-complement,False,True,,0.377975
11.81817626953125,8.077392578125,0.0,1.2744140625,367.03,Go/Go.csv,120,12,Go,reverse-complement,False,True,,0.36702999999999997
377.36669921875,298.86175537109375,0.0,20.80377197265625,8610.04,Go/Go.csv,121,13,Go,fannkuch-redux,False,True,,8.610040000000001
376.77532958984375,299.147705078125,0.00128173828125,20.49298095703125,8483.3,Go/Go.csv,122,13,Go,fannkuch-redux,False,True,,8.4833
376.92669677734375,299.28778076171875,0.0,20.50274658203125,8486.27,Go/Go.csv,123,13,Go,fannkuch-redux,False,True,,8.486270000000001
377.324951171875,299.62652587890625,0.0,20.50030517578125,8484.93,Go/Go.csv,124,13,Go,fannkuch-redux,False,True,,8.48493
377.23193359375,299.546142578125,0.0,20.50006103515625,8485.79,Go/Go.csv,125,13,Go,fannkuch-redux,False,True,,8.485790000000001
377.97698974609375,300.169921875,0.0,20.50494384765625,8487.0,Go/Go.csv,126,13,Go,fannkuch-redux,False,True,,8.487
378.54925537109375,-261843.35577392578,0.0013427734375,20.50244140625,8486.52,Go/Go.csv,127,13,Go,fannkuch-redux,False,False,negative_energy,8.48652
379.020263671875,301.04705810546875,0.0,20.5048828125,8488.23,Go/Go.csv,128,13,Go,fannkuch-redux,False,True,,8.48823
379.11041259765625,301.12176513671875,0.0,20.50018310546875,8485.39,Go/Go.csv,129,13,Go,fannkuch-redux,False,True,,8.485389999999999
380.012451171875,301.8399658203125,0.0,20.50494384765625,8486.67,Go/Go.csv,130,13,Go,fannkuch-redux,False,True,,8.48667
332.14837646484375,246.7432861328125,0.00146484375,25.6466064453125,9268.88,Go/Go.csv,131,14,Go,k-nucleotide,False,True,,9.26888
327.74273681640625,251.6326904296875,0.0,22.48974609375,7987.63,Go/Go.csv,132,14,Go,k-nucleotide,False,True,,7.98763
323.55645751953125,247.76763916015625,0.0,22.38983154296875,7924.61,Go/Go.csv,133,14,Go,k-nucleotide,False,True,,7.9246099999999995
317.3973388671875,247.73468017578125,0.0,20.5101318359375,7322.21,Go/Go.csv,134,14,Go,k-nucleotide,False,True,,7.32221
329.83245849609375,252.309814453125,0.0,23.1141357421875,8131.16,Go/Go.csv,135,14,Go,k-nucleotide,False,True,,8.13116
327.130126953125,251.22125244140625,0.0,22.48394775390625,7985.42,Go/Go.csv,136,14,Go,k-nucleotide,False,True,,7.98542
326.953369140625,250.49462890625,0.00146484375,22.55474853515625,8000.05,Go/Go.csv,137,14,Go,k-nucleotide,False,True,,8.00005
327.56304931640625,251.2222900390625,0.0,22.51153564453125,8001.19,Go/Go.csv,138,14,Go,k-nucleotide,False,True,,8.00119
323.9755859375,250.7835693359375,0.0,21.83880615234375,7681.02,Go/Go.csv,139,14,Go,k-nucleotide,False,True,,7.68102
318.89202880859375,247.32879638671875,0.0,21.15972900390625,7496.93,Go/Go.csv,140,14,Go,k-nucleotide,False,True,,7.49693
138.84417724609375,108.88433837890625,0.0,8.571533203125,3537.16,Go/Go.csv,141,15,Go,mandelbrot,False,True,,3.5371599999999996
138.30108642578125,108.92205810546875,0.0,8.369140625,3453.73,Go/Go.csv,142,15,Go,mandelbrot,False,True,,3.45373
138.51922607421875,109.08892822265625,0.001220703125,8.381103515625,3459.12,Go/Go.csv,143,15,Go,mandelbrot,False,True,,3.45912
138.37164306640625,108.9862060546875,0.0,8.371337890625,3455.07,Go/Go.csv,144,15,Go,mandelbrot,False,True,,3.45507
138.360595703125,108.983642578125,0.0,8.36651611328125,3453.04,Go/Go.csv,145,15,Go,mandelbrot,False,True,,3.45304
138.33038330078125,108.95782470703125,0.0,8.36663818359375,3452.95,Go/Go.csv,146,15,Go,mandelbrot,False,True,,3.45295
138.30328369140625,108.92822265625,0.0,8.368896484375,3453.92,Go/Go.csv,147,15,Go,mandelbrot,False,True,,3.45392
138.37744140625,109.0130615234375,0.0,8.36907958984375,3453.32,Go/Go.csv,148,15,Go,mandelbrot,False,True,,3.45332
138.25433349609375,108.89862060546875,0.0,8.369140625,3453.66,Go/Go.csv,149,15,Go,mandelbrot,False,True,,3.4536599999999997
138.4263916015625,109.04193115234375,0.0,8.37396240234375,3455.86,Go/Go.csv,150,15,Go,mandelbrot,False,True,,3.45586
18.5504150390625,10.56549072265625,0.0,1.9237060546875,793.724,Go/Go.csv,151,16,Go,pidigits,False,True,,0.7937240000000001
18.1942138671875,10.58551025390625,0.0,1.8031005859375,742.979,Go/Go.csv,152,16,Go,pidigits,False,True,,0.7429790000000001
18.08270263671875,10.5205078125,0.0,1.7977294921875,741.651,Go/Go.csv,153,16,Go,pidigits,False,True,,0.741651
18.23577880859375,10.57611083984375,0.0,1.80987548828125,746.92,Go/Go.csv,154,16,Go,pidigits,False,True,,0.7469199999999999
18.42767333984375,10.69061279296875,0.0,1.8193359375,750.523,Go/Go.csv,155,16,Go,pidigits,False,True,,0.750523
18.58001708984375,10.77508544921875,0.0,1.82427978515625,752.926,Go/Go.csv,156,16,Go,pidigits,False,True,,0.7529260000000001
18.2764892578125,10.60333251953125,0.0,1.80596923828125,746.392,Go/Go.csv,157,16,Go,pidigits,False,True,,0.746392
18.94488525390625,11.0352783203125,0.0,1.86260986328125,768.507,Go/Go.csv,158,16,Go,pidigits,False,True,,0.7685069999999999
18.154296875,10.5308837890625,0.0,1.796875,741.624,Go/Go.csv,159,16,Go,pidigits,False,True,,0.7416240000000001
18.3681640625,10.6485595703125,0.0,1.814453125,749.048,Go/Go.csv,160,16,Go,pidigits,False,True,,0.749048
53.72503662109375,35.9757080078125,0.0,4.78839111328125,1952.43,Go/Go.csv,161,17,Go,fasta,False,True,,1.95243
53.60333251953125,36.4893798828125,0.0,4.53533935546875,1848.59,Go/Go.csv,162,17,Go,fasta,False,True,,1.84859
53.6195068359375,36.49981689453125,0.0,4.52978515625,1843.34,Go/Go.csv,163,17,Go,fasta,False,True,,1.84334
53.67425537109375,36.51763916015625,0.0,4.546142578125,1851.78,Go/Go.csv,164,17,Go,fasta,False,True,,1.85178
53.60260009765625,36.50177001953125,0.0,4.5238037109375,1842.8,Go/Go.csv,165,17,Go,fasta,False,True,,1.8428
53.709716796875,36.5562744140625,0.0,4.53253173828125,1845.74,Go/Go.csv,166,17,Go,fasta,False,True,,1.84574
53.59027099609375,36.484130859375,0.0,4.5252685546875,1844.52,Go/Go.csv,167,17,Go,fasta,False,True,,1.84452
53.09393310546875,36.294921875,0.0,4.444091796875,1810.43,Go/Go.csv,168,17,Go,fasta,False,True,,1.81043
53.5806884765625,36.4696044921875,0.0,4.5294189453125,1844.75,Go/Go.csv,169,17,Go,fasta,False,True,,1.84475
53.58477783203125,36.449951171875,0.0,4.53350830078125,1847.82,Go/Go.csv,170,17,Go,fasta,False,True,,1.84782
43.93511962890625,32.2230224609375,0.0,3.27740478515625,1356.47,Go/Go.csv,171,18,Go,spectral-norm,False,True,,1.35647
44.01422119140625,32.43389892578125,0.0,3.2161865234375,1331.65,Go/Go.csv,172,18,Go,spectral-norm,False,True,,1.33165
44.1285400390625,32.5189208984375,0.0,3.2158203125,1331.98,Go/Go.csv,173,18,Go,spectral-norm,False,True,,1.33198
44.23590087890625,32.59735107421875,0.0,3.2183837890625,1332.04,Go/Go.csv,174,18,Go,spectral-norm,False,True,,1.33204
44.34283447265625,32.6883544921875,0.0,3.21588134765625,1330.5,Go/Go.csv,175,18,Go,spectral-norm,False,True,,1.3305
44.2684326171875,32.63232421875,0.0,3.21826171875,1331.67,Go/Go.csv,176,18,Go,spectral-norm,False,True,,1.3316700000000001
44.23614501953125,32.60357666015625,0.0,3.2158203125,1331.35,Go/Go.csv,177,18,Go,spectral-norm,False,True,,1.3313499999999998
44.37957763671875,32.71466064453125,0.0,3.2159423828125,1331.14,Go/Go.csv,178,18,Go,spectral-norm,False,True,,1.33114
44.52728271484375,32.8204345703125,0.0,3.21826171875,1331.92,Go/Go.csv,179,18,Go,spectral-norm,False,True,,1.33192
44.18670654296875,32.566650390625,0.0,3.21600341796875,1331.09,Go/Go.csv,180,18,Go,spectral-norm,False,True,,1.3310899999999999
5933.555480957031,3227.9744262695312,0.0076904296875,691.2467041015625,286027.0,Hack/Hack.csv,1,1,Hack,n-body,False,True,,286.027
5744.862060546875,3129.2102661132812,0.005859375,683.478271484375,282888.0,Hack/Hack.csv,2,1,Hack,n-body,False,True,,282.888
6136.1898193359375,3301.6144409179688,0.00689697265625,731.0298461914062,302561.0,Hack/Hack.csv,3,1,Hack,n-body,False,True,,302.561
5792.849426269531,3153.0216064453125,0.00689697265625,686.2671508789062,284042.0,Hack/Hack.csv,4,1,Hack,n-body,False,True,,284.042
5920.807189941406,3225.1726684570312,0.007080078125,683.9450073242188,283083.0,Hack/Hack.csv,5,1,Hack,n-body,False,True,,283.083
5838.4207763671875,3191.430419921875,0.0059814453125,685.5223999023438,283734.0,Hack/Hack.csv,6,1,Hack,n-body,False,True,,283.734
-256145.03839111328,3266.2064819335938,0.00726318359375,691.349365234375,286147.0,Hack/Hack.csv,7,1,Hack,n-body,False,False,negative_energy|invalid_package,286.147
6128.977294921875,3306.009765625,0.0068359375,731.4474487304688,302744.0,Hack/Hack.csv,8,1,Hack,n-body,False,True,,302.744
5782.553466796875,3150.1272583007812,0.00579833984375,687.6633911132812,284610.0,Hack/Hack.csv,9,1,Hack,n-body,False,True,,284.61
5786.143005371094,3151.3660278320312,0.006591796875,686.78759765625,284259.0,Hack/Hack.csv,10,1,Hack,n-body,False,True,,284.259
55.75360107421875,35.033447265625,0.0,5.938232421875,2228.59,Hack/Hack.csv,11,2,Hack,regex-redux,False,True,,2.22859
50.1092529296875,32.12176513671875,0.00091552734375,5.02252197265625,1915.76,Hack/Hack.csv,12,2,Hack,regex-redux,False,True,,1.91576
49.898193359375,32.0037841796875,0.0,5.0086669921875,1911.25,Hack/Hack.csv,13,2,Hack,regex-redux,False,True,,1.91125
50.03369140625,32.08990478515625,0.0,5.00762939453125,1907.65,Hack/Hack.csv,14,2,Hack,regex-redux,False,True,,1.90765
50.401123046875,32.292724609375,0.0,5.00054931640625,1907.07,Hack/Hack.csv,15,2,Hack,regex-redux,False,True,,1.90707
50.16485595703125,32.15264892578125,0.0,5.02337646484375,1916.75,Hack/Hack.csv,16,2,Hack,regex-redux,False,True,,1.91675
50.04095458984375,32.098876953125,0.0,5.0267333984375,1915.37,Hack/Hack.csv,17,2,Hack,regex-redux,False,True,,1.9153699999999998
50.37017822265625,32.291015625,0.0,5.00982666015625,1911.98,Hack/Hack.csv,18,2,Hack,regex-redux,False,True,,1.91198
50.069091796875,32.1376953125,0.0,5.01812744140625,1912.48,Hack/Hack.csv,19,2,Hack,regex-redux,False,True,,1.91248
50.0908203125,32.1480712890625,0.0,5.01580810546875,1910.74,Hack/Hack.csv,20,2,Hack,regex-redux,False,True,,1.91074
876.3591918945312,672.7957763671875,0.0010986328125,61.181396484375,21758.7,Hack/Hack.csv,21,3,Hack,k-nucleotide,False,True,,21.7587
879.6430053710938,676.130126953125,0.0,60.531005859375,21601.6,Hack/Hack.csv,22,3,Hack,k-nucleotide,False,True,,21.601599999999998
886.1400146484375,680.57666015625,0.0013427734375,60.6884765625,21663.1,Hack/Hack.csv,23,3,Hack,k-nucleotide,False,True,,21.6631
891.5298461914062,686.2749633789062,0.0,60.536865234375,21580.1,Hack/Hack.csv,24,3,Hack,k-nucleotide,False,True,,21.580099999999998
894.3519897460938,689.0703125,0.0013427734375,60.41058349609375,21483.8,Hack/Hack.csv,25,3,Hack,k-nucleotide,False,True,,21.4838
896.65966796875,688.3709106445312,0.0,60.756591796875,21722.3,Hack/Hack.csv,26,3,Hack,k-nucleotide,False,True,,21.7223
914.8136596679688,705.8914794921875,0.00140380859375,61.23291015625,21786.4,Hack/Hack.csv,27,3,Hack,k-nucleotide,False,True,,21.7864
912.9361572265625,700.3347778320312,0.0,61.78070068359375,22098.7,Hack/Hack.csv,28,3,Hack,k-nucleotide,False,True,,22.0987
922.2813110351562,706.0278930664062,0.00146484375,62.50628662109375,22403.7,Hack/Hack.csv,29,3,Hack,k-nucleotide,False,True,,22.4037
902.3120727539062,695.7418823242188,0.0,60.16827392578125,21417.5,Hack/Hack.csv,30,3,Hack,k-nucleotide,False,True,,21.4175
292.5855712890625,163.00958251953125,0.0,33.393310546875,13706.5,Hack/Hack.csv,31,4,Hack,fasta,False,True,,13.7065
284.4498291015625,158.5225830078125,0.0,32.50341796875,13407.0,Hack/Hack.csv,32,4,Hack,fasta,False,True,,13.407
285.46173095703125,159.463623046875,0.0,32.67584228515625,13476.0,Hack/Hack.csv,33,4,Hack,fasta,False,True,,13.476
289.9852294921875,161.92071533203125,0.00103759765625,33.189697265625,13683.5,Hack/Hack.csv,34,4,Hack,fasta,False,True,,13.6835
285.701171875,159.099853515625,0.0,32.7740478515625,13516.7,Hack/Hack.csv,35,4,Hack,fasta,False,True,,13.5167
284.71484375,159.02447509765625,0.0,32.6785888671875,13476.9,Hack/Hack.csv,36,4,Hack,fasta,False,True,,13.476899999999999
282.98583984375,157.91949462890625,0.0009765625,32.493896484375,13397.3,Hack/Hack.csv,37,4,Hack,fasta,False,True,,13.3973
284.79144287109375,158.6783447265625,0.0,32.7276611328125,13496.3,Hack/Hack.csv,38,4,Hack,fasta,False,True,,13.4963
289.7054443359375,161.67138671875,0.0,33.3436279296875,13753.3,Hack/Hack.csv,39,4,Hack,fasta,False,True,,13.7533
286.9698486328125,159.76806640625,0.00103759765625,32.99664306640625,13606.6,Hack/Hack.csv,40,4,Hack,fasta,False,True,,13.6066
304.74688720703125,244.414794921875,0.0,15.86553955078125,6419.61,Hack/Hack.csv,41,5,Hack,spectral-norm,False,True,,6.41961
299.04962158203125,241.47454833984375,0.0,14.92974853515625,6115.6,Hack/Hack.csv,42,5,Hack,spectral-norm,False,True,,6.115600000000001
323.7176513671875,259.6214599609375,0.0,16.683837890625,6838.4,Hack/Hack.csv,43,5,Hack,spectral-norm,False,True,,6.8384
299.66461181640625,241.9947509765625,0.0,14.94000244140625,6117.81,Hack/Hack.csv,44,5,Hack,spectral-norm,False,True,,6.11781
303.2386474609375,245.004150390625,0.0013427734375,15.01275634765625,6148.82,Hack/Hack.csv,45,5,Hack,spectral-norm,False,True,,6.14882
301.781494140625,243.79107666015625,0.0,14.93975830078125,6117.65,Hack/Hack.csv,46,5,Hack,spectral-norm,False,True,,6.117649999999999
303.50048828125,245.23046875,0.0,14.93914794921875,6117.14,Hack/Hack.csv,47,5,Hack,spectral-norm,False,True,,6.11714
303.61572265625,245.370849609375,0.0,14.93267822265625,6116.16,Hack/Hack.csv,48,5,Hack,spectral-norm,False,True,,6.11616
303.62701416015625,245.382080078125,0.0,14.9306640625,6114.95,Hack/Hack.csv,49,5,Hack,spectral-norm,False,True,,6.114949999999999
303.73431396484375,245.49505615234375,0.0,14.9354248046875,6115.07,Hack/Hack.csv,50,5,Hack,spectral-norm,False,True,,6.115069999999999
5099.946533203125,2798.1565551757812,0.0054931640625,587.6655883789062,243134.0,Hack/Hack.csv,51,6,Hack,n-body,False,True,,243.134
5097.9881591796875,2794.8297729492188,0.00689697265625,585.1951293945312,242208.0,Hack/Hack.csv,52,6,Hack,n-body,False,True,,242.208
5104.53955078125,2801.7664184570312,0.0057373046875,585.4804077148438,242324.0,Hack/Hack.csv,53,6,Hack,n-body,False,True,,242.324
5102.963317871094,2796.698486328125,0.0069580078125,585.288330078125,242240.0,Hack/Hack.csv,54,6,Hack,n-body,False,True,,242.24
5140.9613037109375,2823.9697265625,0.0068359375,587.3375854492188,243092.0,Hack/Hack.csv,55,6,Hack,n-body,False,True,,243.092
5152.269836425781,2822.8806762695312,0.005859375,589.3838500976562,243940.0,Hack/Hack.csv,56,6,Hack,n-body,False,True,,243.94
5213.0103759765625,2845.6552124023438,0.0069580078125,598.0836181640625,247540.0,Hack/Hack.csv,57,6,Hack,n-body,False,True,,247.54
5116.2935791015625,2805.8682861328125,0.0068359375,585.8945922851562,242496.0,Hack/Hack.csv,58,6,Hack,n-body,False,True,,242.496
5103.851867675781,2798.5811157226562,0.005859375,584.9171142578125,242080.0,Hack/Hack.csv,59,6,Hack,n-body,False,True,,242.08
5839.074401855469,3148.4781494140625,0.00836181640625,668.8394165039062,276828.0,Hack/Hack.csv,60,6,Hack,n-body,False,True,,276.828
186.98297119140625,141.481689453125,0.0,17.2271728515625,4675.39,Hack/Hack.csv,61,7,Hack,binary-trees,False,True,,4.67539
183.0462646484375,138.8692626953125,0.0,16.42291259765625,4488.3,Hack/Hack.csv,62,7,Hack,binary-trees,False,True,,4.488300000000001
183.72772216796875,139.4866943359375,0.0,16.5166015625,4495.78,Hack/Hack.csv,63,7,Hack,binary-trees,False,True,,4.49578
183.990234375,139.89398193359375,0.0,16.4542236328125,4476.3,Hack/Hack.csv,64,7,Hack,binary-trees,False,True,,4.4763
183.121826171875,139.6083984375,0.0,16.35638427734375,4419.86,Hack/Hack.csv,65,7,Hack,binary-trees,False,True,,4.41986
184.7421875,140.02520751953125,0.0013427734375,16.608154296875,4523.95,Hack/Hack.csv,66,7,Hack,binary-trees,False,True,,4.52395
185.38409423828125,140.4962158203125,0.0,16.64263916015625,4552.0,Hack/Hack.csv,67,7,Hack,binary-trees,False,True,,4.552
185.299072265625,140.55712890625,0.0,16.41473388671875,4507.76,Hack/Hack.csv,68,7,Hack,binary-trees,False,True,,4.50776
184.84466552734375,140.544921875,0.0,16.42852783203125,4464.61,Hack/Hack.csv,69,7,Hack,binary-trees,False,True,,4.4646099999999995
186.07672119140625,141.0675048828125,0.0,16.60076904296875,4535.48,Hack/Hack.csv,70,7,Hack,binary-trees,False,True,,4.53548
58.81494140625,36.56573486328125,0.0,6.213134765625,2326.86,Hack/Hack.csv,71,8,Hack,regex-redux,False,True,,2.32686
53.344970703125,33.603515625,0.0,5.34368896484375,2043.99,Hack/Hack.csv,72,8,Hack,regex-redux,False,True,,2.04399
53.1781005859375,33.51385498046875,0.0,5.33526611328125,2040.05,Hack/Hack.csv,73,8,Hack,regex-redux,False,True,,2.04005
53.20196533203125,33.52178955078125,0.0,5.3402099609375,2044.0,Hack/Hack.csv,74,8,Hack,regex-redux,False,True,,2.044
53.60455322265625,33.73590087890625,0.0,5.38671875,2060.0,Hack/Hack.csv,75,8,Hack,regex-redux,False,True,,2.06
53.2392578125,33.534423828125,0.001220703125,5.360107421875,2048.12,Hack/Hack.csv,76,8,Hack,regex-redux,False,True,,2.04812
53.38763427734375,33.54351806640625,0.0,5.3992919921875,2064.14,Hack/Hack.csv,77,8,Hack,regex-redux,False,True,,2.06414
53.264404296875,33.486083984375,0.0,5.35943603515625,2051.69,Hack/Hack.csv,78,8,Hack,regex-redux,False,True,,2.0516900000000002
53.5040283203125,33.71002197265625,0.0,5.36090087890625,2048.67,Hack/Hack.csv,79,8,Hack,regex-redux,False,True,,2.04867
53.388427734375,33.6064453125,0.0,5.3818359375,2055.55,Hack/Hack.csv,80,8,Hack,regex-redux,False,True,,2.05555
5957.636474609375,4844.5692138671875,0.0050048828125,279.71307373046875,115605.0,Hack/Hack.csv,81,9,Hack,fannkuch-redux,False,True,,115.605
6027.521057128906,4910.8934326171875,0.003662109375,276.71868896484375,114440.0,Hack/Hack.csv,82,9,Hack,fannkuch-redux,False,True,,114.44
6174.2254638671875,5025.1258544921875,0.005615234375,282.0947265625,116667.0,Hack/Hack.csv,83,9,Hack,fannkuch-redux,False,True,,116.667
6088.0936279296875,4960.3182373046875,0.00567626953125,277.18951416015625,114644.0,Hack/Hack.csv,84,9,Hack,fannkuch-redux,False,True,,114.644
6448.269958496094,5228.777160644531,0.00372314453125,297.365234375,122996.0,Hack/Hack.csv,85,9,Hack,fannkuch-redux,False,True,,122.996
6275.5831298828125,5111.7742919921875,0.005615234375,283.45416259765625,117232.0,Hack/Hack.csv,86,9,Hack,fannkuch-redux,False,True,,117.232
6163.9234619140625,5021.666931152344,0.0057373046875,278.44793701171875,115145.0,Hack/Hack.csv,87,9,Hack,fannkuch-redux,False,True,,115.145
6206.51806640625,5058.6204833984375,0.00384521484375,280.34197998046875,115949.0,Hack/Hack.csv,88,9,Hack,fannkuch-redux,False,True,,115.949
6134.4610595703125,5000.137145996094,0.0057373046875,277.28131103515625,114674.0,Hack/Hack.csv,89,9,Hack,fannkuch-redux,False,True,,114.674
6104.591003417969,4971.601135253906,0.00579833984375,278.47406005859375,115172.0,Hack/Hack.csv,90,9,Hack,fannkuch-redux,False,True,,115.172
1114.1151733398438,843.6990966796875,0.0015869140625,76.8045654296875,27212.8,Hack/Hack.csv,91,10,Hack,k-nucleotide,False,True,,27.212799999999998
1096.1851806640625,832.0322875976562,0.0,75.25653076171875,26624.4,Hack/Hack.csv,92,10,Hack,k-nucleotide,False,True,,26.6244
1090.7239379882812,828.5245361328125,0.00164794921875,74.92279052734375,26516.0,Hack/Hack.csv,93,10,Hack,k-nucleotide,False,True,,26.516
1082.8052978515625,826.1602783203125,0.0,73.59783935546875,25987.5,Hack/Hack.csv,94,10,Hack,k-nucleotide,False,True,,25.9875
1086.916259765625,822.5730590820312,0.00164794921875,75.42431640625,26768.2,Hack/Hack.csv,95,10,Hack,k-nucleotide,False,True,,26.7682
1082.4111938476562,821.7757568359375,0.00164794921875,74.55535888671875,26393.8,Hack/Hack.csv,96,10,Hack,k-nucleotide,False,True,,26.3938
1081.6117553710938,819.9070434570312,0.0,74.97613525390625,26598.8,Hack/Hack.csv,97,10,Hack,k-nucleotide,False,True,,26.5988
1078.919189453125,820.9612426757812,0.0015869140625,74.33734130859375,26267.1,Hack/Hack.csv,98,10,Hack,k-nucleotide,False,True,,26.2671
1079.8976440429688,824.8175659179688,0.0,73.64556884765625,25924.4,Hack/Hack.csv,99,10,Hack,k-nucleotide,False,True,,25.924400000000002
1075.361328125,822.641845703125,0.00146484375,72.75897216796875,25635.9,Hack/Hack.csv,100,10,Hack,k-nucleotide,False,True,,25.635900000000003
801.45361328125,652.3375244140625,0.00164794921875,37.9957275390625,15552.8,Hack/Hack.csv,101,11,Hack,mandelbrot,False,True,,15.5528
797.60986328125,651.0072631835938,0.0,37.1143798828125,15260.0,Hack/Hack.csv,102,11,Hack,mandelbrot,False,True,,15.26
799.5792846679688,652.6683349609375,0.0,37.17584228515625,15283.7,Hack/Hack.csv,103,11,Hack,mandelbrot,False,True,,15.283700000000001
802.6328735351562,655.4520874023438,0.00177001953125,37.1094970703125,15260.3,Hack/Hack.csv,104,11,Hack,mandelbrot,False,True,,15.260299999999999
807.7821044921875,659.7879638671875,0.0,37.1392822265625,15268.0,Hack/Hack.csv,105,11,Hack,mandelbrot,False,True,,15.268
807.8882446289062,659.7650756835938,0.0,37.17120361328125,15283.9,Hack/Hack.csv,106,11,Hack,mandelbrot,False,True,,15.2839
808.2074584960938,660.155029296875,0.00177001953125,37.1182861328125,15263.3,Hack/Hack.csv,107,11,Hack,mandelbrot,False,True,,15.2633
807.1290283203125,659.399658203125,0.0,37.03436279296875,15228.7,Hack/Hack.csv,108,11,Hack,mandelbrot,False,True,,15.2287
808.2529907226562,660.3461303710938,0.0,37.09930419921875,15252.1,Hack/Hack.csv,109,11,Hack,mandelbrot,False,True,,15.2521
807.6058959960938,659.9252319335938,0.0018310546875,37.03009033203125,15228.0,Hack/Hack.csv,110,11,Hack,mandelbrot,False,True,,15.228
370.306640625,203.51824951171875,0.0,41.8414306640625,17185.8,Hack/Hack.csv,111,12,Hack,fasta,False,True,,17.1858
362.43994140625,198.30511474609375,0.0013427734375,41.1468505859375,16971.9,Hack/Hack.csv,112,12,Hack,fasta,False,True,,16.9719
359.7265625,196.841796875,0.0,41.1031494140625,16956.0,Hack/Hack.csv,113,12,Hack,fasta,False,True,,16.956
358.56622314453125,195.92578125,0.001220703125,41.13671875,16968.0,Hack/Hack.csv,114,12,Hack,fasta,False,True,,16.968
364.643310546875,198.096923828125,0.0,42.45062255859375,17512.0,Hack/Hack.csv,115,12,Hack,fasta,False,True,,17.512
355.64630126953125,194.24298095703125,0.0,41.12384033203125,16963.9,Hack/Hack.csv,116,12,Hack,fasta,False,True,,16.963900000000002
356.47650146484375,194.11419677734375,0.001220703125,41.4852294921875,17112.0,Hack/Hack.csv,117,12,Hack,fasta,False,True,,17.112
359.50897216796875,195.76702880859375,0.0,41.95635986328125,17302.9,Hack/Hack.csv,118,12,Hack,fasta,False,True,,17.3029
356.78216552734375,193.32464599609375,0.00115966796875,42.21844482421875,17410.1,Hack/Hack.csv,119,12,Hack,fasta,False,True,,17.4101
359.45550537109375,195.5380859375,0.0,42.17132568359375,17390.7,Hack/Hack.csv,120,12,Hack,fasta,False,True,,17.390700000000002
484.62615966796875,373.509033203125,0.0,30.60418701171875,12515.8,Hack/Hack.csv,121,13,Hack,spectral-norm,False,True,,12.515799999999999
475.16510009765625,371.18743896484375,0.00128173828125,28.017578125,11520.3,Hack/Hack.csv,122,13,Hack,spectral-norm,False,True,,11.520299999999999
478.15087890625,373.617919921875,0.0,28.032470703125,11524.0,Hack/Hack.csv,123,13,Hack,spectral-norm,False,True,,11.524
480.71484375,375.73419189453125,0.0,28.05810546875,11535.7,Hack/Hack.csv,124,13,Hack,spectral-norm,False,True,,11.5357
481.65655517578125,376.56390380859375,0.0,28.033935546875,11528.0,Hack/Hack.csv,125,13,Hack,spectral-norm,False,True,,11.528
482.6800537109375,377.4442138671875,0.00146484375,28.03582763671875,11527.9,Hack/Hack.csv,126,13,Hack,spectral-norm,False,True,,11.527899999999999
483.84637451171875,378.460205078125,0.0,27.9764404296875,11504.0,Hack/Hack.csv,127,13,Hack,spectral-norm,False,True,,11.504
501.4012451171875,390.78216552734375,0.0,28.88861083984375,11880.0,Hack/Hack.csv,128,13,Hack,spectral-norm,False,True,,11.88
485.37750244140625,379.5782470703125,0.00152587890625,28.02783203125,11528.0,Hack/Hack.csv,129,13,Hack,spectral-norm,False,True,,11.528
486.3834228515625,380.325927734375,0.0,28.09613037109375,11552.6,Hack/Hack.csv,130,13,Hack,spectral-norm,False,True,,11.5526
195.40826416015625,102.970703125,0.00115966796875,24.19000244140625,10012.3,Haskell/Haskell.csv,1,1,Haskell,n-body,False,True,,10.0123
197.9368896484375,105.06292724609375,0.0,24.28204345703125,10049.9,Haskell/Haskell.csv,2,1,Haskell,n-body,False,True,,10.0499
201.421630859375,107.5216064453125,0.0,24.61126708984375,10186.3,Haskell/Haskell.csv,3,1,Haskell,n-body,False,True,,10.1863
198.14556884765625,105.33184814453125,0.0,24.3714599609375,10086.5,Haskell/Haskell.csv,4,1,Haskell,n-body,False,True,,10.0865
194.56329345703125,102.76348876953125,0.0,24.0875244140625,9970.17,Haskell/Haskell.csv,5,1,Haskell,n-body,False,True,,9.97017
195.583251953125,103.748779296875,0.00103759765625,24.3177490234375,10065.0,Haskell/Haskell.csv,6,1,Haskell,n-body,False,True,,10.065
195.06097412109375,103.3388671875,0.0,24.2618408203125,10042.2,Haskell/Haskell.csv,7,1,Haskell,n-body,False,True,,10.042200000000001
194.773681640625,103.1962890625,0.0,24.30572509765625,10060.0,Haskell/Haskell.csv,8,1,Haskell,n-body,False,True,,10.06
193.18499755859375,102.1829833984375,0.0,24.17974853515625,10008.2,Haskell/Haskell.csv,9,1,Haskell,n-body,False,True,,10.0082
188.13128662109375,98.60223388671875,0.00103759765625,23.74151611328125,9826.55,Haskell/Haskell.csv,10,1,Haskell,n-body,False,True,,9.82655
339.8924560546875,226.4019775390625,0.0,42.5185546875,11583.1,Haskell/Haskell.csv,11,2,Haskell,binary-trees,False,True,,11.5831
343.1495361328125,229.2716064453125,0.0,42.6107177734375,11609.7,Haskell/Haskell.csv,12,2,Haskell,binary-trees,False,True,,11.6097
343.8468017578125,229.4990234375,0.0009765625,42.74603271484375,11608.7,Haskell/Haskell.csv,13,2,Haskell,binary-trees,False,True,,11.6087
341.65679931640625,228.050048828125,0.0,42.40594482421875,11552.6,Haskell/Haskell.csv,14,2,Haskell,binary-trees,False,True,,11.5526
342.0894775390625,227.8382568359375,0.0,42.51202392578125,11586.2,Haskell/Haskell.csv,15,2,Haskell,binary-trees,False,True,,11.586200000000002
339.45648193359375,225.06182861328125,0.0,41.06121826171875,11649.4,Haskell/Haskell.csv,16,2,Haskell,binary-trees,False,True,,11.6494
338.26025390625,224.783203125,0.00115966796875,41.6224365234375,11495.4,Haskell/Haskell.csv,17,2,Haskell,binary-trees,False,True,,11.4954
344.8203125,230.39996337890625,0.0,42.60491943359375,11618.9,Haskell/Haskell.csv,18,2,Haskell,binary-trees,False,True,,11.6189
344.6815185546875,230.211181640625,0.0,42.6805419921875,11591.8,Haskell/Haskell.csv,19,2,Haskell,binary-trees,False,True,,11.5918
339.36993408203125,226.21563720703125,0.0,42.129150390625,11472.0,Haskell/Haskell.csv,20,2,Haskell,binary-trees,False,True,,11.472
23.90252685546875,12.34808349609375,0.0,3.52557373046875,1302.68,Haskell/Haskell.csv,21,3,Haskell,reverse-complement,False,True,,1.30268
19.03973388671875,11.4803466796875,0.0,2.3016357421875,807.698,Haskell/Haskell.csv,22,3,Haskell,reverse-complement,False,True,,0.807698
18.65130615234375,11.18133544921875,0.0,2.28076171875,797.092,Haskell/Haskell.csv,23,3,Haskell,reverse-complement,False,True,,0.797092
19.47674560546875,11.67474365234375,0.0,2.3621826171875,831.635,Haskell/Haskell.csv,24,3,Haskell,reverse-complement,False,True,,0.831635
18.9296875,11.43798828125,0.0,2.293212890625,803.938,Haskell/Haskell.csv,25,3,Haskell,reverse-complement,False,True,,0.803938
18.68743896484375,11.21343994140625,0.0,2.28271484375,798.602,Haskell/Haskell.csv,26,3,Haskell,reverse-complement,False,True,,0.7986019999999999
18.99945068359375,11.4578857421875,0.0,2.300048828125,806.521,Haskell/Haskell.csv,27,3,Haskell,reverse-complement,False,True,,0.8065209999999999
18.98858642578125,11.4306640625,0.0,2.29913330078125,803.628,Haskell/Haskell.csv,28,3,Haskell,reverse-complement,False,True,,0.803628
19.08489990234375,11.5540771484375,0.0,2.30035400390625,807.094,Haskell/Haskell.csv,29,3,Haskell,reverse-complement,False,True,,0.8070940000000001
18.9808349609375,11.426025390625,0.0,2.2977294921875,804.527,Haskell/Haskell.csv,30,3,Haskell,reverse-complement,False,True,,0.804527
439.18878173828125,340.48974609375,0.0,26.09912109375,10801.2,Haskell/Haskell.csv,31,4,Haskell,fannkuch-redux,False,True,,10.801200000000001
553.4306030273438,405.35693359375,0.0010986328125,39.37091064453125,16295.1,Haskell/Haskell.csv,32,4,Haskell,fannkuch-redux,False,True,,16.2951
575.908935546875,426.7877197265625,0.0,39.69219970703125,16429.0,Haskell/Haskell.csv,33,4,Haskell,fannkuch-redux,False,True,,16.429
583.8395385742188,430.477294921875,0.0,40.68927001953125,16841.3,Haskell/Haskell.csv,34,4,Haskell,fannkuch-redux,False,True,,16.8413
412.9951171875,324.4171142578125,0.00128173828125,23.427978515625,9696.89,Haskell/Haskell.csv,35,4,Haskell,fannkuch-redux,False,True,,9.69689
614.6885986328125,451.3438720703125,0.0,43.4193115234375,17971.1,Haskell/Haskell.csv,36,4,Haskell,fannkuch-redux,False,True,,17.9711
578.41650390625,429.24127197265625,0.0,39.5614013671875,16374.4,Haskell/Haskell.csv,37,4,Haskell,fannkuch-redux,False,True,,16.3744
487.6666259765625,371.27691650390625,0.00128173828125,30.58026123046875,12657.1,Haskell/Haskell.csv,38,4,Haskell,fannkuch-redux,False,True,,12.6571
422.31005859375,330.96600341796875,0.0,24.064453125,9959.53,Haskell/Haskell.csv,39,4,Haskell,fannkuch-redux,False,True,,9.95953
869.7837524414062,610.097900390625,0.001220703125,69.49481201171875,28764.9,Haskell/Haskell.csv,40,4,Haskell,fannkuch-redux,False,True,,28.7649
204.8599853515625,153.7696533203125,0.0,14.8023681640625,6113.2,Haskell/Haskell.csv,41,5,Haskell,mandelbrot,False,True,,6.1132
204.6453857421875,154.5552978515625,0.0,14.51800537109375,5993.55,Haskell/Haskell.csv,42,5,Haskell,mandelbrot,False,True,,5.99355
205.54766845703125,155.1400146484375,0.0,14.60101318359375,6028.49,Haskell/Haskell.csv,43,5,Haskell,mandelbrot,False,True,,6.02849
204.75177001953125,154.71527099609375,0.0,14.51129150390625,5991.22,Haskell/Haskell.csv,44,5,Haskell,mandelbrot,False,True,,5.99122
206.25140380859375,155.81317138671875,0.0010986328125,14.63629150390625,6041.39,Haskell/Haskell.csv,45,5,Haskell,mandelbrot,False,True,,6.041390000000001
204.9171142578125,154.81158447265625,0.0,14.53851318359375,6001.48,Haskell/Haskell.csv,46,5,Haskell,mandelbrot,False,True,,6.00148
205.92132568359375,155.630859375,0.0,14.60797119140625,6029.13,Haskell/Haskell.csv,47,5,Haskell,mandelbrot,False,True,,6.02913
205.389892578125,155.1937255859375,0.0,14.5821533203125,6020.19,Haskell/Haskell.csv,48,5,Haskell,mandelbrot,False,True,,6.0201899999999995
208.36907958984375,155.57672119140625,0.0,15.2119140625,6279.02,Haskell/Haskell.csv,49,5,Haskell,mandelbrot,False,True,,6.27902
205.05712890625,154.93157958984375,0.0,14.53936767578125,6002.68,Haskell/Haskell.csv,50,5,Haskell,mandelbrot,False,True,,6.002680000000001
246.0115966796875,190.34002685546875,0.001220703125,14.71563720703125,5824.67,Haskell/Haskell.csv,51,6,Haskell,fasta,False,True,,5.82467
244.61883544921875,189.8048095703125,0.0,14.41192626953125,5704.93,Haskell/Haskell.csv,52,6,Haskell,fasta,False,True,,5.70493
244.81011962890625,190.04217529296875,0.0,14.37945556640625,5684.92,Haskell/Haskell.csv,53,6,Haskell,fasta,False,True,,5.68492
246.78662109375,191.6219482421875,0.0,14.504638671875,5730.5,Haskell/Haskell.csv,54,6,Haskell,fasta,False,True,,5.7305
247.1827392578125,191.9697265625,0.0,14.51513671875,5739.82,Haskell/Haskell.csv,55,6,Haskell,fasta,False,True,,5.73982
245.267333984375,190.54791259765625,0.0,14.3419189453125,5667.11,Haskell/Haskell.csv,56,6,Haskell,fasta,False,True,,5.66711
247.1378173828125,191.87139892578125,0.0,14.52362060546875,5742.45,Haskell/Haskell.csv,57,6,Haskell,fasta,False,True,,5.74245
246.7431640625,191.54742431640625,0.00140380859375,14.44140625,5719.18,Haskell/Haskell.csv,58,6,Haskell,fasta,False,True,,5.719180000000001
245.38720703125,190.375,0.0,14.4544677734375,5718.76,Haskell/Haskell.csv,59,6,Haskell,fasta,False,True,,5.7187600000000005
249.5699462890625,193.69512939453125,0.0,14.62384033203125,5793.79,Haskell/Haskell.csv,60,6,Haskell,fasta,False,True,,5.7937899999999996
43.25286865234375,31.32061767578125,0.0,3.3359375,1379.89,Haskell/Haskell.csv,61,7,Haskell,spectral-norm,False,True,,1.37989
43.38665771484375,31.44061279296875,0.0,3.3233642578125,1375.05,Haskell/Haskell.csv,62,7,Haskell,spectral-norm,False,True,,1.3750499999999999
43.4952392578125,31.5052490234375,0.0,3.32806396484375,1377.04,Haskell/Haskell.csv,63,7,Haskell,spectral-norm,False,True,,1.37704
43.27935791015625,31.4794921875,0.0,3.29449462890625,1363.1,Haskell/Haskell.csv,64,7,Haskell,spectral-norm,False,True,,1.3631
43.3416748046875,31.4293212890625,0.0,3.31597900390625,1372.16,Haskell/Haskell.csv,65,7,Haskell,spectral-norm,False,True,,1.37216
43.3389892578125,31.42034912109375,0.0,3.32098388671875,1373.83,Haskell/Haskell.csv,66,7,Haskell,spectral-norm,False,True,,1.3738299999999999
43.3800048828125,31.4139404296875,0.0,3.3328857421875,1379.42,Haskell/Haskell.csv,67,7,Haskell,spectral-norm,False,True,,1.37942
43.174072265625,31.355712890625,0.0,3.29644775390625,1364.55,Haskell/Haskell.csv,68,7,Haskell,spectral-norm,False,True,,1.36455
43.3125,31.4281005859375,0.0,3.31121826171875,1369.83,Haskell/Haskell.csv,69,7,Haskell,spectral-norm,False,True,,1.3698299999999999
43.31707763671875,31.41278076171875,0.0,3.31640625,1372.57,Haskell/Haskell.csv,70,7,Haskell,spectral-norm,False,True,,1.3725699999999998
2354.4017333984375,1394.291748046875,0.00262451171875,455.95843505859375,97215.8,JRuby/JRuby.csv,1,1,JRuby,n-body,False,True,,97.2158
13166.145263671875,7557.637512207031,0.0130615234375,1704.072998046875,593552.0,JRuby/JRuby.csv,2,1,JRuby,n-body,False,True,,593.552
2401.3248291015625,1425.8853149414062,0.0032958984375,453.24871826171875,97296.9,JRuby/JRuby.csv,3,1,JRuby,n-body,False,True,,97.2969
2411.6006469726562,1427.3958129882812,0.00213623046875,460.69696044921875,98938.2,JRuby/JRuby.csv,4,1,JRuby,n-body,False,True,,98.9382
2378.063232421875,1410.34814453125,0.0020751953125,453.8551025390625,96969.9,JRuby/JRuby.csv,5,1,JRuby,n-body,False,True,,96.9699
2461.5997314453125,1453.2368774414062,0.00323486328125,463.02685546875,100659.0,JRuby/JRuby.csv,6,1,JRuby,n-body,False,True,,100.659
2423.4749755859375,1434.3099365234375,0.0020751953125,455.7823486328125,98304.1,JRuby/JRuby.csv,7,1,JRuby,n-body,False,True,,98.3041
2440.7883911132812,1444.3388061523438,0.00225830078125,458.11871337890625,99324.5,JRuby/JRuby.csv,8,1,JRuby,n-body,False,True,,99.3245
2423.4754028320312,1434.3846435546875,0.0020751953125,456.909912109375,98753.1,JRuby/JRuby.csv,9,1,JRuby,n-body,False,True,,98.7531
2412.7342529296875,1433.9208374023438,0.003173828125,453.3724365234375,97012.8,JRuby/JRuby.csv,10,1,JRuby,n-body,False,True,,97.0128
738.2586059570312,558.888671875,0.0008544921875,98.99359130859375,18222.4,JRuby/JRuby.csv,11,2,JRuby,binary-trees,False,True,,18.2224
837.7646484375,641.1153564453125,0.0,105.299560546875,20197.1,JRuby/JRuby.csv,12,2,JRuby,binary-trees,False,True,,20.1971
809.7047729492188,613.8265380859375,0.0010986328125,104.60205078125,19758.4,JRuby/JRuby.csv,13,2,JRuby,binary-trees,False,True,,19.7584
790.0344848632812,598.7239379882812,0.0,102.3333740234375,19151.1,JRuby/JRuby.csv,14,2,JRuby,binary-trees,False,True,,19.1511
811.3726806640625,623.1322021484375,0.0013427734375,101.08038330078125,18913.1,JRuby/JRuby.csv,15,2,JRuby,binary-trees,False,True,,18.9131
758.5300903320312,577.0575561523438,0.0,98.44573974609375,17940.0,JRuby/JRuby.csv,16,2,JRuby,binary-trees,False,True,,17.94
823.760986328125,626.3982543945312,0.0,103.575439453125,19637.8,JRuby/JRuby.csv,17,2,JRuby,binary-trees,False,True,,19.6378
865.962890625,663.5338134765625,0.00128173828125,105.8341064453125,20465.1,JRuby/JRuby.csv,18,2,JRuby,binary-trees,False,True,,20.4651
839.6984252929688,639.7000732421875,0.0,104.1748046875,19789.9,JRuby/JRuby.csv,19,2,JRuby,binary-trees,False,True,,19.789900000000003
812.2158813476562,623.6996459960938,0.0009765625,101.09710693359375,18821.7,JRuby/JRuby.csv,20,2,JRuby,binary-trees,False,True,,18.8217
167.28857421875,121.302490234375,0.0,17.63055419921875,4705.4,JRuby/JRuby.csv,21,3,JRuby,reverse-complement,False,True,,4.7054
148.7918701171875,107.50823974609375,0.0,16.08929443359375,4207.57,JRuby/JRuby.csv,22,3,JRuby,reverse-complement,False,True,,4.20757
153.057861328125,110.64971923828125,0.0,16.5125732421875,4326.49,JRuby/JRuby.csv,23,3,JRuby,reverse-complement,False,True,,4.32649
193.0987548828125,139.274658203125,0.0,20.0660400390625,5511.47,JRuby/JRuby.csv,24,3,JRuby,reverse-complement,False,True,,5.51147
157.0224609375,111.96087646484375,0.0,17.0584716796875,4597.53,JRuby/JRuby.csv,25,3,JRuby,reverse-complement,False,True,,4.59753
180.59820556640625,129.39678955078125,0.001220703125,19.3441162109375,5249.06,JRuby/JRuby.csv,26,3,JRuby,reverse-complement,False,True,,5.24906
151.7257080078125,109.71112060546875,0.0,16.41265869140625,4286.36,JRuby/JRuby.csv,27,3,JRuby,reverse-complement,False,True,,4.286359999999999
151.97174072265625,109.1202392578125,0.0,16.44659423828125,4362.9,JRuby/JRuby.csv,28,3,JRuby,reverse-complement,False,True,,4.3629
156.23565673828125,113.24859619140625,0.0,16.6669921875,4382.11,JRuby/JRuby.csv,29,3,JRuby,reverse-complement,False,True,,4.38211
152.03424072265625,109.632080078125,0.0,16.50909423828125,4358.0,JRuby/JRuby.csv,30,3,JRuby,reverse-complement,False,True,,4.358
441.09130859375,314.76434326171875,0.0,35.35858154296875,13466.9,JRuby/JRuby.csv,31,4,JRuby,regex-redux,False,True,,13.466899999999999
434.69146728515625,309.46954345703125,0.001220703125,35.0643310546875,13389.2,JRuby/JRuby.csv,32,4,JRuby,regex-redux,False,True,,13.3892
443.036865234375,316.82647705078125,0.0,35.50250244140625,13531.3,JRuby/JRuby.csv,33,4,JRuby,regex-redux,False,True,,13.5313
439.7528076171875,313.025634765625,0.0,35.35992431640625,13491.0,JRuby/JRuby.csv,34,4,JRuby,regex-redux,False,True,,13.491
455.23260498046875,324.79156494140625,0.001220703125,36.6534423828125,14050.4,JRuby/JRuby.csv,35,4,JRuby,regex-redux,False,True,,14.0504
439.47662353515625,313.70794677734375,0.0,35.21746826171875,13418.1,JRuby/JRuby.csv,36,4,JRuby,regex-redux,False,True,,13.4181
433.607666015625,309.35760498046875,0.0,34.826416015625,13275.4,JRuby/JRuby.csv,37,4,JRuby,regex-redux,False,True,,13.2754
439.7978515625,312.7415771484375,0.001220703125,35.65716552734375,13639.4,JRuby/JRuby.csv,38,4,JRuby,regex-redux,False,True,,13.6394
434.6739501953125,310.5975341796875,0.0,34.7718505859375,13312.6,JRuby/JRuby.csv,39,4,JRuby,regex-redux,False,True,,13.3126
440.96893310546875,313.911376953125,0.0,35.51727294921875,13570.8,JRuby/JRuby.csv,40,4,JRuby,regex-redux,False,True,,13.570799999999998
8611.039184570312,6758.862121582031,0.00653076171875,535.1795654296875,202112.0,JRuby/JRuby.csv,41,5,JRuby,fannkuch-redux,False,True,,202.112
10272.1142578125,8065.0400390625,0.00799560546875,633.1974487304688,242530.0,JRuby/JRuby.csv,42,5,JRuby,fannkuch-redux,False,True,,242.53
9217.058471679688,7104.8450927734375,0.00677490234375,600.4461059570312,229224.0,JRuby/JRuby.csv,43,5,JRuby,fannkuch-redux,False,True,,229.224
9009.847717285156,7001.387878417969,0.0067138671875,574.8204956054688,218654.0,JRuby/JRuby.csv,44,5,JRuby,fannkuch-redux,False,True,,218.654
9060.963012695312,7071.9581298828125,0.0067138671875,570.9730834960938,216679.0,JRuby/JRuby.csv,45,5,JRuby,fannkuch-redux,False,True,,216.679
9745.837829589844,7550.3284912109375,0.0078125,627.3123168945312,240358.0,JRuby/JRuby.csv,46,5,JRuby,fannkuch-redux,False,True,,240.358
8490.632202148438,6778.631042480469,0.005615234375,494.06658935546875,185243.0,JRuby/JRuby.csv,47,5,JRuby,fannkuch-redux,False,True,,185.243
9154.840454101562,7240.258361816406,0.00726318359375,542.7849731445312,205462.0,JRuby/JRuby.csv,48,5,JRuby,fannkuch-redux,False,True,,205.462
9124.366638183594,7129.604919433594,0.0068359375,566.5498657226562,215036.0,JRuby/JRuby.csv,49,5,JRuby,fannkuch-redux,False,True,,215.036
10641.86767578125,8272.369995117188,0.00799560546875,676.788818359375,257363.0,JRuby/JRuby.csv,50,5,JRuby,fannkuch-redux,False,True,,257.363
3214.486083984375,2350.6337280273438,0.0029296875,340.56024169921875,94762.6,JRuby/JRuby.csv,51,6,JRuby,k-nucleotide,False,True,,94.7626
3078.410400390625,2248.5746459960938,0.00225830078125,327.86773681640625,88982.5,JRuby/JRuby.csv,52,6,JRuby,k-nucleotide,False,True,,88.9825
3024.490478515625,2233.7128295898438,0.00238037109375,314.9228515625,84666.6,JRuby/JRuby.csv,53,6,JRuby,k-nucleotide,False,True,,84.6666
3027.1486206054688,2213.134521484375,0.00238037109375,321.07025146484375,87049.3,JRuby/JRuby.csv,54,6,JRuby,k-nucleotide,False,True,,87.0493
3141.0701293945312,2304.9967651367188,0.00244140625,323.39276123046875,88340.1,JRuby/JRuby.csv,55,6,JRuby,k-nucleotide,False,True,,88.3401
2988.9149780273438,2184.3495483398438,0.00250244140625,314.85791015625,84871.5,JRuby/JRuby.csv,56,6,JRuby,k-nucleotide,False,True,,84.8715
3106.9760131835938,2292.1327514648438,0.00244140625,318.55694580078125,85942.6,JRuby/JRuby.csv,57,6,JRuby,k-nucleotide,False,True,,85.9426
3173.96240234375,2300.865234375,0.00244140625,333.133544921875,91821.5,JRuby/JRuby.csv,58,6,JRuby,k-nucleotide,False,True,,91.8215
3154.2009887695312,2306.7587890625,0.00244140625,328.91461181640625,90482.2,JRuby/JRuby.csv,59,6,JRuby,k-nucleotide,False,True,,90.48219999999999
3114.5266723632812,2259.1978759765625,0.00238037109375,329.445068359375,90900.3,JRuby/JRuby.csv,60,6,JRuby,k-nucleotide,False,True,,90.9003
-253073.638671875,6808.765625,0.006591796875,1388.9823608398438,217444.0,JRuby/JRuby.csv,61,7,JRuby,mandelbrot,False,False,negative_energy|invalid_package,217.444
9266.295654296875,-255161.13275146484,0.007568359375,1425.6971435546875,216855.0,JRuby/JRuby.csv,62,7,JRuby,mandelbrot,False,False,negative_energy,216.855
9169.507934570312,6890.936950683594,0.00732421875,1423.2613525390625,216181.0,JRuby/JRuby.csv,63,7,JRuby,mandelbrot,False,True,,216.181
9216.485290527344,6933.0997314453125,0.0072021484375,1377.8790893554688,218040.0,JRuby/JRuby.csv,64,7,JRuby,mandelbrot,False,True,,218.04
10068.630615234375,7730.1180419921875,0.007568359375,1433.4545288085938,217524.0,JRuby/JRuby.csv,65,7,JRuby,mandelbrot,False,True,,217.524
9280.071350097656,6992.931396484375,0.00732421875,1426.486572265625,217791.0,JRuby/JRuby.csv,66,7,JRuby,mandelbrot,False,True,,217.791
9212.548278808594,6931.52685546875,0.00732421875,1376.503662109375,217700.0,JRuby/JRuby.csv,67,7,JRuby,mandelbrot,False,True,,217.7
9445.054992675781,7150.96875,0.007568359375,1418.2007446289062,216430.0,JRuby/JRuby.csv,68,7,JRuby,mandelbrot,False,True,,216.43
9222.581420898438,6939.7939453125,0.0072021484375,1398.406494140625,217112.0,JRuby/JRuby.csv,69,7,JRuby,mandelbrot,False,True,,217.112
9423.920043945312,7129.823425292969,0.00714111328125,1423.8091430664062,216571.0,JRuby/JRuby.csv,70,7,JRuby,mandelbrot,False,True,,216.571
202.8299560546875,124.9598388671875,0.0008544921875,27.0504150390625,8343.66,JRuby/JRuby.csv,71,8,JRuby,pidigits,False,True,,8.34366
195.1226806640625,119.010009765625,0.0,26.1551513671875,8109.47,JRuby/JRuby.csv,72,8,JRuby,pidigits,False,True,,8.10947
201.18597412109375,122.7022705078125,0.0,26.79010009765625,8291.59,JRuby/JRuby.csv,73,8,JRuby,pidigits,False,True,,8.29159
187.3721923828125,111.64141845703125,0.0,25.81280517578125,8040.04,JRuby/JRuby.csv,74,8,JRuby,pidigits,False,True,,8.04004
188.7628173828125,113.3629150390625,0.0,25.79052734375,8008.7,JRuby/JRuby.csv,75,8,JRuby,pidigits,False,True,,8.0087
222.75836181640625,143.89312744140625,0.0,27.4859619140625,8380.23,JRuby/JRuby.csv,76,8,JRuby,pidigits,False,True,,8.38023
209.023193359375,130.74090576171875,0.0009765625,27.10260009765625,8315.79,JRuby/JRuby.csv,77,8,JRuby,pidigits,False,True,,8.315790000000002
208.25836181640625,130.87933349609375,0.0,27.04412841796875,8212.46,JRuby/JRuby.csv,78,8,JRuby,pidigits,False,True,,8.212459999999998
191.340576171875,114.44775390625,0.0,26.2442626953125,8129.42,JRuby/JRuby.csv,79,8,JRuby,pidigits,False,True,,8.12942
191.517333984375,113.974365234375,0.0,26.19183349609375,8176.14,JRuby/JRuby.csv,80,8,JRuby,pidigits,False,True,,8.17614
1250.2054443359375,760.7158813476562,0.0009765625,137.3963623046875,49395.4,JRuby/JRuby.csv,81,9,JRuby,fasta,False,True,,49.3954
1254.0885620117188,763.1361694335938,0.002197265625,137.5738525390625,49386.1,JRuby/JRuby.csv,82,9,JRuby,fasta,False,True,,49.3861
1262.1995239257812,771.24072265625,0.00103759765625,137.02947998046875,49199.9,JRuby/JRuby.csv,83,9,JRuby,fasta,False,True,,49.1999
1298.7202758789062,791.4375610351562,0.0010986328125,140.330322265625,50525.7,JRuby/JRuby.csv,84,9,JRuby,fasta,False,True,,50.5257
1273.3250732421875,779.215087890625,0.0010986328125,137.3563232421875,49367.6,JRuby/JRuby.csv,85,9,JRuby,fasta,False,True,,49.367599999999996
1254.8156127929688,767.0808715820312,0.00115966796875,136.12164306640625,48775.8,JRuby/JRuby.csv,86,9,JRuby,fasta,False,True,,48.775800000000004
1273.2597045898438,775.2633056640625,0.00115966796875,137.63818359375,49394.0,JRuby/JRuby.csv,87,9,JRuby,fasta,False,True,,49.394
1271.924072265625,776.759033203125,0.00225830078125,137.79791259765625,49457.0,JRuby/JRuby.csv,88,9,JRuby,fasta,False,True,,49.457
1323.902099609375,807.5449829101562,0.0010986328125,142.30645751953125,51398.3,JRuby/JRuby.csv,89,9,JRuby,fasta,False,True,,51.398300000000006
1278.2931518554688,776.51513671875,0.00115966796875,138.9462890625,49965.4,JRuby/JRuby.csv,90,9,JRuby,fasta,False,True,,49.9654
1850.8507690429688,1025.6346435546875,0.0020751953125,386.61480712890625,79331.2,JRuby/JRuby.csv,91,10,JRuby,spectral-norm,False,True,,79.3312
1842.4658203125,1020.2916259765625,0.00213623046875,388.9788818359375,79032.1,JRuby/JRuby.csv,92,10,JRuby,spectral-norm,False,True,,79.0321
1851.35546875,1028.0346069335938,0.00213623046875,386.98541259765625,79367.3,JRuby/JRuby.csv,93,10,JRuby,spectral-norm,False,True,,79.3673
1848.331787109375,1028.5277099609375,0.00103759765625,385.34283447265625,78964.3,JRuby/JRuby.csv,94,10,JRuby,spectral-norm,False,True,,78.96430000000001
1891.0794677734375,1074.5866088867188,0.0023193359375,388.97406005859375,79938.1,JRuby/JRuby.csv,95,10,JRuby,spectral-norm,False,True,,79.9381
1874.3684692382812,1040.2923583984375,0.0020751953125,395.8873291015625,79757.1,JRuby/JRuby.csv,96,10,JRuby,spectral-norm,False,True,,79.75710000000001
1840.287353515625,1021.6756591796875,0.00213623046875,384.6529541015625,78986.6,JRuby/JRuby.csv,97,10,JRuby,spectral-norm,False,True,,78.98660000000001
1862.8428344726562,1032.0626220703125,0.002197265625,393.00616455078125,79587.4,JRuby/JRuby.csv,98,10,JRuby,spectral-norm,False,True,,79.58739999999999
1886.98974609375,1047.0150146484375,0.00213623046875,388.09637451171875,80388.1,JRuby/JRuby.csv,99,10,JRuby,spectral-norm,False,True,,80.38810000000001
1858.9427490234375,1031.81103515625,0.0010986328125,385.13861083984375,79212.0,JRuby/JRuby.csv,100,10,JRuby,spectral-norm,False,True,,79.212
2455.4967041015625,1451.152587890625,0.00360107421875,457.763671875,98783.4,JRuby/JRuby.csv,101,11,JRuby,n-body,False,True,,98.7834
2438.1434936523438,1447.2694702148438,0.00225830078125,455.21844482421875,97975.5,JRuby/JRuby.csv,102,11,JRuby,n-body,False,True,,97.9755
13091.206237792969,7512.440673828125,0.01458740234375,1692.4816284179688,590154.0,JRuby/JRuby.csv,103,11,JRuby,n-body,False,True,,590.154
2409.6898193359375,-260716.8325805664,0.002197265625,455.5760498046875,97966.0,JRuby/JRuby.csv,104,11,JRuby,n-body,False,False,negative_energy,97.966
2396.243408203125,1422.9771118164062,0.0023193359375,452.68048095703125,96693.3,JRuby/JRuby.csv,105,11,JRuby,n-body,False,True,,96.69330000000001
2410.8256225585938,1433.4273071289062,0.00225830078125,452.81585693359375,96726.4,JRuby/JRuby.csv,106,11,JRuby,n-body,False,True,,96.7264
2413.089111328125,1432.8500366210938,0.00360107421875,453.46807861328125,97089.8,JRuby/JRuby.csv,107,11,JRuby,n-body,False,True,,97.0898
2438.678955078125,1450.8676147460938,0.00225830078125,454.2747802734375,97183.6,JRuby/JRuby.csv,108,11,JRuby,n-body,False,True,,97.18360000000001
2399.97900390625,1426.0072021484375,0.0023193359375,452.674072265625,96623.2,JRuby/JRuby.csv,109,11,JRuby,n-body,False,True,,96.6232
2434.9616088867188,1442.4524536132812,0.00244140625,460.89129638671875,98489.1,JRuby/JRuby.csv,110,11,JRuby,n-body,False,True,,98.48910000000001
805.2232666015625,610.7752685546875,0.0,102.84423828125,19392.7,JRuby/JRuby.csv,111,12,JRuby,binary-trees,False,True,,19.3927
766.8485717773438,582.6011962890625,0.0,99.76983642578125,18192.8,JRuby/JRuby.csv,112,12,JRuby,binary-trees,False,True,,18.1928
826.7014770507812,628.195556640625,0.00128173828125,103.3974609375,19742.0,JRuby/JRuby.csv,113,12,JRuby,binary-trees,False,True,,19.742
796.1563720703125,604.6343383789062,0.0,101.26312255859375,18885.8,JRuby/JRuby.csv,114,12,JRuby,binary-trees,False,True,,18.8858
879.1865844726562,674.5091552734375,0.00140380859375,105.82354736328125,20380.3,JRuby/JRuby.csv,115,12,JRuby,binary-trees,False,True,,20.3803
815.8614501953125,620.3228759765625,0.0,103.063232421875,19195.1,JRuby/JRuby.csv,116,12,JRuby,binary-trees,False,True,,19.1951
839.7081298828125,637.9168090820312,0.00146484375,103.99603271484375,19920.8,JRuby/JRuby.csv,117,12,JRuby,binary-trees,False,True,,19.9208
834.5292358398438,635.0386352539062,0.0,103.455078125,19589.1,JRuby/JRuby.csv,118,12,JRuby,binary-trees,False,True,,19.5891
818.132080078125,622.731689453125,0.00146484375,102.527099609375,19162.5,JRuby/JRuby.csv,119,12,JRuby,binary-trees,False,True,,19.1625
832.2608032226562,639.191162109375,0.0,101.7984619140625,19210.7,JRuby/JRuby.csv,120,12,JRuby,binary-trees,False,True,,19.2107
174.2158203125,119.0634765625,0.0,20.1536865234375,5685.15,JRuby/JRuby.csv,121,13,JRuby,reverse-complement,False,True,,5.685149999999999
156.1248779296875,113.0169677734375,0.0,16.858642578125,4397.53,JRuby/JRuby.csv,122,13,JRuby,reverse-complement,False,True,,4.39753
158.22674560546875,114.36883544921875,0.00140380859375,16.8031005859375,4471.63,JRuby/JRuby.csv,123,13,JRuby,reverse-complement,False,True,,4.47163
148.01904296875,106.0782470703125,0.0,16.14678955078125,4269.04,JRuby/JRuby.csv,124,13,JRuby,reverse-complement,False,True,,4.26904
163.50091552734375,118.50970458984375,0.0,17.31781005859375,4549.25,JRuby/JRuby.csv,125,13,JRuby,reverse-complement,False,True,,4.54925
166.79693603515625,119.7288818359375,0.0,17.879150390625,4803.9,JRuby/JRuby.csv,126,13,JRuby,reverse-complement,False,True,,4.8039
165.3935546875,119.68951416015625,0.0,17.2879638671875,4639.76,JRuby/JRuby.csv,127,13,JRuby,reverse-complement,False,True,,4.63976
159.468017578125,115.46405029296875,0.0,16.8232421875,4472.69,JRuby/JRuby.csv,128,13,JRuby,reverse-complement,False,True,,4.472689999999999
162.4764404296875,117.64581298828125,0.0,17.1844482421875,4498.8,JRuby/JRuby.csv,129,13,JRuby,reverse-complement,False,True,,4.4988
170.51385498046875,122.712890625,0.0,18.0029296875,4872.3,JRuby/JRuby.csv,130,13,JRuby,reverse-complement,False,True,,4.8723
441.40643310546875,313.387939453125,0.0013427734375,35.6444091796875,13598.3,JRuby/JRuby.csv,131,14,JRuby,regex-redux,False,True,,13.5983
442.88201904296875,316.2169189453125,0.0,35.3448486328125,13486.2,JRuby/JRuby.csv,132,14,JRuby,regex-redux,False,True,,13.4862
440.95611572265625,314.44964599609375,0.0,35.17071533203125,13420.4,JRuby/JRuby.csv,133,14,JRuby,regex-redux,False,True,,13.420399999999999
444.61077880859375,316.73193359375,0.0013427734375,35.640380859375,13598.0,JRuby/JRuby.csv,134,14,JRuby,regex-redux,False,True,,13.598
440.69720458984375,314.26416015625,0.0,35.26995849609375,13445.1,JRuby/JRuby.csv,135,14,JRuby,regex-redux,False,True,,13.4451
445.01031494140625,317.81036376953125,0.0,35.62860107421875,13605.5,JRuby/JRuby.csv,136,14,JRuby,regex-redux,False,True,,13.6055
447.138671875,319.23101806640625,0.00128173828125,35.61529541015625,13645.3,JRuby/JRuby.csv,137,14,JRuby,regex-redux,False,True,,13.645299999999999
442.00390625,313.916015625,0.0,35.74481201171875,13677.5,JRuby/JRuby.csv,138,14,JRuby,regex-redux,False,True,,13.6775
443.52984619140625,315.90826416015625,0.0,35.77435302734375,13642.4,JRuby/JRuby.csv,139,14,JRuby,regex-redux,False,True,,13.6424
440.20111083984375,313.67523193359375,0.00128173828125,35.2896728515625,13499.6,JRuby/JRuby.csv,140,14,JRuby,regex-redux,False,True,,13.499600000000001
8518.062438964844,6697.913879394531,0.00555419921875,527.7431640625,198920.0,JRuby/JRuby.csv,141,15,JRuby,fannkuch-redux,False,True,,198.92
9993.081604003906,7852.034606933594,0.0084228515625,612.4434814453125,233921.0,JRuby/JRuby.csv,142,15,JRuby,fannkuch-redux,False,True,,233.921
9674.210571289062,7480.079895019531,0.007080078125,623.8478393554688,238786.0,JRuby/JRuby.csv,143,15,JRuby,fannkuch-redux,False,True,,238.786
9446.580505371094,7386.661437988281,0.00701904296875,586.850341796875,223346.0,JRuby/JRuby.csv,144,15,JRuby,fannkuch-redux,False,True,,223.346
-253098.28979492188,7064.886291503906,0.0068359375,569.1738891601562,216174.0,JRuby/JRuby.csv,145,15,JRuby,fannkuch-redux,False,False,negative_energy|invalid_package,216.174
10121.310913085938,7891.3944091796875,0.00830078125,633.6990356445312,242744.0,JRuby/JRuby.csv,146,15,JRuby,fannkuch-redux,False,True,,242.744
9333.188110351562,7383.38623046875,0.00738525390625,552.7474975585938,209580.0,JRuby/JRuby.csv,147,15,JRuby,fannkuch-redux,False,True,,209.58
8705.730590820312,6948.145751953125,0.0059814453125,505.78045654296875,189786.0,JRuby/JRuby.csv,148,15,JRuby,fannkuch-redux,False,True,,189.786
10117.8974609375,7961.084533691406,0.00848388671875,614.9559936523438,234939.0,JRuby/JRuby.csv,149,15,JRuby,fannkuch-redux,False,True,,234.939
8534.773376464844,6680.31787109375,0.00592041015625,528.9559326171875,199421.0,JRuby/JRuby.csv,150,15,JRuby,fannkuch-redux,False,True,,199.421
3098.2848510742188,2272.2299194335938,0.00262451171875,321.33770751953125,86948.0,JRuby/JRuby.csv,151,16,JRuby,k-nucleotide,False,True,,86.948
3075.1666870117188,2259.982177734375,0.00262451171875,317.96392822265625,85811.3,JRuby/JRuby.csv,152,16,JRuby,k-nucleotide,False,True,,85.8113
3020.7345581054688,2185.038330078125,0.0025634765625,320.62158203125,87702.1,JRuby/JRuby.csv,153,16,JRuby,k-nucleotide,False,True,,87.7021
3130.3941040039062,2296.1024169921875,0.0025634765625,323.7703857421875,88214.6,JRuby/JRuby.csv,154,16,JRuby,k-nucleotide,False,True,,88.2146
3051.549560546875,2215.8789672851562,0.00262451171875,321.4351806640625,87350.7,JRuby/JRuby.csv,155,16,JRuby,k-nucleotide,False,True,,87.3507
3064.996826171875,2250.6798706054688,0.0025634765625,318.9925537109375,86372.6,JRuby/JRuby.csv,156,16,JRuby,k-nucleotide,False,True,,86.3726
3091.8983764648438,2254.9618530273438,0.00274658203125,321.3011474609375,87469.9,JRuby/JRuby.csv,157,16,JRuby,k-nucleotide,False,True,,87.4699
3093.3229370117188,2290.1721801757812,0.0025634765625,315.80035400390625,84903.9,JRuby/JRuby.csv,158,16,JRuby,k-nucleotide,False,True,,84.9039
3039.4168090820312,2234.2722778320312,0.0025634765625,316.36822509765625,85121.2,JRuby/JRuby.csv,159,16,JRuby,k-nucleotide,False,True,,85.1212
2959.4830322265625,2163.658203125,0.00262451171875,310.32098388671875,82878.4,JRuby/JRuby.csv,160,16,JRuby,k-nucleotide,False,True,,82.8784
9144.869750976562,6870.2244873046875,0.0072021484375,1399.785400390625,217576.0,JRuby/JRuby.csv,161,17,JRuby,mandelbrot,False,True,,217.576
9441.50732421875,7148.01806640625,0.00775146484375,1425.7665405273438,216469.0,JRuby/JRuby.csv,162,17,JRuby,mandelbrot,False,True,,216.469
9295.821594238281,7000.005798339844,0.00732421875,1395.017578125,218215.0,JRuby/JRuby.csv,163,17,JRuby,mandelbrot,False,True,,218.215
9198.938659667969,6917.753479003906,0.0074462890625,1423.5452880859375,216436.0,JRuby/JRuby.csv,164,17,JRuby,mandelbrot,False,True,,216.436
10070.572387695312,7720.6632080078125,0.00787353515625,1404.6295776367188,218201.0,JRuby/JRuby.csv,165,17,JRuby,mandelbrot,False,True,,218.201
9293.34912109375,6991.639953613281,0.00738525390625,1426.4650268554688,216728.0,JRuby/JRuby.csv,166,17,JRuby,mandelbrot,False,True,,216.728
9271.287231445312,6979.580261230469,0.007080078125,1419.2884521484375,216406.0,JRuby/JRuby.csv,167,17,JRuby,mandelbrot,False,True,,216.406
9342.04345703125,7044.766906738281,0.00738525390625,1411.97412109375,218470.0,JRuby/JRuby.csv,168,17,JRuby,mandelbrot,False,True,,218.47
9258.971374511719,6971.674499511719,0.0074462890625,1423.35205078125,216124.0,JRuby/JRuby.csv,169,17,JRuby,mandelbrot,False,True,,216.124
9267.006469726562,6976.043701171875,0.00860595703125,1412.4636840820312,217347.0,JRuby/JRuby.csv,170,17,JRuby,mandelbrot,False,True,,217.347
198.26898193359375,119.4110107421875,0.0013427734375,25.64666748046875,7980.31,JRuby/JRuby.csv,171,18,JRuby,pidigits,False,True,,7.98031
196.920654296875,118.8212890625,0.0,25.47967529296875,7928.82,JRuby/JRuby.csv,172,18,JRuby,pidigits,False,True,,7.92882
211.58050537109375,132.05419921875,0.0,25.9420166015625,8038.57,JRuby/JRuby.csv,173,18,JRuby,pidigits,False,True,,8.03857
199.63519287109375,119.57562255859375,0.0,25.96514892578125,8124.31,JRuby/JRuby.csv,174,18,JRuby,pidigits,False,True,,8.124310000000001
199.28594970703125,120.12957763671875,0.0,25.88043212890625,8053.02,JRuby/JRuby.csv,175,18,JRuby,pidigits,False,True,,8.05302
198.525390625,119.40130615234375,0.0,25.8531494140625,8100.09,JRuby/JRuby.csv,176,18,JRuby,pidigits,False,True,,8.10009
218.75469970703125,136.38238525390625,0.00103759765625,27.16229248046875,8404.77,JRuby/JRuby.csv,177,18,JRuby,pidigits,False,True,,8.404770000000001
217.65594482421875,137.5780029296875,0.0,26.76409912109375,8225.92,JRuby/JRuby.csv,178,18,JRuby,pidigits,False,True,,8.22592
195.33575439453125,117.662109375,0.0,25.50640869140625,7924.57,JRuby/JRuby.csv,179,18,JRuby,pidigits,False,True,,7.92457
220.7098388671875,140.07586669921875,0.0,26.88616943359375,8261.23,JRuby/JRuby.csv,180,18,JRuby,pidigits,False,True,,8.26123
1321.9981079101562,808.9490966796875,0.00146484375,139.25750732421875,50258.9,JRuby/JRuby.csv,181,19,JRuby,fasta,False,True,,50.258900000000004
1313.089599609375,801.710693359375,0.00238037109375,138.987060546875,50107.1,JRuby/JRuby.csv,182,19,JRuby,fasta,False,True,,50.107099999999996
1306.1119384765625,800.4928588867188,0.00128173828125,138.45556640625,49938.8,JRuby/JRuby.csv,183,19,JRuby,fasta,False,True,,49.9388
1299.8456420898438,796.6041870117188,0.001220703125,137.86602783203125,49662.7,JRuby/JRuby.csv,184,19,JRuby,fasta,False,True,,49.662699999999994
1308.6461791992188,799.0949096679688,0.001220703125,139.58984375,50440.8,JRuby/JRuby.csv,185,19,JRuby,fasta,False,True,,50.4408
1282.1969604492188,784.69580078125,0.001220703125,137.22845458984375,49444.1,JRuby/JRuby.csv,186,19,JRuby,fasta,False,True,,49.4441
1299.0989379882812,794.045654296875,0.00128173828125,138.885986328125,49991.1,JRuby/JRuby.csv,187,19,JRuby,fasta,False,True,,49.991099999999996
1308.0853881835938,797.815185546875,0.0023193359375,139.03375244140625,50103.5,JRuby/JRuby.csv,188,19,JRuby,fasta,False,True,,50.1035
1293.4721069335938,790.586181640625,0.001220703125,137.64935302734375,49504.7,JRuby/JRuby.csv,189,19,JRuby,fasta,False,True,,49.5047
1292.0820922851562,792.0988159179688,0.0013427734375,137.88128662109375,49715.2,JRuby/JRuby.csv,190,19,JRuby,fasta,False,True,,49.715199999999996
1888.8917236328125,1049.2945556640625,0.00244140625,385.26922607421875,79289.1,JRuby/JRuby.csv,191,20,JRuby,spectral-norm,False,True,,79.2891
1878.108642578125,1041.1267700195312,0.00225830078125,387.89019775390625,79415.5,JRuby/JRuby.csv,192,20,JRuby,spectral-norm,False,True,,79.4155
1870.9707641601562,1040.4881591796875,0.00238037109375,386.37445068359375,79240.8,JRuby/JRuby.csv,193,20,JRuby,spectral-norm,False,True,,79.24080000000001
1901.5702514648438,1053.5383911132812,0.002197265625,390.48321533203125,81066.8,JRuby/JRuby.csv,194,20,JRuby,spectral-norm,False,True,,81.0668
1871.6574096679688,1037.8651733398438,0.00115966796875,388.56781005859375,79082.7,JRuby/JRuby.csv,195,20,JRuby,spectral-norm,False,True,,79.0827
1894.7727661132812,1073.5451049804688,0.00225830078125,387.094482421875,79466.3,JRuby/JRuby.csv,196,20,JRuby,spectral-norm,False,True,,79.4663
1869.54833984375,1038.0547485351562,0.002197265625,384.75616455078125,78811.3,JRuby/JRuby.csv,197,20,JRuby,spectral-norm,False,True,,78.8113
1876.716064453125,1042.6569213867188,0.0023193359375,386.63818359375,79684.5,JRuby/JRuby.csv,198,20,JRuby,spectral-norm,False,True,,79.6845
1857.6273193359375,1031.2815551757812,0.00244140625,384.11273193359375,78685.9,JRuby/JRuby.csv,199,20,JRuby,spectral-norm,False,True,,78.68589999999999
1860.5711059570312,1032.0900268554688,0.00225830078125,385.7476806640625,79277.8,JRuby/JRuby.csv,200,20,JRuby,spectral-norm,False,True,,79.2778
75.74041748046875,63.23089599609375,,,4117.37,Java-GraalVM/GraalVM.csv,2,1,Java-GraalVM,binary-trees,False,True,,4.11737
72.64825439453125,59.5963134765625,,,4302.81,Java-GraalVM/GraalVM.csv,3,1,Java-GraalVM,binary-trees,False,True,,4.30281
73.84735107421875,61.1536865234375,,,4153.03,Java-GraalVM/GraalVM.csv,4,1,Java-GraalVM,binary-trees,False,True,,4.153029999999999
83.2935791015625,62.237060546875,,,4238.07,Java-GraalVM/GraalVM.csv,5,1,Java-GraalVM,binary-trees,False,True,,4.23807
81.59576416015625,54.41943359375,,,4346.39,Java-GraalVM/GraalVM.csv,6,1,Java-GraalVM,binary-trees,False,True,,4.34639
72.20556640625,59.14794921875,,,4231.88,Java-GraalVM/GraalVM.csv,7,1,Java-GraalVM,binary-trees,False,True,,4.23188
71.9371337890625,58.9622802734375,,,4183.55,Java-GraalVM/GraalVM.csv,8,1,Java-GraalVM,binary-trees,False,True,,4.18355
75.229248046875,61.69000244140625,,,4253.31,Java-GraalVM/GraalVM.csv,9,1,Java-GraalVM,binary-trees,False,True,,4.253310000000001
73.95086669921875,60.40032958984375,,,4205.85,Java-GraalVM/GraalVM.csv,10,1,Java-GraalVM,binary-trees,False,True,,4.205850000000001
73.9566650390625,60.344482421875,,,4214.42,Java-GraalVM/GraalVM.csv,11,1,Java-GraalVM,binary-trees,False,True,,4.2144200000000005
79.41845703125,66.9100341796875,,,4121.35,Java-GraalVM/GraalVM.csv,12,1,Java-GraalVM,binary-trees,False,True,,4.1213500000000005
81.76593017578125,68.87469482421875,,,4145.1,Java-GraalVM/GraalVM.csv,13,1,Java-GraalVM,binary-trees,False,True,,4.1451
79.9110107421875,67.34393310546875,,,4082.83,Java-GraalVM/GraalVM.csv,14,1,Java-GraalVM,binary-trees,False,True,,4.0828299999999995
78.8499755859375,66.1219482421875,,,4085.07,Java-GraalVM/GraalVM.csv,15,1,Java-GraalVM,binary-trees,False,True,,4.08507
78.96795654296875,66.0035400390625,,,4163.52,Java-GraalVM/GraalVM.csv,16,1,Java-GraalVM,binary-trees,False,True,,4.16352
76.79632568359375,63.79046630859375,,,4146.46,Java-GraalVM/GraalVM.csv,17,1,Java-GraalVM,binary-trees,False,True,,4.14646
75.047607421875,61.92919921875,,,4093.81,Java-GraalVM/GraalVM.csv,18,1,Java-GraalVM,binary-trees,False,True,,4.0938099999999995
77.5406494140625,64.10302734375,,,4183.0,Java-GraalVM/GraalVM.csv,19,1,Java-GraalVM,binary-trees,False,True,,4.183
75.9425048828125,62.7059326171875,,,4111.12,Java-GraalVM/GraalVM.csv,20,1,Java-GraalVM,binary-trees,False,True,,4.11112
79.697021484375,65.86407470703125,,,4223.47,Java-GraalVM/GraalVM.csv,21,1,Java-GraalVM,binary-trees,False,True,,4.22347
0.00494384765625,0.00396728515625,,,1.16,Java-GraalVM/GraalVM.csv,22,2,Java-GraalVM,regex-redux,False,True,short_time,0.00116
0.00628662109375,0.00213623046875,,,0.797,Java-GraalVM/GraalVM.csv,23,2,Java-GraalVM,regex-redux,False,True,short_time,0.0007970000000000001
0.006103515625,0.00225830078125,,,0.82,Java-GraalVM/GraalVM.csv,24,2,Java-GraalVM,regex-redux,False,True,short_time,0.00082
0.0,0.00274658203125,,,0.886,Java-GraalVM/GraalVM.csv,25,2,Java-GraalVM,regex-redux,False,False,invalid_package|short_time,0.000886
0.00634765625,0.00384521484375,,,0.844,Java-GraalVM/GraalVM.csv,26,2,Java-GraalVM,regex-redux,False,True,short_time,0.000844
0.00714111328125,0.00341796875,,,0.855,Java-GraalVM/GraalVM.csv,27,2,Java-GraalVM,regex-redux,False,True,short_time,0.000855
0.00714111328125,0.00311279296875,,,1.016,Java-GraalVM/GraalVM.csv,28,2,Java-GraalVM,regex-redux,False,True,short_time,0.001016
0.00555419921875,0.00360107421875,,,0.972,Java-GraalVM/GraalVM.csv,29,2,Java-GraalVM,regex-redux,False,True,short_time,0.000972
0.0062255859375,0.00323486328125,,,0.92,Java-GraalVM/GraalVM.csv,30,2,Java-GraalVM,regex-redux,False,True,short_time,0.00092
0.00537109375,0.003173828125,,,0.911,Java-GraalVM/GraalVM.csv,31,2,Java-GraalVM,regex-redux,False,True,short_time,0.000911
80.85650634765625,71.4390869140625,,,3605.18,Java-GraalVM/GraalVM.csv,32,3,Java-GraalVM,mandelbrot,False,True,,3.60518
70.71978759765625,61.54315185546875,,,3627.09,Java-GraalVM/GraalVM.csv,33,3,Java-GraalVM,mandelbrot,False,True,,3.62709
69.966796875,61.28173828125,,,3594.95,Java-GraalVM/GraalVM.csv,34,3,Java-GraalVM,mandelbrot,False,True,,3.59495
67.61883544921875,60.5679931640625,,,3473.27,Java-GraalVM/GraalVM.csv,35,3,Java-GraalVM,mandelbrot,False,True,,3.47327
68.92059326171875,61.74212646484375,,,3542.72,Java-GraalVM/GraalVM.csv,36,3,Java-GraalVM,mandelbrot,False,True,,3.5427199999999996
69.68603515625,62.43109130859375,,,3581.55,Java-GraalVM/GraalVM.csv,37,3,Java-GraalVM,mandelbrot,False,True,,3.58155
67.9788818359375,60.7542724609375,,,3490.91,Java-GraalVM/GraalVM.csv,38,3,Java-GraalVM,mandelbrot,False,True,,3.49091
68.10546875,60.69146728515625,,,3500.7,Java-GraalVM/GraalVM.csv,39,3,Java-GraalVM,mandelbrot,False,True,,3.5006999999999997
69.89678955078125,62.270751953125,,,3589.54,Java-GraalVM/GraalVM.csv,40,3,Java-GraalVM,mandelbrot,False,True,,3.58954
69.66778564453125,60.52813720703125,,,3578.98,Java-GraalVM/GraalVM.csv,41,3,Java-GraalVM,mandelbrot,False,True,,3.57898
74.45318603515625,62.37249755859375,,,4075.78,Java-GraalVM/GraalVM.csv,42,4,Java-GraalVM,binary-trees,False,True,,4.07578
74.09423828125,61.62701416015625,,,4108.3,Java-GraalVM/GraalVM.csv,43,4,Java-GraalVM,binary-trees,False,True,,4.1083
72.9783935546875,61.6160888671875,,,4174.61,Java-GraalVM/GraalVM.csv,44,4,Java-GraalVM,binary-trees,False,True,,4.1746099999999995
74.07275390625,63.21466064453125,,,4080.43,Java-GraalVM/GraalVM.csv,45,4,Java-GraalVM,binary-trees,False,True,,4.08043
74.80340576171875,63.90716552734375,,,4089.22,Java-GraalVM/GraalVM.csv,46,4,Java-GraalVM,binary-trees,False,True,,4.08922
74.09490966796875,63.3583984375,,,4023.85,Java-GraalVM/GraalVM.csv,47,4,Java-GraalVM,binary-trees,False,True,,4.0238499999999995
72.911865234375,61.99432373046875,,,4100.27,Java-GraalVM/GraalVM.csv,48,4,Java-GraalVM,binary-trees,False,True,,4.10027
73.51947021484375,62.56591796875,,,4111.48,Java-GraalVM/GraalVM.csv,49,4,Java-GraalVM,binary-trees,False,True,,4.111479999999999
71.98040771484375,61.09283447265625,,,4090.57,Java-GraalVM/GraalVM.csv,50,4,Java-GraalVM,binary-trees,False,True,,4.0905700000000005
72.5467529296875,61.51177978515625,,,4150.01,Java-GraalVM/GraalVM.csv,51,4,Java-GraalVM,binary-trees,False,True,,4.15001
0.005859375,0.002197265625,,,0.872,Java-GraalVM/GraalVM.csv,52,5,Java-GraalVM,reverse-complement,False,True,short_time,0.0008719999999999999
0.006103515625,0.00201416015625,,,0.779,Java-GraalVM/GraalVM.csv,53,5,Java-GraalVM,reverse-complement,False,True,short_time,0.0007790000000000001
0.0,0.00225830078125,,,0.749,Java-GraalVM/GraalVM.csv,54,5,Java-GraalVM,reverse-complement,False,False,invalid_package|short_time,0.000749
0.005615234375,0.00213623046875,,,0.879,Java-GraalVM/GraalVM.csv,55,5,Java-GraalVM,reverse-complement,False,True,short_time,0.000879
0.0048828125,0.0020751953125,,,0.85,Java-GraalVM/GraalVM.csv,56,5,Java-GraalVM,reverse-complement,False,True,short_time,0.00085
0.0048828125,0.001708984375,,,0.844,Java-GraalVM/GraalVM.csv,57,5,Java-GraalVM,reverse-complement,False,True,short_time,0.000844
0.00433349609375,0.0020751953125,,,0.874,Java-GraalVM/GraalVM.csv,58,5,Java-GraalVM,reverse-complement,False,True,short_time,0.000874
0.00457763671875,0.0020751953125,,,0.904,Java-GraalVM/GraalVM.csv,59,5,Java-GraalVM,reverse-complement,False,True,short_time,0.0009040000000000001
0.0045166015625,0.00189208984375,,,0.978,Java-GraalVM/GraalVM.csv,60,5,Java-GraalVM,reverse-complement,False,True,short_time,0.000978
0.00360107421875,0.00213623046875,,,1.068,Java-GraalVM/GraalVM.csv,61,5,Java-GraalVM,reverse-complement,False,True,short_time,0.0010680000000000002
34.37261962890625,31.05816650390625,,,1277.02,Java-GraalVM/GraalVM.csv,62,6,Java-GraalVM,spectral-norm,False,True,,1.27702
27.6815185546875,24.0654296875,,,1413.92,Java-GraalVM/GraalVM.csv,63,6,Java-GraalVM,spectral-norm,False,True,,1.41392
27.053955078125,23.90557861328125,,,1387.25,Java-GraalVM/GraalVM.csv,64,6,Java-GraalVM,spectral-norm,False,True,,1.38725
26.82171630859375,23.9083251953125,,,1375.97,Java-GraalVM/GraalVM.csv,65,6,Java-GraalVM,spectral-norm,False,True,,1.3759700000000001
26.9881591796875,24.04364013671875,,,1387.56,Java-GraalVM/GraalVM.csv,66,6,Java-GraalVM,spectral-norm,False,True,,1.38756
26.94586181640625,24.015625,,,1383.42,Java-GraalVM/GraalVM.csv,67,6,Java-GraalVM,spectral-norm,False,True,,1.38342
26.650146484375,23.7415771484375,,,1368.83,Java-GraalVM/GraalVM.csv,68,6,Java-GraalVM,spectral-norm,False,True,,1.36883
26.638916015625,23.74591064453125,,,1368.58,Java-GraalVM/GraalVM.csv,69,6,Java-GraalVM,spectral-norm,False,True,,1.36858
27.04901123046875,24.093994140625,,,1390.24,Java-GraalVM/GraalVM.csv,70,6,Java-GraalVM,spectral-norm,False,True,,1.39024
26.978515625,24.03973388671875,,,1386.86,Java-GraalVM/GraalVM.csv,71,6,Java-GraalVM,spectral-norm,False,True,,1.38686
75.42291259765625,65.83624267578125,,,3760.24,Java-GraalVM/GraalVM.csv,72,7,Java-GraalVM,n-body,False,True,,3.7602399999999996
70.366943359375,62.52490234375,,,3708.5,Java-GraalVM/GraalVM.csv,73,7,Java-GraalVM,n-body,False,True,,3.7085
64.82666015625,56.50341796875,,,3937.78,Java-GraalVM/GraalVM.csv,74,7,Java-GraalVM,n-body,False,True,,3.93778
64.30291748046875,55.95098876953125,,,3949.98,Java-GraalVM/GraalVM.csv,75,7,Java-GraalVM,n-body,False,True,,3.94998
62.75323486328125,54.32830810546875,,,3993.3,Java-GraalVM/GraalVM.csv,76,7,Java-GraalVM,n-body,False,True,,3.9933
61.22161865234375,52.72174072265625,,,4028.67,Java-GraalVM/GraalVM.csv,77,7,Java-GraalVM,n-body,False,True,,4.02867
60.00958251953125,51.4000244140625,,,4084.2,Java-GraalVM/GraalVM.csv,78,7,Java-GraalVM,n-body,False,True,,4.0842
70.96356201171875,63.088623046875,,,3736.94,Java-GraalVM/GraalVM.csv,79,7,Java-GraalVM,n-body,False,True,,3.73694
70.62042236328125,62.75634765625,,,3704.95,Java-GraalVM/GraalVM.csv,80,7,Java-GraalVM,n-body,False,True,,3.7049499999999997
64.6744384765625,56.40008544921875,,,3921.59,Java-GraalVM/GraalVM.csv,81,7,Java-GraalVM,n-body,False,True,,3.92159
202.03125,182.5069580078125,,,8422.85,Java-GraalVM/GraalVM.csv,82,8,Java-GraalVM,fannkuch-redux,False,True,,8.42285
169.6802978515625,151.20941162109375,,,8724.93,Java-GraalVM/GraalVM.csv,83,8,Java-GraalVM,fannkuch-redux,False,True,,8.72493
171.59765625,152.933837890625,,,8813.92,Java-GraalVM/GraalVM.csv,84,8,Java-GraalVM,fannkuch-redux,False,True,,8.81392
171.477783203125,152.813232421875,,,8804.32,Java-GraalVM/GraalVM.csv,85,8,Java-GraalVM,fannkuch-redux,False,True,,8.80432
172.520263671875,153.72967529296875,,,8863.39,Java-GraalVM/GraalVM.csv,86,8,Java-GraalVM,fannkuch-redux,False,True,,8.863389999999999
173.79425048828125,154.3026123046875,,,8928.43,Java-GraalVM/GraalVM.csv,87,8,Java-GraalVM,fannkuch-redux,False,True,,8.92843
176.02325439453125,154.9954833984375,,,9045.03,Java-GraalVM/GraalVM.csv,88,8,Java-GraalVM,fannkuch-redux,False,True,,9.04503
172.71990966796875,152.1068115234375,,,8876.49,Java-GraalVM/GraalVM.csv,89,8,Java-GraalVM,fannkuch-redux,False,True,,8.87649
171.71112060546875,152.97564697265625,,,8815.64,Java-GraalVM/GraalVM.csv,90,8,Java-GraalVM,fannkuch-redux,False,True,,8.81564
172.22772216796875,153.4122314453125,,,8852.98,Java-GraalVM/GraalVM.csv,91,8,Java-GraalVM,fannkuch-redux,False,True,,8.852979999999999
32.08447265625,28.728759765625,,,1206.08,Java-GraalVM/GraalVM.csv,92,9,Java-GraalVM,fasta,False,True,,1.2060799999999998
31.6776123046875,28.42523193359375,,,1194.66,Java-GraalVM/GraalVM.csv,93,9,Java-GraalVM,fasta,False,True,,1.19466
29.71160888671875,27.15667724609375,,,1176.96,Java-GraalVM/GraalVM.csv,94,9,Java-GraalVM,fasta,False,True,,1.17696
29.1651611328125,26.54144287109375,,,1211.55,Java-GraalVM/GraalVM.csv,95,9,Java-GraalVM,fasta,False,True,,1.21155
23.4945068359375,20.41156005859375,,,1434.56,Java-GraalVM/GraalVM.csv,96,9,Java-GraalVM,fasta,False,True,,1.4345599999999998
25.8746337890625,23.01324462890625,,,1324.37,Java-GraalVM/GraalVM.csv,97,9,Java-GraalVM,fasta,False,True,,1.3243699999999998
25.37640380859375,22.60595703125,,,1280.34,Java-GraalVM/GraalVM.csv,98,9,Java-GraalVM,fasta,False,True,,1.2803399999999998
25.77130126953125,22.97705078125,,,1296.41,Java-GraalVM/GraalVM.csv,99,9,Java-GraalVM,fasta,False,True,,1.29641
25.600830078125,22.82830810546875,,,1287.65,Java-GraalVM/GraalVM.csv,100,9,Java-GraalVM,fasta,False,True,,1.2876500000000002
25.657470703125,22.880126953125,,,1290.77,Java-GraalVM/GraalVM.csv,101,9,Java-GraalVM,fasta,False,True,,1.29077
126.25018310546875,61.96356201171875,0.0009765625,16.536865234375,6843.18,JavaScript/JavaScript.csv,1,1,JavaScript,n-body,False,True,,6.84318
126.27008056640625,62.45166015625,0.0,16.35052490234375,6765.39,JavaScript/JavaScript.csv,2,1,JavaScript,n-body,False,True,,6.76539
127.6573486328125,63.02423095703125,0.0,16.525390625,6836.86,JavaScript/JavaScript.csv,3,1,JavaScript,n-body,False,True,,6.83686
126.43560791015625,62.74932861328125,0.0,16.2728271484375,6733.96,JavaScript/JavaScript.csv,4,1,JavaScript,n-body,False,True,,6.73396
126.23565673828125,62.42645263671875,0.0,16.3504638671875,6765.89,JavaScript/JavaScript.csv,5,1,JavaScript,n-body,False,True,,6.765890000000001
125.70782470703125,62.2801513671875,0.0,16.28289794921875,6737.47,JavaScript/JavaScript.csv,6,1,JavaScript,n-body,False,True,,6.73747
126.2440185546875,62.57586669921875,0.0009765625,16.35296630859375,6766.06,JavaScript/JavaScript.csv,7,1,JavaScript,n-body,False,True,,6.76606
126.0924072265625,62.5374755859375,0.0,16.33111572265625,6757.76,JavaScript/JavaScript.csv,8,1,JavaScript,n-body,False,True,,6.75776
125.67626953125,62.16583251953125,0.0,16.27801513671875,6735.03,JavaScript/JavaScript.csv,9,1,JavaScript,n-body,False,True,,6.73503
125.6761474609375,62.2801513671875,0.0,16.2777099609375,6735.97,JavaScript/JavaScript.csv,10,1,JavaScript,n-body,False,True,,6.73597
458.05712890625,239.708740234375,0.00103759765625,73.57635498046875,21366.7,JavaScript/JavaScript.csv,11,2,JavaScript,binary-trees,False,True,,21.3667
455.02081298828125,237.61065673828125,0.0,73.814453125,21529.9,JavaScript/JavaScript.csv,12,2,JavaScript,binary-trees,False,True,,21.5299
455.867431640625,237.34039306640625,0.0010986328125,74.3636474609375,21738.0,JavaScript/JavaScript.csv,13,2,JavaScript,binary-trees,False,True,,21.738
463.63311767578125,243.34173583984375,0.0,73.78558349609375,21432.5,JavaScript/JavaScript.csv,14,2,JavaScript,binary-trees,False,True,,21.4325
455.9049072265625,240.0465087890625,0.0010986328125,73.03094482421875,21162.4,JavaScript/JavaScript.csv,15,2,JavaScript,binary-trees,False,True,,21.1624
458.06182861328125,243.05181884765625,0.0,73.09771728515625,21130.2,JavaScript/JavaScript.csv,16,2,JavaScript,binary-trees,False,True,,21.130200000000002
447.52734375,235.992431640625,0.0010986328125,73.18756103515625,21235.6,JavaScript/JavaScript.csv,17,2,JavaScript,binary-trees,False,True,,21.235599999999998
455.468505859375,238.95074462890625,0.0,73.27294921875,21316.2,JavaScript/JavaScript.csv,18,2,JavaScript,binary-trees,False,True,,21.316200000000002
452.1923828125,236.8092041015625,0.0010986328125,73.28387451171875,21310.0,JavaScript/JavaScript.csv,19,2,JavaScript,binary-trees,False,True,,21.31
443.725830078125,231.296142578125,0.0,73.421875,21363.2,JavaScript/JavaScript.csv,20,2,JavaScript,binary-trees,False,True,,21.3632
46.794189453125,26.85040283203125,0.0,5.193359375,1943.09,JavaScript/JavaScript.csv,21,3,JavaScript,reverse-complement,False,True,,1.94309
45.66522216796875,26.04083251953125,0.0,5.0888671875,1897.58,JavaScript/JavaScript.csv,22,3,JavaScript,reverse-complement,False,True,,1.8975799999999998
45.16607666015625,25.73187255859375,0.0,5.094482421875,1898.4,JavaScript/JavaScript.csv,23,3,JavaScript,reverse-complement,False,True,,1.8984
45.1787109375,25.616943359375,0.0,5.21929931640625,1922.44,JavaScript/JavaScript.csv,24,3,JavaScript,reverse-complement,False,True,,1.9224400000000001
49.56884765625,29.30206298828125,0.0,5.3690185546875,1984.62,JavaScript/JavaScript.csv,25,3,JavaScript,reverse-complement,False,True,,1.9846199999999998
46.7314453125,26.5880126953125,0.0,5.23236083984375,1926.88,JavaScript/JavaScript.csv,26,3,JavaScript,reverse-complement,False,True,,1.9268800000000001
45.73968505859375,26.35687255859375,0.0009765625,5.2205810546875,1927.56,JavaScript/JavaScript.csv,27,3,JavaScript,reverse-complement,False,True,,1.92756
45.00189208984375,25.3743896484375,0.0,5.30401611328125,1943.49,JavaScript/JavaScript.csv,28,3,JavaScript,reverse-complement,False,True,,1.94349
49.04766845703125,28.326171875,0.0,5.198974609375,1936.11,JavaScript/JavaScript.csv,29,3,JavaScript,reverse-complement,False,True,,1.93611
46.5572509765625,26.652099609375,0.0,5.40533447265625,1983.97,JavaScript/JavaScript.csv,30,3,JavaScript,reverse-complement,False,True,,1.98397
40.34912109375,19.6446533203125,0.0,5.8389892578125,2138.98,JavaScript/JavaScript.csv,31,4,JavaScript,regex-redux,False,True,,2.13898
40.5150146484375,19.99786376953125,0.0,5.72967529296875,2095.36,JavaScript/JavaScript.csv,32,4,JavaScript,regex-redux,False,True,,2.0953600000000003
40.42938232421875,20.0020751953125,0.0,5.71820068359375,2089.78,JavaScript/JavaScript.csv,33,4,JavaScript,regex-redux,False,True,,2.08978
40.550537109375,20.0224609375,0.0,5.72308349609375,2092.41,JavaScript/JavaScript.csv,34,4,JavaScript,regex-redux,False,True,,2.0924099999999997
40.62255859375,20.06085205078125,0.0,5.7149658203125,2089.05,JavaScript/JavaScript.csv,35,4,JavaScript,regex-redux,False,True,,2.0890500000000003
40.38214111328125,19.96514892578125,0.0,5.7105712890625,2087.44,JavaScript/JavaScript.csv,36,4,JavaScript,regex-redux,False,True,,2.08744
40.39013671875,19.98077392578125,0.0,5.71368408203125,2088.18,JavaScript/JavaScript.csv,37,4,JavaScript,regex-redux,False,True,,2.08818
40.37469482421875,19.97344970703125,0.0,5.70916748046875,2086.97,JavaScript/JavaScript.csv,38,4,JavaScript,regex-redux,False,True,,2.08697
40.498779296875,20.0296630859375,0.0,5.70684814453125,2086.03,JavaScript/JavaScript.csv,39,4,JavaScript,regex-redux,False,True,,2.08603
40.3328857421875,19.934814453125,0.0,5.7164306640625,2088.14,JavaScript/JavaScript.csv,40,4,JavaScript,regex-redux,False,True,,2.0881399999999997
653.589111328125,331.24847412109375,0.00103759765625,81.24945068359375,33628.9,JavaScript/JavaScript.csv,41,5,JavaScript,fannkuch-redux,False,True,,33.6289
654.93115234375,333.016357421875,0.00103759765625,81.25225830078125,33619.5,JavaScript/JavaScript.csv,42,5,JavaScript,fannkuch-redux,False,True,,33.6195
654.7901000976562,332.37640380859375,0.0010986328125,81.34375,33667.8,JavaScript/JavaScript.csv,43,5,JavaScript,fannkuch-redux,False,True,,33.6678
654.775146484375,332.18402099609375,0.0,81.341064453125,33667.7,JavaScript/JavaScript.csv,44,5,JavaScript,fannkuch-redux,False,True,,33.667699999999996
654.7400512695312,332.65948486328125,0.00103759765625,81.34393310546875,33667.8,JavaScript/JavaScript.csv,45,5,JavaScript,fannkuch-redux,False,True,,33.6678
654.8682861328125,332.24798583984375,0.00103759765625,81.3533935546875,33672.1,JavaScript/JavaScript.csv,46,5,JavaScript,fannkuch-redux,False,True,,33.6721
654.699951171875,332.64404296875,0.00103759765625,81.3360595703125,33665.7,JavaScript/JavaScript.csv,47,5,JavaScript,fannkuch-redux,False,True,,33.665699999999994
655.99609375,334.14404296875,0.0009765625,81.35369873046875,33671.5,JavaScript/JavaScript.csv,48,5,JavaScript,fannkuch-redux,False,True,,33.6715
654.7506713867188,332.6375732421875,0.0,81.34136962890625,33667.4,JavaScript/JavaScript.csv,49,5,JavaScript,fannkuch-redux,False,True,,33.6674
654.8443603515625,332.80853271484375,0.00103759765625,81.35333251953125,33672.1,JavaScript/JavaScript.csv,50,5,JavaScript,fannkuch-redux,False,True,,33.6721
1300.460205078125,967.7852783203125,0.00103759765625,119.6531982421875,34789.4,JavaScript/JavaScript.csv,51,6,JavaScript,k-nucleotide,False,True,,34.7894
1325.4395751953125,990.5311279296875,0.00128173828125,119.85382080078125,34795.5,JavaScript/JavaScript.csv,52,6,JavaScript,k-nucleotide,False,True,,34.7955
1301.3070068359375,978.2095947265625,0.0013427734375,115.8551025390625,33125.3,JavaScript/JavaScript.csv,53,6,JavaScript,k-nucleotide,False,True,,33.1253
1321.2061767578125,986.820068359375,0.0,118.62017822265625,34304.8,JavaScript/JavaScript.csv,54,6,JavaScript,k-nucleotide,False,True,,34.3048
1331.7667236328125,991.3583984375,0.00152587890625,120.3621826171875,35039.9,JavaScript/JavaScript.csv,55,6,JavaScript,k-nucleotide,False,True,,35.0399
1312.0589599609375,981.8484497070312,0.0013427734375,117.0894775390625,33739.3,JavaScript/JavaScript.csv,56,6,JavaScript,k-nucleotide,False,True,,33.7393
1331.396728515625,995.8075561523438,0.00140380859375,118.4237060546875,34317.1,JavaScript/JavaScript.csv,57,6,JavaScript,k-nucleotide,False,True,,34.317099999999996
1329.3143920898438,991.110107421875,0.0013427734375,118.84539794921875,34448.2,JavaScript/JavaScript.csv,58,6,JavaScript,k-nucleotide,False,True,,34.4482
1328.2344970703125,989.4219360351562,0.0,118.53558349609375,34336.6,JavaScript/JavaScript.csv,59,6,JavaScript,k-nucleotide,False,True,,34.3366
1349.359130859375,1008.5271606445312,0.00115966796875,119.6182861328125,34716.8,JavaScript/JavaScript.csv,60,6,JavaScript,k-nucleotide,False,True,,34.716800000000006
285.52960205078125,211.36822509765625,0.001220703125,21.66522216796875,8268.5,JavaScript/JavaScript.csv,61,7,JavaScript,mandelbrot,False,True,,8.2685
285.66253662109375,211.83660888671875,0.0,21.6221923828125,8236.97,JavaScript/JavaScript.csv,62,7,JavaScript,mandelbrot,False,True,,8.23697
286.21673583984375,211.69415283203125,0.0,21.79693603515625,8305.58,JavaScript/JavaScript.csv,63,7,JavaScript,mandelbrot,False,True,,8.305579999999999
285.2757568359375,211.41583251953125,0.0,21.53192138671875,8227.09,JavaScript/JavaScript.csv,64,7,JavaScript,mandelbrot,False,True,,8.22709
284.07354736328125,210.87188720703125,0.0,21.41302490234375,8164.47,JavaScript/JavaScript.csv,65,7,JavaScript,mandelbrot,False,True,,8.16447
286.05645751953125,211.4176025390625,0.001220703125,21.81646728515625,8328.42,JavaScript/JavaScript.csv,66,7,JavaScript,mandelbrot,False,True,,8.32842
283.25006103515625,210.66632080078125,0.0,21.301513671875,8112.35,JavaScript/JavaScript.csv,67,7,JavaScript,mandelbrot,False,True,,8.112350000000001
285.2794189453125,211.07257080078125,0.0,21.65716552734375,8270.07,JavaScript/JavaScript.csv,68,7,JavaScript,mandelbrot,False,True,,8.27007
287.41290283203125,211.55548095703125,0.0,22.0855712890625,8444.88,JavaScript/JavaScript.csv,69,7,JavaScript,mandelbrot,False,True,,8.44488
286.66259765625,211.07879638671875,0.0,22.0322265625,8419.73,JavaScript/JavaScript.csv,70,7,JavaScript,mandelbrot,False,True,,8.41973
100.77490234375,51.09783935546875,0.0,12.42401123046875,5107.8,JavaScript/JavaScript.csv,71,8,JavaScript,fasta,False,True,,5.1078
101.5693359375,51.83087158203125,0.0,12.38409423828125,5093.47,JavaScript/JavaScript.csv,72,8,JavaScript,fasta,False,True,,5.09347
101.05682373046875,51.48431396484375,0.0,12.3509521484375,5076.86,JavaScript/JavaScript.csv,73,8,JavaScript,fasta,False,True,,5.07686
108.177978515625,55.77484130859375,0.0,12.50579833984375,5142.03,JavaScript/JavaScript.csv,74,8,JavaScript,fasta,False,True,,5.14203
101.11517333984375,51.44927978515625,0.0,12.36810302734375,5085.45,JavaScript/JavaScript.csv,75,8,JavaScript,fasta,False,True,,5.08545
114.23260498046875,63.78826904296875,0.0,12.43084716796875,5110.76,JavaScript/JavaScript.csv,76,8,JavaScript,fasta,False,True,,5.11076
101.0870361328125,51.4608154296875,0.0,12.35650634765625,5080.96,JavaScript/JavaScript.csv,77,8,JavaScript,fasta,False,True,,5.08096
104.55853271484375,53.66510009765625,0.0010986328125,12.4454345703125,5115.23,JavaScript/JavaScript.csv,78,8,JavaScript,fasta,False,True,,5.1152299999999995
101.1834716796875,51.5625,0.0,12.37750244140625,5089.45,JavaScript/JavaScript.csv,79,8,JavaScript,fasta,False,True,,5.08945
102.37945556640625,52.25628662109375,0.0,12.4222412109375,5103.31,JavaScript/JavaScript.csv,80,8,JavaScript,fasta,False,True,,5.1033100000000005
86.91217041015625,39.143798828125,0.0,12.341064453125,5105.46,JavaScript/JavaScript.csv,81,9,JavaScript,spectral-norm,False,True,,5.10546
86.24078369140625,39.2366943359375,0.0,12.180908203125,5039.81,JavaScript/JavaScript.csv,82,9,JavaScript,spectral-norm,False,True,,5.03981
86.58111572265625,39.37347412109375,0.0,12.18096923828125,5039.5,JavaScript/JavaScript.csv,83,9,JavaScript,spectral-norm,False,True,,5.0395
86.3211669921875,39.2794189453125,0.0,12.18359375,5040.51,JavaScript/JavaScript.csv,84,9,JavaScript,spectral-norm,False,True,,5.04051
86.602294921875,39.42901611328125,0.0,12.1810302734375,5039.47,JavaScript/JavaScript.csv,85,9,JavaScript,spectral-norm,False,True,,5.039470000000001
86.1651611328125,39.23419189453125,0.0009765625,12.18121337890625,5039.38,JavaScript/JavaScript.csv,86,9,JavaScript,spectral-norm,False,True,,5.03938
92.6343994140625,44.78753662109375,0.0,12.18328857421875,5040.59,JavaScript/JavaScript.csv,87,9,JavaScript,spectral-norm,False,True,,5.04059
86.10546875,39.173095703125,0.0,12.18096923828125,5039.61,JavaScript/JavaScript.csv,88,9,JavaScript,spectral-norm,False,True,,5.03961
86.1158447265625,39.167236328125,0.0,12.1834716796875,5040.49,JavaScript/JavaScript.csv,89,9,JavaScript,spectral-norm,False,True,,5.04049
86.10028076171875,39.13555908203125,0.0,12.180908203125,5039.75,JavaScript/JavaScript.csv,90,9,JavaScript,spectral-norm,False,True,,5.03975
123.54815673828125,58.79913330078125,0.0,17.854248046875,7386.92,Lisp/Lisp.csv,1,1,Lisp,n-body,False,True,,7.38692
119.54461669921875,59.13568115234375,0.0,16.1510009765625,6684.62,Lisp/Lisp.csv,2,1,Lisp,n-body,False,True,,6.68462
119.45037841796875,59.094970703125,0.00091552734375,16.15118408203125,6684.23,Lisp/Lisp.csv,3,1,Lisp,n-body,False,True,,6.6842299999999994
119.4913330078125,59.14208984375,0.0,16.15582275390625,6686.38,Lisp/Lisp.csv,4,1,Lisp,n-body,False,True,,6.68638
119.4495849609375,59.09014892578125,0.0,16.1534423828125,6685.77,Lisp/Lisp.csv,5,1,Lisp,n-body,False,True,,6.685770000000001
119.41107177734375,59.06341552734375,0.0,16.15130615234375,6683.91,Lisp/Lisp.csv,6,1,Lisp,n-body,False,True,,6.68391
119.452392578125,59.08624267578125,0.0,16.1512451171875,6683.9,Lisp/Lisp.csv,7,1,Lisp,n-body,False,True,,6.6838999999999995
119.44305419921875,59.09375,0.0,16.1558837890625,6686.61,Lisp/Lisp.csv,8,1,Lisp,n-body,False,True,,6.68661
119.49273681640625,59.09088134765625,0.0,16.1534423828125,6685.41,Lisp/Lisp.csv,9,1,Lisp,n-body,False,True,,6.68541
119.43719482421875,59.07830810546875,0.00091552734375,16.15118408203125,6684.07,Lisp/Lisp.csv,10,1,Lisp,n-body,False,True,,6.684069999999999
224.69976806640625,116.322265625,0.0,34.50927734375,11191.2,Lisp/Lisp.csv,11,2,Lisp,binary-trees,False,True,,11.1912
221.2408447265625,116.5693359375,0.0,32.97210693359375,10563.5,Lisp/Lisp.csv,12,2,Lisp,binary-trees,False,True,,10.5635
219.9261474609375,115.9495849609375,0.0,32.9427490234375,10548.4,Lisp/Lisp.csv,13,2,Lisp,binary-trees,False,True,,10.548399999999999
220.35308837890625,116.216796875,0.00103759765625,32.98492431640625,10563.8,Lisp/Lisp.csv,14,2,Lisp,binary-trees,False,True,,10.563799999999999
222.43157958984375,117.7181396484375,0.0,33.0406494140625,10591.7,Lisp/Lisp.csv,15,2,Lisp,binary-trees,False,True,,10.591700000000001
220.6868896484375,116.4095458984375,0.0,32.971435546875,10564.5,Lisp/Lisp.csv,16,2,Lisp,binary-trees,False,True,,10.5645
221.21356201171875,116.4783935546875,0.0,33.04058837890625,10588.3,Lisp/Lisp.csv,17,2,Lisp,binary-trees,False,True,,10.588299999999998
220.74951171875,116.47906494140625,0.00103759765625,32.977783203125,10566.0,Lisp/Lisp.csv,18,2,Lisp,binary-trees,False,True,,10.566
220.41998291015625,116.29248046875,0.0,32.97515869140625,10562.3,Lisp/Lisp.csv,19,2,Lisp,binary-trees,False,True,,10.562299999999999
220.388916015625,116.2686767578125,0.0,32.97308349609375,10563.2,Lisp/Lisp.csv,20,2,Lisp,binary-trees,False,True,,10.5632
36.0050048828125,13.45831298828125,0.0,6.72808837890625,2602.06,Lisp/Lisp.csv,21,3,Lisp,reverse-complement,False,True,,2.60206
24.58905029296875,13.5545654296875,0.0,3.1048583984375,1125.53,Lisp/Lisp.csv,22,3,Lisp,reverse-complement,False,True,,1.12553
24.91534423828125,13.7216796875,0.0,3.1424560546875,1142.2,Lisp/Lisp.csv,23,3,Lisp,reverse-complement,False,True,,1.1422
25.13623046875,13.978759765625,0.0,3.12091064453125,1131.18,Lisp/Lisp.csv,24,3,Lisp,reverse-complement,False,True,,1.13118
24.74835205078125,13.66363525390625,0.0,3.0972900390625,1122.79,Lisp/Lisp.csv,25,3,Lisp,reverse-complement,False,True,,1.12279
25.27874755859375,13.959228515625,0.0010986328125,3.1416015625,1140.86,Lisp/Lisp.csv,26,3,Lisp,reverse-complement,False,True,,1.14086
25.4627685546875,14.01171875,0.0,3.1260986328125,1140.55,Lisp/Lisp.csv,27,3,Lisp,reverse-complement,False,True,,1.14055
24.91912841796875,13.7196044921875,0.0,3.1226806640625,1132.58,Lisp/Lisp.csv,28,3,Lisp,reverse-complement,False,True,,1.13258
24.36578369140625,13.41943359375,0.0,3.080322265625,1121.1,Lisp/Lisp.csv,29,3,Lisp,reverse-complement,False,True,,1.1211
26.042236328125,14.3072509765625,0.0,3.14361572265625,1140.91,Lisp/Lisp.csv,30,3,Lisp,reverse-complement,False,True,,1.14091
367.9876708984375,281.85491943359375,0.0,24.25732421875,10032.4,Lisp/Lisp.csv,31,4,Lisp,fannkuch-redux,False,True,,10.032399999999999
364.69757080078125,284.548095703125,0.0,21.7254638671875,8987.04,Lisp/Lisp.csv,32,4,Lisp,fannkuch-redux,False,True,,8.98704
366.32598876953125,285.80517578125,0.00115966796875,21.76776123046875,9005.69,Lisp/Lisp.csv,33,4,Lisp,fannkuch-redux,False,True,,9.005690000000001
372.1903076171875,289.72412109375,0.0,22.20458984375,9187.5,Lisp/Lisp.csv,34,4,Lisp,fannkuch-redux,False,True,,9.1875
367.4349365234375,286.84686279296875,0.0,21.722900390625,8987.41,Lisp/Lisp.csv,35,4,Lisp,fannkuch-redux,False,True,,8.98741
368.23883056640625,287.2314453125,0.0,21.83160400390625,9033.26,Lisp/Lisp.csv,36,4,Lisp,fannkuch-redux,False,True,,9.03326
368.36541748046875,287.63299560546875,0.0,21.74200439453125,8995.67,Lisp/Lisp.csv,37,4,Lisp,fannkuch-redux,False,True,,8.99567
368.58685302734375,287.8934326171875,0.00128173828125,21.725830078125,8988.0,Lisp/Lisp.csv,38,4,Lisp,fannkuch-redux,False,True,,8.988
369.07427978515625,288.17791748046875,0.0,21.76605224609375,9005.6,Lisp/Lisp.csv,39,4,Lisp,fannkuch-redux,False,True,,9.005600000000001
376.4906005859375,292.41986083984375,0.0,22.51727294921875,9316.42,Lisp/Lisp.csv,40,4,Lisp,fannkuch-redux,False,True,,9.31642
115.46826171875,83.658935546875,0.0,9.7293701171875,4006.9,Lisp/Lisp.csv,41,5,Lisp,mandelbrot,False,True,,4.0069
113.0010986328125,84.599365234375,0.0,8.3150634765625,3423.29,Lisp/Lisp.csv,42,5,Lisp,mandelbrot,False,True,,3.42329
111.56298828125,84.39971923828125,0.0,7.9996337890625,3294.11,Lisp/Lisp.csv,43,5,Lisp,mandelbrot,False,True,,3.2941100000000003
112.4166259765625,84.33856201171875,0.0010986328125,8.2301025390625,3388.29,Lisp/Lisp.csv,44,5,Lisp,mandelbrot,False,True,,3.38829
111.6739501953125,84.4910888671875,0.0,7.97979736328125,3286.37,Lisp/Lisp.csv,45,5,Lisp,mandelbrot,False,True,,3.28637
112.09149169921875,84.377197265625,0.0,8.117919921875,3340.87,Lisp/Lisp.csv,46,5,Lisp,mandelbrot,False,True,,3.34087
111.970458984375,84.42156982421875,0.0,8.0709228515625,3320.64,Lisp/Lisp.csv,47,5,Lisp,mandelbrot,False,True,,3.32064
112.41766357421875,84.46063232421875,0.0,8.18133544921875,3368.92,Lisp/Lisp.csv,48,5,Lisp,mandelbrot,False,True,,3.36892
114.53143310546875,85.62164306640625,0.0,8.4664306640625,3475.41,Lisp/Lisp.csv,49,5,Lisp,mandelbrot,False,True,,3.4754099999999997
113.72698974609375,84.7757568359375,0.0,8.45263671875,3477.46,Lisp/Lisp.csv,50,5,Lisp,mandelbrot,False,True,,3.47746
350.294921875,192.21051025390625,0.00115966796875,41.3365478515625,16446.2,Lisp/Lisp.csv,51,6,Lisp,fasta,False,True,,16.4462
345.4793701171875,192.0428466796875,0.0,39.69158935546875,15768.2,Lisp/Lisp.csv,52,6,Lisp,fasta,False,True,,15.7682
344.46148681640625,191.6787109375,0.0,39.6483154296875,15749.6,Lisp/Lisp.csv,53,6,Lisp,fasta,False,True,,15.749600000000001
345.265625,191.9013671875,0.0010986328125,39.7152099609375,15766.7,Lisp/Lisp.csv,54,6,Lisp,fasta,False,True,,15.7667
344.99017333984375,191.91064453125,0.0,39.66668701171875,15758.9,Lisp/Lisp.csv,55,6,Lisp,fasta,False,True,,15.758899999999999
344.90234375,191.9210205078125,0.0,39.6728515625,15763.4,Lisp/Lisp.csv,56,6,Lisp,fasta,False,True,,15.763399999999999
343.99163818359375,191.07891845703125,0.0010986328125,39.6917724609375,15751.9,Lisp/Lisp.csv,57,6,Lisp,fasta,False,True,,15.7519
344.71136474609375,191.3865966796875,0.0,39.68853759765625,15763.1,Lisp/Lisp.csv,58,6,Lisp,fasta,False,True,,15.7631
345.78631591796875,192.384521484375,0.0010986328125,39.716796875,15781.3,Lisp/Lisp.csv,59,6,Lisp,fasta,False,True,,15.7813
344.0830078125,191.27581787109375,0.0,39.64947509765625,15753.3,Lisp/Lisp.csv,60,6,Lisp,fasta,False,True,,15.7533
56.40179443359375,39.27752685546875,0.0,5.0494384765625,2067.25,Lisp/Lisp.csv,61,7,Lisp,spectral-norm,False,True,,2.06725
51.70550537109375,39.20062255859375,0.0,3.34808349609375,1364.48,Lisp/Lisp.csv,62,7,Lisp,spectral-norm,False,True,,1.36448
51.8248291015625,39.230712890625,0.0,3.3699951171875,1375.65,Lisp/Lisp.csv,63,7,Lisp,spectral-norm,False,True,,1.37565
51.7415771484375,39.23236083984375,0.0,3.34771728515625,1366.06,Lisp/Lisp.csv,64,7,Lisp,spectral-norm,False,True,,1.36606
51.767578125,39.2437744140625,0.0,3.35418701171875,1368.01,Lisp/Lisp.csv,65,7,Lisp,spectral-norm,False,True,,1.36801
51.8590087890625,39.25946044921875,0.0,3.3739013671875,1375.98,Lisp/Lisp.csv,66,7,Lisp,spectral-norm,False,True,,1.37598
51.74005126953125,39.2457275390625,0.0,3.34991455078125,1365.86,Lisp/Lisp.csv,67,7,Lisp,spectral-norm,False,True,,1.3658599999999999
51.81097412109375,39.2584228515625,0.0,3.36328125,1371.95,Lisp/Lisp.csv,68,7,Lisp,spectral-norm,False,True,,1.37195
51.88055419921875,39.27508544921875,0.0,3.37890625,1378.21,Lisp/Lisp.csv,69,7,Lisp,spectral-norm,False,True,,1.37821
51.75531005859375,39.25360107421875,0.0,3.3509521484375,1367.94,Lisp/Lisp.csv,70,7,Lisp,spectral-norm,False,True,,1.3679400000000002
49.995849609375,26.14739990234375,0.0,9.6083984375,2497.07,Lisp/Lisp.csv,71,8,Lisp,pidigits,False,True,,2.4970700000000003
49.9368896484375,26.32208251953125,0.0,9.53326416015625,2463.88,Lisp/Lisp.csv,72,8,Lisp,pidigits,False,True,,2.46388
50.0318603515625,26.3709716796875,0.0,9.5269775390625,2467.75,Lisp/Lisp.csv,73,8,Lisp,pidigits,False,True,,2.46775
49.9654541015625,26.33953857421875,0.0,9.5201416015625,2466.24,Lisp/Lisp.csv,74,8,Lisp,pidigits,False,True,,2.46624
49.99395751953125,26.36944580078125,0.0,9.499755859375,2466.63,Lisp/Lisp.csv,75,8,Lisp,pidigits,False,True,,2.4666300000000003
49.97503662109375,26.3524169921875,0.0,9.53558349609375,2462.89,Lisp/Lisp.csv,76,8,Lisp,pidigits,False,True,,2.46289
50.153076171875,26.455322265625,0.0,9.52496337890625,2467.48,Lisp/Lisp.csv,77,8,Lisp,pidigits,False,True,,2.46748
50.114990234375,26.4324951171875,0.00103759765625,9.5362548828125,2462.86,Lisp/Lisp.csv,78,8,Lisp,pidigits,False,True,,2.46286
50.01434326171875,26.406005859375,0.0,9.511962890625,2454.66,Lisp/Lisp.csv,79,8,Lisp,pidigits,False,True,,2.45466
50.1951904296875,26.4951171875,0.0,9.49822998046875,2458.58,Lisp/Lisp.csv,80,8,Lisp,pidigits,False,True,,2.45858
5137.3021240234375,3372.0596923828125,0.00408935546875,544.0830078125,187142.0,Lua/Lua.csv,1,1,Lua,n-body,False,True,,187.142
5177.1142578125,3450.8027954101562,0.00433349609375,522.278076171875,178630.0,Lua/Lua.csv,2,1,Lua,n-body,False,True,,178.63
5120.4100341796875,3424.1419067382812,0.00457763671875,509.86376953125,173986.0,Lua/Lua.csv,3,1,Lua,n-body,False,True,,173.986
5149.687438964844,3450.80078125,0.00457763671875,513.5995483398438,174545.0,Lua/Lua.csv,4,1,Lua,n-body,False,True,,174.545
5215.827575683594,3489.599853515625,0.004638671875,517.725830078125,176270.0,Lua/Lua.csv,5,1,Lua,n-body,False,True,,176.27
5374.2535400390625,3592.6438598632812,0.00592041015625,536.7796630859375,183201.0,Lua/Lua.csv,6,1,Lua,n-body,False,True,,183.201
5218.7183837890625,3498.3389892578125,0.00482177734375,518.6106567382812,175440.0,Lua/Lua.csv,7,1,Lua,n-body,False,True,,175.44
5081.6131591796875,3375.4642944335938,0.0048828125,506.01947021484375,175275.0,Lua/Lua.csv,8,1,Lua,n-body,False,True,,175.275
5367.64453125,3576.0791625976562,0.0047607421875,538.8519897460938,183659.0,Lua/Lua.csv,9,1,Lua,n-body,False,True,,183.659
5185.603698730469,3435.1355590820312,0.00482177734375,527.7330932617188,180204.0,Lua/Lua.csv,10,1,Lua,n-body,False,True,,180.204
-257907.3823852539,2203.0397338867188,0.005126953125,640.6824340820312,212317.0,Lua/Lua.csv,11,2,Lua,binary-trees,False,False,negative_energy|invalid_package,212.317
3873.1312255859375,1856.9669189453125,0.0050048828125,618.5416259765625,211619.0,Lua/Lua.csv,12,2,Lua,binary-trees,False,True,,211.619
3794.99072265625,1826.18115234375,0.0047607421875,605.6988525390625,207550.0,Lua/Lua.csv,13,2,Lua,binary-trees,False,True,,207.55
3795.0783081054688,1824.1673583984375,0.0048828125,605.2286987304688,207407.0,Lua/Lua.csv,14,2,Lua,binary-trees,False,True,,207.407
3779.590087890625,1820.9188232421875,0.004638671875,602.7969970703125,206177.0,Lua/Lua.csv,15,2,Lua,binary-trees,False,True,,206.177
3804.9374389648438,1828.6936645507812,0.0037841796875,607.2794799804688,208242.0,Lua/Lua.csv,16,2,Lua,binary-trees,False,True,,208.242
3750.1083374023438,1811.3526000976562,0.00482177734375,595.8797607421875,203660.0,Lua/Lua.csv,17,2,Lua,binary-trees,False,True,,203.66
3765.5419311523438,1816.376220703125,0.00469970703125,598.287353515625,204295.0,Lua/Lua.csv,18,2,Lua,binary-trees,False,True,,204.295
3764.5377807617188,1817.76416015625,0.0047607421875,599.8907470703125,204992.0,Lua/Lua.csv,19,2,Lua,binary-trees,False,True,,204.992
4063.5496215820312,1941.878173828125,0.0048828125,645.6482543945312,223454.0,Lua/Lua.csv,20,2,Lua,binary-trees,False,True,,223.454
211.54864501953125,117.654052734375,0.0,23.59515380859375,9311.28,Lua/Lua.csv,21,3,Lua,reverse-complement,False,True,,9.31128
215.0853271484375,119.68890380859375,0.0,23.8531494140625,9419.35,Lua/Lua.csv,22,3,Lua,reverse-complement,False,True,,9.41935
206.7662353515625,114.45635986328125,0.0010986328125,22.95050048828125,9044.6,Lua/Lua.csv,23,3,Lua,reverse-complement,False,True,,9.0446
215.66265869140625,119.80426025390625,0.0,23.9215087890625,9447.84,Lua/Lua.csv,24,3,Lua,reverse-complement,False,True,,9.44784
208.11859130859375,115.6983642578125,0.0,23.1351318359375,9121.71,Lua/Lua.csv,25,3,Lua,reverse-complement,False,True,,9.121709999999998
221.698974609375,125.76416015625,0.0,24.02093505859375,9487.93,Lua/Lua.csv,26,3,Lua,reverse-complement,False,True,,9.48793
218.79962158203125,122.8145751953125,0.0,23.65386962890625,9338.21,Lua/Lua.csv,27,3,Lua,reverse-complement,False,True,,9.338209999999998
218.56195068359375,122.28057861328125,0.00115966796875,23.51861572265625,9280.18,Lua/Lua.csv,28,3,Lua,reverse-complement,False,True,,9.28018
215.11334228515625,119.54705810546875,0.0,23.7193603515625,9363.59,Lua/Lua.csv,29,3,Lua,reverse-complement,False,True,,9.36359
211.5203857421875,117.57354736328125,0.0,23.22430419921875,9158.31,Lua/Lua.csv,30,3,Lua,reverse-complement,False,True,,9.15831
12794.667297363281,6779.385437011719,0.01495361328125,1527.5596923828125,632294.0,Lua/Lua.csv,31,4,Lua,fannkuch-redux,False,True,,632.294
12716.082458496094,6698.913635253906,0.0145263671875,1542.621826171875,638518.0,Lua/Lua.csv,32,4,Lua,fannkuch-redux,False,True,,638.518
12746.3896484375,6718.054260253906,0.014892578125,1527.6004638671875,632310.0,Lua/Lua.csv,33,4,Lua,fannkuch-redux,False,True,,632.31
12614.356384277344,6653.6251220703125,0.013671875,-260612.66217041016,633858.0,Lua/Lua.csv,34,4,Lua,fannkuch-redux,False,False,negative_energy,633.858
12805.09619140625,6746.80615234375,0.0147705078125,1541.3235473632812,637982.0,Lua/Lua.csv,35,4,Lua,fannkuch-redux,False,True,,637.982
12874.74462890625,6784.3839111328125,0.0150146484375,1537.4668579101562,636396.0,Lua/Lua.csv,36,4,Lua,fannkuch-redux,False,True,,636.396
13076.026550292969,6828.8516845703125,0.01409912109375,1615.2006225585938,668561.0,Lua/Lua.csv,37,4,Lua,fannkuch-redux,False,True,,668.561
12573.597961425781,6626.9407958984375,0.01446533203125,1531.61962890625,633974.0,Lua/Lua.csv,38,4,Lua,fannkuch-redux,False,True,,633.974
12754.353820800781,6728.060974121094,0.01434326171875,1530.943359375,633695.0,Lua/Lua.csv,39,4,Lua,fannkuch-redux,False,True,,633.695
12808.6865234375,6750.321105957031,0.0152587890625,1531.6268920898438,633968.0,Lua/Lua.csv,40,4,Lua,fannkuch-redux,False,True,,633.968
1820.3341064453125,978.2438354492188,0.00201416015625,214.79644775390625,87972.9,Lua/Lua.csv,41,5,Lua,k-nucleotide,False,True,,87.9729
1828.5411987304688,983.362060546875,0.0020751953125,214.43603515625,87849.9,Lua/Lua.csv,42,5,Lua,k-nucleotide,False,True,,87.84989999999999
1834.1717529296875,985.96142578125,0.0020751953125,215.73040771484375,88405.2,Lua/Lua.csv,43,5,Lua,k-nucleotide,False,True,,88.4052
1817.8740844726562,977.0773315429688,0.001953125,214.641845703125,87932.1,Lua/Lua.csv,44,5,Lua,k-nucleotide,False,True,,87.9321
1818.2808227539062,976.9884643554688,0.00201416015625,215.36212158203125,88275.0,Lua/Lua.csv,45,5,Lua,k-nucleotide,False,True,,88.275
1827.4761962890625,983.5260620117188,0.0020751953125,215.07861328125,88092.3,Lua/Lua.csv,46,5,Lua,k-nucleotide,False,True,,88.09230000000001
1827.0082397460938,982.5221557617188,0.001953125,214.38946533203125,87843.0,Lua/Lua.csv,47,5,Lua,k-nucleotide,False,True,,87.843
1838.1795043945312,991.9940795898438,0.0020751953125,214.35882568359375,87860.6,Lua/Lua.csv,48,5,Lua,k-nucleotide,False,True,,87.8606
1829.3193969726562,983.7957763671875,0.0020751953125,215.0035400390625,88107.4,Lua/Lua.csv,49,5,Lua,k-nucleotide,False,True,,88.1074
1823.8267211914062,979.3513793945312,0.0020751953125,215.6715087890625,88393.8,Lua/Lua.csv,50,5,Lua,k-nucleotide,False,True,,88.3938
4291.3873291015625,3297.8546752929688,0.00396728515625,245.3695068359375,101198.0,Lua/Lua.csv,51,6,Lua,mandelbrot,False,True,,101.198
4379.462646484375,3365.54443359375,0.00299072265625,247.96160888671875,102266.0,Lua/Lua.csv,52,6,Lua,mandelbrot,False,True,,102.266
4373.435852050781,3377.9003295898438,0.0030517578125,242.01849365234375,99805.1,Lua/Lua.csv,53,6,Lua,mandelbrot,False,True,,99.80510000000001
4396.8958740234375,-258748.0376586914,0.00445556640625,242.27911376953125,99907.4,Lua/Lua.csv,54,6,Lua,mandelbrot,False,False,negative_energy,99.9074
4397.790588378906,3401.7723388671875,0.003173828125,240.92340087890625,99355.8,Lua/Lua.csv,55,6,Lua,mandelbrot,False,True,,99.3558
4413.34814453125,3404.873291015625,0.0030517578125,243.4488525390625,100387.0,Lua/Lua.csv,56,6,Lua,mandelbrot,False,True,,100.387
4423.008117675781,3416.678466796875,0.00445556640625,242.447998046875,99945.5,Lua/Lua.csv,57,6,Lua,mandelbrot,False,True,,99.9455
4447.239685058594,3442.0036010742188,0.00311279296875,241.85491943359375,99710.2,Lua/Lua.csv,58,6,Lua,mandelbrot,False,True,,99.7102
4447.927673339844,3430.2733764648438,0.00323486328125,244.6199951171875,100867.0,Lua/Lua.csv,59,6,Lua,mandelbrot,False,True,,100.867
4440.180908203125,3445.1533813476562,0.00457763671875,239.81561279296875,98889.3,Lua/Lua.csv,60,6,Lua,mandelbrot,False,True,,98.8893
534.9166870117188,297.33404541015625,0.0,59.35931396484375,24542.2,Lua/Lua.csv,61,7,Lua,fasta,False,True,,24.5422
528.9443359375,291.7947998046875,0.00115966796875,59.75286865234375,24703.2,Lua/Lua.csv,62,7,Lua,fasta,False,True,,24.703200000000002
524.9407958984375,289.270751953125,0.00103759765625,59.75738525390625,24697.9,Lua/Lua.csv,63,7,Lua,fasta,False,True,,24.6979
525.3267211914062,290.5281982421875,0.0,59.98162841796875,24793.8,Lua/Lua.csv,64,7,Lua,fasta,False,True,,24.7938
521.5624389648438,287.3472900390625,0.00103759765625,59.6624755859375,24661.3,Lua/Lua.csv,65,7,Lua,fasta,False,True,,24.6613
519.0457153320312,286.12200927734375,0.0,59.31488037109375,24515.4,Lua/Lua.csv,66,7,Lua,fasta,False,True,,24.515400000000003
515.0464477539062,283.809814453125,0.00103759765625,59.34844970703125,24531.2,Lua/Lua.csv,67,7,Lua,fasta,False,True,,24.531200000000002
515.1848754882812,283.904052734375,0.0,59.33831787109375,24525.3,Lua/Lua.csv,68,7,Lua,fasta,False,True,,24.525299999999998
519.3667602539062,287.4822998046875,0.00103759765625,59.2696533203125,24499.5,Lua/Lua.csv,69,7,Lua,fasta,False,True,,24.4995
519.77099609375,286.072509765625,0.00103759765625,59.36541748046875,24538.9,Lua/Lua.csv,70,7,Lua,fasta,False,True,,24.5389
1947.4649047851562,1028.0999755859375,0.0020751953125,230.95361328125,95597.4,Lua/Lua.csv,71,8,Lua,spectral-norm,False,True,,95.5974
1941.5292358398438,1019.5387573242188,0.0020751953125,230.50775146484375,95412.6,Lua/Lua.csv,72,8,Lua,spectral-norm,False,True,,95.41260000000001
1934.8480224609375,1016.1492309570312,0.0020751953125,230.5850830078125,95444.0,Lua/Lua.csv,73,8,Lua,spectral-norm,False,True,,95.444
1951.7838745117188,1025.1146850585938,0.00311279296875,230.5557861328125,95433.4,Lua/Lua.csv,74,8,Lua,spectral-norm,False,True,,95.43339999999999
1933.5289916992188,1014.6265869140625,0.0020751953125,230.62847900390625,95462.3,Lua/Lua.csv,75,8,Lua,spectral-norm,False,True,,95.4623
1941.990478515625,1023.4247436523438,0.00201416015625,230.16595458984375,95271.4,Lua/Lua.csv,76,8,Lua,spectral-norm,False,True,,95.2714
1946.4066162109375,1026.6832885742188,0.0020751953125,230.601806640625,95451.8,Lua/Lua.csv,77,8,Lua,spectral-norm,False,True,,95.4518
1933.6243896484375,1015.333740234375,0.0020751953125,230.54833984375,95429.8,Lua/Lua.csv,78,8,Lua,spectral-norm,False,True,,95.4298
1933.3494262695312,1014.9111328125,0.00311279296875,230.45159912109375,95389.4,Lua/Lua.csv,79,8,Lua,spectral-norm,False,True,,95.3894
1932.8330688476562,1014.740478515625,0.0020751953125,230.50726318359375,95412.7,Lua/Lua.csv,80,8,Lua,spectral-norm,False,True,,95.4127
3645.4832763671875,1902.9574584960938,0.00439453125,432.84063720703125,179163.0,Lua/Lua.csv,81,9,Lua,n-body,False,True,,179.163
3576.5419921875,1868.3087158203125,0.00421142578125,426.40374755859375,176498.0,Lua/Lua.csv,82,9,Lua,n-body,False,True,,176.498
3572.29736328125,1869.5569458007812,0.00537109375,427.224365234375,176839.0,Lua/Lua.csv,83,9,Lua,n-body,False,True,,176.839
3579.5075073242188,1870.1786499023438,0.004150390625,427.63104248046875,177007.0,Lua/Lua.csv,84,9,Lua,n-body,False,True,,177.007
3576.1993408203125,1870.4052734375,0.00421142578125,426.05743408203125,176355.0,Lua/Lua.csv,85,9,Lua,n-body,False,True,,176.355
3509.056884765625,1837.7210083007812,0.0040283203125,419.0498046875,173455.0,Lua/Lua.csv,86,9,Lua,n-body,False,True,,173.455
3697.5783081054688,1925.7350463867188,0.00421142578125,442.04644775390625,182974.0,Lua/Lua.csv,87,9,Lua,n-body,False,True,,182.974
3539.125,1852.0794677734375,0.00421142578125,422.27508544921875,174777.0,Lua/Lua.csv,88,9,Lua,n-body,False,True,,174.777
3743.0167846679688,1952.6397705078125,0.004150390625,446.7274169921875,184909.0,Lua/Lua.csv,89,9,Lua,n-body,False,True,,184.909
3630.6400146484375,1898.4004516601562,0.0052490234375,432.61724853515625,179070.0,Lua/Lua.csv,90,9,Lua,n-body,False,True,,179.07
3983.6802978515625,1904.5528564453125,0.00494384765625,632.4365234375,217849.0,Lua/Lua.csv,91,10,Lua,binary-trees,False,True,,217.849
3890.9114379882812,1862.9611206054688,0.0050048828125,620.4140014648438,213190.0,Lua/Lua.csv,92,10,Lua,binary-trees,False,True,,213.19
3765.6008911132812,1811.9533081054688,0.00494384765625,602.8226928710938,206035.0,Lua/Lua.csv,93,10,Lua,binary-trees,False,True,,206.035
3795.64599609375,1791.6514282226562,0.0037841796875,618.14306640625,212121.0,Lua/Lua.csv,94,10,Lua,binary-trees,False,True,,212.121
3716.1986694335938,1793.56201171875,0.00469970703125,592.1373901367188,202503.0,Lua/Lua.csv,95,10,Lua,binary-trees,False,True,,202.503
-258374.81860351562,1782.8358764648438,0.0047607421875,611.729736328125,210224.0,Lua/Lua.csv,96,10,Lua,binary-trees,False,False,negative_energy|invalid_package,210.224
3761.465087890625,1814.8065795898438,0.0050048828125,597.3301391601562,204240.0,Lua/Lua.csv,97,10,Lua,binary-trees,False,True,,204.24
3833.920166015625,1841.9591674804688,0.0050048828125,610.7572021484375,209722.0,Lua/Lua.csv,98,10,Lua,binary-trees,False,True,,209.722
3833.1121826171875,1846.5303955078125,0.00396728515625,608.429931640625,208068.0,Lua/Lua.csv,99,10,Lua,binary-trees,False,True,,208.068
3785.22314453125,1792.814453125,0.0050048828125,612.9818725585938,210176.0,Lua/Lua.csv,100,10,Lua,binary-trees,False,True,,210.176
207.814208984375,114.1822509765625,0.00103759765625,23.44635009765625,9221.83,Lua/Lua.csv,101,11,Lua,reverse-complement,False,True,,9.22183
210.54461669921875,116.990966796875,0.0,23.1923828125,9141.77,Lua/Lua.csv,102,11,Lua,reverse-complement,False,True,,9.141770000000001
210.787353515625,116.9578857421875,0.0,23.04669189453125,9083.84,Lua/Lua.csv,103,11,Lua,reverse-complement,False,True,,9.08384
210.22161865234375,116.9449462890625,0.0,23.197265625,9144.77,Lua/Lua.csv,104,11,Lua,reverse-complement,False,True,,9.144770000000001
209.35540771484375,116.65081787109375,0.00115966796875,22.93048095703125,9037.85,Lua/Lua.csv,105,11,Lua,reverse-complement,False,True,,9.03785
208.24853515625,115.73809814453125,0.0,22.7806396484375,8976.36,Lua/Lua.csv,106,11,Lua,reverse-complement,False,True,,8.976360000000001
204.502685546875,113.63372802734375,0.0,22.567138671875,8885.94,Lua/Lua.csv,107,11,Lua,reverse-complement,False,True,,8.88594
211.09429931640625,117.66790771484375,0.0,23.24334716796875,9166.49,Lua/Lua.csv,108,11,Lua,reverse-complement,False,True,,9.16649
214.69488525390625,119.3975830078125,0.0,23.13153076171875,9118.03,Lua/Lua.csv,109,11,Lua,reverse-complement,False,True,,9.118030000000001
213.90814208984375,118.87054443359375,0.0009765625,23.32745361328125,9197.92,Lua/Lua.csv,110,11,Lua,reverse-complement,False,True,,9.19792
12789.487182617188,6742.582092285156,0.01556396484375,1528.9011840820312,632847.0,Lua/Lua.csv,111,12,Lua,fannkuch-redux,False,True,,632.847
12962.400390625,6831.1614990234375,0.01434326171875,1546.5587768554688,640146.0,Lua/Lua.csv,112,12,Lua,fannkuch-redux,False,True,,640.146
12802.08447265625,6747.500793457031,0.0152587890625,1527.7365112304688,632366.0,Lua/Lua.csv,113,12,Lua,fannkuch-redux,False,True,,632.366
12801.870971679688,6747.2646484375,0.01544189453125,1527.7267456054688,632362.0,Lua/Lua.csv,114,12,Lua,fannkuch-redux,False,True,,632.362
12800.558227539062,6747.341125488281,0.01422119140625,1527.8271484375,632390.0,Lua/Lua.csv,115,12,Lua,fannkuch-redux,False,True,,632.39
13289.163818359375,6957.757080078125,0.0164794921875,1592.7304077148438,659262.0,Lua/Lua.csv,116,12,Lua,fannkuch-redux,False,True,,659.262
12699.479309082031,6700.088317871094,0.013916015625,1528.48486328125,632676.0,Lua/Lua.csv,117,12,Lua,fannkuch-redux,False,True,,632.676
12799.227355957031,6746.724426269531,0.0147705078125,1527.7581787109375,632363.0,Lua/Lua.csv,118,12,Lua,fannkuch-redux,False,True,,632.363
12803.2236328125,6749.622253417969,0.01495361328125,1527.8135986328125,632397.0,Lua/Lua.csv,119,12,Lua,fannkuch-redux,False,True,,632.397
12842.254516601562,6769.095886230469,0.01507568359375,1532.7047729492188,634411.0,Lua/Lua.csv,120,12,Lua,fannkuch-redux,False,True,,634.411
1820.8270874023438,978.3819580078125,0.0020751953125,213.25079345703125,87405.6,Lua/Lua.csv,121,13,Lua,k-nucleotide,False,True,,87.4056
1857.1006469726562,997.8724975585938,0.0020751953125,216.121826171875,88618.1,Lua/Lua.csv,122,13,Lua,k-nucleotide,False,True,,88.61810000000001
1822.789306640625,980.7806396484375,0.00213623046875,212.9986572265625,87274.7,Lua/Lua.csv,123,13,Lua,k-nucleotide,False,True,,87.2747
1829.5803833007812,984.5310668945312,0.00201416015625,214.48748779296875,87876.8,Lua/Lua.csv,124,13,Lua,k-nucleotide,False,True,,87.8768
1849.9417114257812,993.3599243164062,0.00213623046875,216.8170166015625,88800.9,Lua/Lua.csv,125,13,Lua,k-nucleotide,False,True,,88.8009
1815.8667602539062,977.8096923828125,0.0020751953125,212.85577392578125,87183.3,Lua/Lua.csv,126,13,Lua,k-nucleotide,False,True,,87.1833
1845.5723266601562,992.7686157226562,0.00213623046875,215.4495849609375,88285.4,Lua/Lua.csv,127,13,Lua,k-nucleotide,False,True,,88.2854
1848.5167846679688,993.3946533203125,0.0020751953125,215.2828369140625,88220.4,Lua/Lua.csv,128,13,Lua,k-nucleotide,False,True,,88.2204
1822.6497192382812,980.3161010742188,0.0020751953125,214.80023193359375,88013.6,Lua/Lua.csv,129,13,Lua,k-nucleotide,False,True,,88.01360000000001
1821.1267700195312,979.61279296875,0.0020751953125,214.42877197265625,87827.1,Lua/Lua.csv,130,13,Lua,k-nucleotide,False,True,,87.8271
4313.163146972656,3307.4736328125,0.00396728515625,248.24969482421875,102374.0,Lua/Lua.csv,131,14,Lua,mandelbrot,False,True,,102.374
4338.7684326171875,3350.5350341796875,0.0030517578125,242.0361328125,99796.2,Lua/Lua.csv,132,14,Lua,mandelbrot,False,True,,99.7962
4374.363037109375,3386.7930908203125,0.0030517578125,239.79779052734375,98890.0,Lua/Lua.csv,133,14,Lua,mandelbrot,False,True,,98.89
4412.3131103515625,3403.5698852539062,0.00457763671875,243.92431640625,100597.0,Lua/Lua.csv,134,14,Lua,mandelbrot,False,True,,100.597
4417.537780761719,3422.3971557617188,0.0032958984375,240.64178466796875,99219.7,Lua/Lua.csv,135,14,Lua,mandelbrot,False,True,,99.2197
4438.718688964844,3434.0923461914062,0.00323486328125,241.92529296875,99753.6,Lua/Lua.csv,136,14,Lua,mandelbrot,False,True,,99.7536
4478.983337402344,3441.93212890625,0.004638671875,249.48089599609375,102882.0,Lua/Lua.csv,137,14,Lua,mandelbrot,False,True,,102.882
4437.719787597656,3416.2803344726562,0.003173828125,246.2130126953125,101541.0,Lua/Lua.csv,138,14,Lua,mandelbrot,False,True,,101.541
4416.5166015625,3421.1528930664062,0.0032958984375,239.929931640625,98921.9,Lua/Lua.csv,139,14,Lua,mandelbrot,False,True,,98.9219
4440.524230957031,3430.4471435546875,0.0045166015625,243.717041015625,100512.0,Lua/Lua.csv,140,14,Lua,mandelbrot,False,True,,100.512
535.4548950195312,295.46441650390625,0.0,59.35003662109375,24536.9,Lua/Lua.csv,141,15,Lua,fasta,False,True,,24.536900000000003
526.9151611328125,291.35931396484375,0.00115966796875,59.32171630859375,24525.9,Lua/Lua.csv,142,15,Lua,fasta,False,True,,24.5259
522.788818359375,288.7607421875,0.0010986328125,59.3116455078125,24520.9,Lua/Lua.csv,143,15,Lua,fasta,False,True,,24.5209
521.0565795898438,287.21893310546875,0.0,59.4564208984375,24580.8,Lua/Lua.csv,144,15,Lua,fasta,False,True,,24.5808
516.123779296875,284.634765625,0.0010986328125,59.09820556640625,24433.4,Lua/Lua.csv,145,15,Lua,fasta,False,True,,24.433400000000002
519.8424682617188,286.43096923828125,0.0,59.6351318359375,24655.6,Lua/Lua.csv,146,15,Lua,fasta,False,True,,24.6556
514.7232666015625,284.29595947265625,0.00103759765625,59.09686279296875,24431.9,Lua/Lua.csv,147,15,Lua,fasta,False,True,,24.431900000000002
517.9452514648438,285.4068603515625,0.0,59.52398681640625,24609.2,Lua/Lua.csv,148,15,Lua,fasta,False,True,,24.6092
515.6310424804688,284.28515625,0.00103759765625,59.17181396484375,24463.2,Lua/Lua.csv,149,15,Lua,fasta,False,True,,24.4632
513.7144775390625,283.43963623046875,0.00103759765625,59.14013671875,24449.9,Lua/Lua.csv,150,15,Lua,fasta,False,True,,24.449900000000003
1942.1260375976562,1021.16259765625,0.0020751953125,231.28564453125,95732.9,Lua/Lua.csv,151,16,Lua,spectral-norm,False,True,,95.7329
1964.2199096679688,1032.3521728515625,0.0020751953125,230.45849609375,95392.1,Lua/Lua.csv,152,16,Lua,spectral-norm,False,True,,95.3921
1935.9798583984375,1018.0593872070312,0.00201416015625,230.47906494140625,95400.3,Lua/Lua.csv,153,16,Lua,spectral-norm,False,True,,95.4003
1943.6217041015625,1020.6446533203125,0.003173828125,230.49365234375,95406.8,Lua/Lua.csv,154,16,Lua,spectral-norm,False,True,,95.4068
1938.51708984375,1019.0740966796875,0.00201416015625,230.6124267578125,95455.3,Lua/Lua.csv,155,16,Lua,spectral-norm,False,True,,95.45530000000001
1988.3269653320312,1046.6372680664062,0.0020751953125,230.73101806640625,95504.7,Lua/Lua.csv,156,16,Lua,spectral-norm,False,True,,95.5047
1934.0824584960938,1015.4187622070312,0.002197265625,230.5491943359375,95430.0,Lua/Lua.csv,157,16,Lua,spectral-norm,False,True,,95.43
2000.4871826171875,1052.0383911132812,0.0020751953125,230.6947021484375,95489.7,Lua/Lua.csv,158,16,Lua,spectral-norm,False,True,,95.4897
1934.4239501953125,1015.4890747070312,0.00323486328125,230.66619873046875,95478.3,Lua/Lua.csv,159,16,Lua,spectral-norm,False,True,,95.4783
1934.2291259765625,1015.56884765625,0.0020751953125,230.55908203125,95433.5,Lua/Lua.csv,160,16,Lua,spectral-norm,False,True,,95.4335
103.71502685546875,51.36041259765625,0.000732421875,14.1539306640625,5858.61,OCaml/OCaml.csv,1,1,OCaml,n-body,False,True,,5.85861
104.23419189453125,51.6220703125,0.0,14.14874267578125,5856.22,OCaml/OCaml.csv,2,1,OCaml,n-body,False,True,,5.85622
104.10870361328125,51.59283447265625,0.0,14.14862060546875,5856.13,OCaml/OCaml.csv,3,1,OCaml,n-body,False,True,,5.85613
102.59429931640625,50.79315185546875,0.0,14.14862060546875,5856.46,OCaml/OCaml.csv,4,1,OCaml,n-body,False,True,,5.85646
103.927978515625,51.49249267578125,0.0,14.148681640625,5856.3,OCaml/OCaml.csv,5,1,OCaml,n-body,False,True,,5.8563
103.86322021484375,51.462890625,0.0,14.14862060546875,5856.54,OCaml/OCaml.csv,6,1,OCaml,n-body,False,True,,5.85654
104.2574462890625,51.68060302734375,0.0,14.1485595703125,5856.32,OCaml/OCaml.csv,7,1,OCaml,n-body,False,True,,5.856319999999999
104.227294921875,51.734375,0.0,14.1485595703125,5856.46,OCaml/OCaml.csv,8,1,OCaml,n-body,False,True,,5.85646
104.55419921875,51.84844970703125,0.00079345703125,14.14898681640625,5856.73,OCaml/OCaml.csv,9,1,OCaml,n-body,False,True,,5.85673
109.36297607421875,57.80584716796875,0.0,14.15362548828125,5857.89,OCaml/OCaml.csv,10,1,OCaml,n-body,False,True,,5.85789
119.44012451171875,83.22845458984375,0.0,16.189208984375,3583.24,OCaml/OCaml.csv,11,2,OCaml,binary-trees,False,True,,3.58324
120.24908447265625,84.45709228515625,0.0,15.9847412109375,3488.57,OCaml/OCaml.csv,12,2,OCaml,binary-trees,False,True,,3.48857
119.86181640625,84.2327880859375,0.0,15.9532470703125,3462.15,OCaml/OCaml.csv,13,2,OCaml,binary-trees,False,True,,3.4621500000000003
120.2406005859375,83.91900634765625,0.0,16.26068115234375,3536.71,OCaml/OCaml.csv,14,2,OCaml,binary-trees,False,True,,3.5367100000000002
122.7255859375,85.03204345703125,0.0,16.3353271484375,3633.55,OCaml/OCaml.csv,15,2,OCaml,binary-trees,False,True,,3.63355
121.1064453125,84.5281982421875,0.0,16.14752197265625,3562.95,OCaml/OCaml.csv,16,2,OCaml,binary-trees,False,True,,3.56295
119.71630859375,84.46368408203125,0.0,15.8634033203125,3428.84,OCaml/OCaml.csv,17,2,OCaml,binary-trees,False,True,,3.42884
121.669921875,84.9571533203125,0.00103759765625,16.25439453125,3546.18,OCaml/OCaml.csv,18,2,OCaml,binary-trees,False,True,,3.5461799999999997
121.82098388671875,85.4581298828125,0.0,16.06646728515625,3522.66,OCaml/OCaml.csv,19,2,OCaml,binary-trees,False,True,,3.5226599999999997
122.13299560546875,85.42010498046875,0.0,16.10980224609375,3544.78,OCaml/OCaml.csv,20,2,OCaml,binary-trees,False,True,,3.5447800000000003
10.2054443359375,7.1988525390625,0.0,1.2850341796875,327.827,OCaml/OCaml.csv,21,3,OCaml,reverse-complement,False,True,,0.327827
10.38165283203125,7.5816650390625,0.0,1.19793701171875,286.561,OCaml/OCaml.csv,22,3,OCaml,reverse-complement,False,True,,0.28656099999999995
10.38006591796875,7.59075927734375,0.0,1.19195556640625,285.277,OCaml/OCaml.csv,23,3,OCaml,reverse-complement,False,True,,0.285277
10.31109619140625,7.58197021484375,0.0,1.17486572265625,279.219,OCaml/OCaml.csv,24,3,OCaml,reverse-complement,False,True,,0.279219
10.38958740234375,7.57763671875,0.0,1.19232177734375,288.49,OCaml/OCaml.csv,25,3,OCaml,reverse-complement,False,True,,0.28849
10.3031005859375,7.545166015625,0.0,1.18365478515625,283.443,OCaml/OCaml.csv,26,3,OCaml,reverse-complement,False,True,,0.283443
10.54803466796875,7.64776611328125,0.0,1.2008056640625,295.858,OCaml/OCaml.csv,27,3,OCaml,reverse-complement,False,True,,0.295858
10.6717529296875,7.7100830078125,0.0,1.218505859375,299.402,OCaml/OCaml.csv,28,3,OCaml,reverse-complement,False,True,,0.299402
10.3656005859375,7.5867919921875,0.0,1.17791748046875,283.387,OCaml/OCaml.csv,29,3,OCaml,reverse-complement,False,True,,0.283387
10.42657470703125,7.55987548828125,0.0,1.19677734375,292.009,OCaml/OCaml.csv,30,3,OCaml,reverse-complement,False,True,,0.292009
259.326171875,131.27703857421875,0.0,38.8848876953125,13044.5,OCaml/OCaml.csv,31,4,OCaml,regex-redux,False,True,,13.0445
260.7911376953125,132.55914306640625,0.00103759765625,38.64202880859375,12955.1,OCaml/OCaml.csv,32,4,OCaml,regex-redux,False,True,,12.9551
270.94207763671875,144.104736328125,0.0,38.77618408203125,12965.7,OCaml/OCaml.csv,33,4,OCaml,regex-redux,False,True,,12.9657
262.0399169921875,133.061279296875,0.0,39.2005615234375,13013.2,OCaml/OCaml.csv,34,4,OCaml,regex-redux,False,True,,13.013200000000001
260.6168212890625,132.40960693359375,0.00091552734375,38.71124267578125,12978.3,OCaml/OCaml.csv,35,4,OCaml,regex-redux,False,True,,12.978299999999999
265.3056640625,137.07098388671875,0.0,39.12261962890625,12993.1,OCaml/OCaml.csv,36,4,OCaml,regex-redux,False,True,,12.9931
263.1292724609375,133.9764404296875,0.0,38.7216796875,12968.9,OCaml/OCaml.csv,37,4,OCaml,regex-redux,False,True,,12.9689
261.33270263671875,132.8770751953125,0.0,38.648681640625,12947.9,OCaml/OCaml.csv,38,4,OCaml,regex-redux,False,True,,12.947899999999999
263.2393798828125,134.00213623046875,0.0009765625,38.7071533203125,12971.9,OCaml/OCaml.csv,39,4,OCaml,regex-redux,False,True,,12.9719
261.59454345703125,132.96807861328125,0.0,38.7706298828125,12994.9,OCaml/OCaml.csv,40,4,OCaml,regex-redux,False,True,,12.9949
328.7640380859375,256.4859619140625,0.0,19.29644775390625,7986.68,OCaml/OCaml.csv,41,5,OCaml,fannkuch-redux,False,True,,7.986680000000001
326.20166015625,254.7728271484375,0.0010986328125,19.03778076171875,7878.65,OCaml/OCaml.csv,42,5,OCaml,fannkuch-redux,False,True,,7.8786499999999995
326.66790771484375,255.30535888671875,0.0,18.9991455078125,7862.83,OCaml/OCaml.csv,43,5,OCaml,fannkuch-redux,False,True,,7.86283
326.629638671875,255.153076171875,0.0,19.04254150390625,7881.77,OCaml/OCaml.csv,44,5,OCaml,fannkuch-redux,False,True,,7.88177
330.1611328125,257.93798828125,0.0,19.064453125,7889.35,OCaml/OCaml.csv,45,5,OCaml,fannkuch-redux,False,True,,7.88935
334.02587890625,261.1187744140625,0.0,19.21929931640625,7954.77,OCaml/OCaml.csv,46,5,OCaml,fannkuch-redux,False,True,,7.954770000000001
333.559326171875,260.8271484375,0.0,19.15167236328125,7926.43,OCaml/OCaml.csv,47,5,OCaml,fannkuch-redux,False,True,,7.92643
331.5997314453125,259.39984130859375,0.001220703125,19.0013427734375,7864.01,OCaml/OCaml.csv,48,5,OCaml,fannkuch-redux,False,True,,7.86401
332.90753173828125,260.35919189453125,0.0,19.0306396484375,7875.29,OCaml/OCaml.csv,49,5,OCaml,fannkuch-redux,False,True,,7.87529
332.54779052734375,260.10699462890625,0.0,19.0328369140625,7877.07,OCaml/OCaml.csv,50,5,OCaml,fannkuch-redux,False,True,,7.87707
409.70208740234375,282.9107666015625,0.0,38.90087890625,13462.5,OCaml/OCaml.csv,51,6,OCaml,k-nucleotide,False,True,,13.4625
429.1038818359375,296.24639892578125,0.001220703125,41.036376953125,14069.0,OCaml/OCaml.csv,52,6,OCaml,k-nucleotide,False,True,,14.069
419.1126708984375,292.558837890625,0.0,38.243896484375,13218.0,OCaml/OCaml.csv,53,6,OCaml,k-nucleotide,False,True,,13.218
424.406005859375,290.8419189453125,0.0,41.12591552734375,14170.9,OCaml/OCaml.csv,54,6,OCaml,k-nucleotide,False,True,,14.1709
429.11669921875,298.77032470703125,0.001220703125,39.873291015625,13660.8,OCaml/OCaml.csv,55,6,OCaml,k-nucleotide,False,True,,13.6608
430.29803466796875,299.07049560546875,0.0,40.16033935546875,13769.8,OCaml/OCaml.csv,56,6,OCaml,k-nucleotide,False,True,,13.7698
429.0318603515625,295.9224853515625,0.0,41.14459228515625,14117.5,OCaml/OCaml.csv,57,6,OCaml,k-nucleotide,False,True,,14.1175
424.1212158203125,292.455810546875,0.00115966796875,40.874755859375,13993.4,OCaml/OCaml.csv,58,6,OCaml,k-nucleotide,False,True,,13.9934
421.75537109375,293.86944580078125,0.0,38.66741943359375,13391.9,OCaml/OCaml.csv,59,6,OCaml,k-nucleotide,False,True,,13.3919
425.3670654296875,292.26043701171875,0.0,41.23333740234375,14155.8,OCaml/OCaml.csv,60,6,OCaml,k-nucleotide,False,True,,14.1558
253.52154541015625,192.6640625,0.0010986328125,16.78167724609375,6934.02,OCaml/OCaml.csv,61,7,OCaml,mandelbrot,False,True,,6.93402
254.99700927734375,194.50042724609375,0.0,16.610595703125,6862.64,OCaml/OCaml.csv,62,7,OCaml,mandelbrot,False,True,,6.862640000000001
254.6422119140625,194.3177490234375,0.0,16.58355712890625,6851.65,OCaml/OCaml.csv,63,7,OCaml,mandelbrot,False,True,,6.851649999999999
254.7633056640625,194.28558349609375,0.0,16.62939453125,6870.17,OCaml/OCaml.csv,64,7,OCaml,mandelbrot,False,True,,6.87017
254.89739990234375,194.3946533203125,0.0,16.6666259765625,6871.71,OCaml/OCaml.csv,65,7,OCaml,mandelbrot,False,True,,6.87171
255.34405517578125,194.79632568359375,0.0,16.65533447265625,6867.08,OCaml/OCaml.csv,66,7,OCaml,mandelbrot,False,True,,6.86708
255.2916259765625,194.70404052734375,0.00115966796875,16.677734375,6875.65,OCaml/OCaml.csv,67,7,OCaml,mandelbrot,False,True,,6.875649999999999
254.94476318359375,194.5560302734375,0.0,16.59100341796875,6854.45,OCaml/OCaml.csv,68,7,OCaml,mandelbrot,False,True,,6.85445
255.36212158203125,194.8946533203125,0.0,16.58599853515625,6853.45,OCaml/OCaml.csv,69,7,OCaml,mandelbrot,False,True,,6.85345
255.8668212890625,195.23779296875,0.0,16.6468505859375,6863.35,OCaml/OCaml.csv,70,7,OCaml,mandelbrot,False,True,,6.8633500000000005
62.26849365234375,31.78326416015625,0.0,7.986083984375,3243.59,OCaml/OCaml.csv,71,8,OCaml,fasta,False,True,,3.24359
62.2230224609375,32.391357421875,0.0,7.8145751953125,3172.26,OCaml/OCaml.csv,72,8,OCaml,fasta,False,True,,3.17226
61.74505615234375,32.047119140625,0.0,7.810791015625,3171.43,OCaml/OCaml.csv,73,8,OCaml,fasta,False,True,,3.17143
68.25042724609375,37.41314697265625,0.00103759765625,7.8187255859375,3173.91,OCaml/OCaml.csv,74,8,OCaml,fasta,False,True,,3.17391
62.9141845703125,32.66485595703125,0.0,7.80572509765625,3169.59,OCaml/OCaml.csv,75,8,OCaml,fasta,False,True,,3.1695900000000004
62.46588134765625,32.49969482421875,0.0,7.8016357421875,3167.38,OCaml/OCaml.csv,76,8,OCaml,fasta,False,True,,3.16738
67.27020263671875,37.5418701171875,0.0,7.8116455078125,3171.47,OCaml/OCaml.csv,77,8,OCaml,fasta,False,True,,3.17147
61.6011962890625,31.982177734375,0.0,7.80596923828125,3168.68,OCaml/OCaml.csv,78,8,OCaml,fasta,False,True,,3.1686799999999997
62.08721923828125,32.18292236328125,0.0,7.81158447265625,3171.09,OCaml/OCaml.csv,79,8,OCaml,fasta,False,True,,3.17109
62.70263671875,32.5987548828125,0.0,7.80523681640625,3169.97,OCaml/OCaml.csv,80,8,OCaml,fasta,False,True,,3.1699699999999997
51.37811279296875,36.01690673828125,0.0,4.16455078125,1718.74,OCaml/OCaml.csv,81,9,OCaml,spectral-norm,False,True,,1.71874
51.69610595703125,36.53173828125,0.0,4.07000732421875,1680.88,OCaml/OCaml.csv,82,9,OCaml,spectral-norm,False,True,,1.6808800000000002
51.839111328125,36.54510498046875,0.0,4.10125732421875,1694.31,OCaml/OCaml.csv,83,9,OCaml,spectral-norm,False,True,,1.69431
51.3902587890625,36.49139404296875,0.0,4.00244140625,1651.98,OCaml/OCaml.csv,84,9,OCaml,spectral-norm,False,True,,1.65198
52.20257568359375,36.69720458984375,0.0,4.15545654296875,1716.08,OCaml/OCaml.csv,85,9,OCaml,spectral-norm,False,True,,1.7160799999999998
51.513671875,36.5103759765625,0.0,4.03271484375,1665.19,OCaml/OCaml.csv,86,9,OCaml,spectral-norm,False,True,,1.66519
51.81072998046875,36.65972900390625,0.0,4.06829833984375,1679.32,OCaml/OCaml.csv,87,9,OCaml,spectral-norm,False,True,,1.67932
51.7247314453125,36.550537109375,0.0,4.07464599609375,1683.32,OCaml/OCaml.csv,88,9,OCaml,spectral-norm,False,True,,1.68332
51.92718505859375,36.613037109375,0.0,4.10638427734375,1696.18,OCaml/OCaml.csv,89,9,OCaml,spectral-norm,False,True,,1.69618
52.19281005859375,36.73345947265625,0.0,4.13983154296875,1709.15,OCaml/OCaml.csv,90,9,OCaml,spectral-norm,False,True,,1.7091500000000002
110.7109375,55.085693359375,0.0,14.25335693359375,5899.1,OCaml/OCaml.csv,91,10,OCaml,n-body,False,True,,5.899100000000001
110.8807373046875,55.32965087890625,0.0,14.15106201171875,5857.69,OCaml/OCaml.csv,92,10,OCaml,n-body,False,True,,5.85769
110.369140625,55.02911376953125,0.00128173828125,14.1510009765625,5857.58,OCaml/OCaml.csv,93,10,OCaml,n-body,False,True,,5.85758
111.59295654296875,55.88677978515625,0.0,14.15594482421875,5858.92,OCaml/OCaml.csv,94,10,OCaml,n-body,False,True,,5.85892
109.47088623046875,54.514404296875,0.0,14.15106201171875,5857.76,OCaml/OCaml.csv,95,10,OCaml,n-body,False,True,,5.85776
110.30548095703125,55.05322265625,0.0,14.1510009765625,5857.87,OCaml/OCaml.csv,96,10,OCaml,n-body,False,True,,5.85787
109.37335205078125,54.45098876953125,0.0,14.15106201171875,5857.4,OCaml/OCaml.csv,97,10,OCaml,n-body,False,True,,5.857399999999999
109.66021728515625,54.72705078125,0.0,14.1534423828125,5857.72,OCaml/OCaml.csv,98,10,OCaml,n-body,False,True,,5.8577200000000005
109.89605712890625,54.76959228515625,0.0,14.15130615234375,5858.02,OCaml/OCaml.csv,99,10,OCaml,n-body,False,True,,5.858020000000001
109.63690185546875,54.67523193359375,0.00115966796875,14.1534423828125,5858.33,OCaml/OCaml.csv,100,10,OCaml,n-body,False,True,,5.85833
126.6392822265625,87.69989013671875,0.0,16.77960205078125,3682.38,OCaml/OCaml.csv,101,11,OCaml,binary-trees,False,True,,3.68238
127.19464111328125,88.59521484375,0.0,16.659423828125,3613.05,OCaml/OCaml.csv,102,11,OCaml,binary-trees,False,True,,3.6130500000000003
125.246826171875,88.2264404296875,0.0,16.00128173828125,3471.27,OCaml/OCaml.csv,103,11,OCaml,binary-trees,False,True,,3.47127
130.17510986328125,90.60552978515625,0.0,16.68524169921875,3715.05,OCaml/OCaml.csv,104,11,OCaml,binary-trees,False,True,,3.71505
126.4306640625,88.60028076171875,0.0,16.6500244140625,3531.03,OCaml/OCaml.csv,105,11,OCaml,binary-trees,False,True,,3.5310300000000003
125.21002197265625,88.16204833984375,0.0,16.049560546875,3473.95,OCaml/OCaml.csv,106,11,OCaml,binary-trees,False,True,,3.47395
127.26116943359375,88.55963134765625,0.0,16.5081787109375,3626.14,OCaml/OCaml.csv,107,11,OCaml,binary-trees,False,True,,3.62614
127.2091064453125,88.52703857421875,0.0,16.50518798828125,3625.21,OCaml/OCaml.csv,108,11,OCaml,binary-trees,False,True,,3.62521
126.173828125,88.743408203125,0.0,16.5767822265625,3492.75,OCaml/OCaml.csv,109,11,OCaml,binary-trees,False,True,,3.49275
127.46209716796875,88.853759765625,0.0,16.4808349609375,3617.41,OCaml/OCaml.csv,110,11,OCaml,binary-trees,False,True,,3.61741
20.89300537109375,8.66839599609375,0.0,4.0264892578125,1460.7,OCaml/OCaml.csv,111,12,OCaml,reverse-complement,False,True,,1.4607
10.72296142578125,7.81964111328125,0.0,1.18365478515625,285.888,OCaml/OCaml.csv,112,12,OCaml,reverse-complement,False,True,,0.285888
10.557373046875,7.691650390625,0.0,1.18133544921875,285.744,OCaml/OCaml.csv,113,12,OCaml,reverse-complement,False,True,,0.28574400000000005
10.5496826171875,7.7701416015625,0.0,1.17138671875,275.83,OCaml/OCaml.csv,114,12,OCaml,reverse-complement,False,True,,0.27582999999999996
10.5826416015625,7.73675537109375,0.0,1.17730712890625,282.328,OCaml/OCaml.csv,115,12,OCaml,reverse-complement,False,True,,0.28232799999999997
10.46527099609375,7.69158935546875,0.0,1.16705322265625,278.278,OCaml/OCaml.csv,116,12,OCaml,reverse-complement,False,True,,0.278278
10.5797119140625,7.74188232421875,0.0,1.17510986328125,282.15,OCaml/OCaml.csv,117,12,OCaml,reverse-complement,False,True,,0.28214999999999996
10.6373291015625,7.7601318359375,0.0,1.1754150390625,285.291,OCaml/OCaml.csv,118,12,OCaml,reverse-complement,False,True,,0.285291
10.7149658203125,7.72222900390625,0.0,1.21246337890625,298.924,OCaml/OCaml.csv,119,12,OCaml,reverse-complement,False,True,,0.29892399999999997
10.5303955078125,7.757568359375,0.0,1.1636962890625,276.555,OCaml/OCaml.csv,120,12,OCaml,reverse-complement,False,True,,0.276555
268.6090087890625,135.74908447265625,0.0,39.55401611328125,13325.9,OCaml/OCaml.csv,121,13,OCaml,regex-redux,False,True,,13.325899999999999
265.17193603515625,135.4110107421875,0.0,38.72705078125,12981.2,OCaml/OCaml.csv,122,13,OCaml,regex-redux,False,True,,12.981200000000001
264.84881591796875,135.1463623046875,0.0010986328125,38.6748046875,12959.6,OCaml/OCaml.csv,123,13,OCaml,regex-redux,False,True,,12.9596
264.664306640625,134.7490234375,0.0,38.669677734375,12958.3,OCaml/OCaml.csv,124,13,OCaml,regex-redux,False,True,,12.9583
265.61114501953125,135.427490234375,0.0,38.8590087890625,13028.8,OCaml/OCaml.csv,125,13,OCaml,regex-redux,False,True,,13.028799999999999
264.5181884765625,134.90997314453125,0.0010986328125,38.73345947265625,12982.3,OCaml/OCaml.csv,126,13,OCaml,regex-redux,False,True,,12.982299999999999
263.53277587890625,134.37750244140625,0.0,38.686279296875,12956.6,OCaml/OCaml.csv,127,13,OCaml,regex-redux,False,True,,12.9566
264.88043212890625,134.83465576171875,0.0,38.79962158203125,13001.9,OCaml/OCaml.csv,128,13,OCaml,regex-redux,False,True,,13.0019
265.58514404296875,135.4730224609375,0.0010986328125,38.813720703125,13005.7,OCaml/OCaml.csv,129,13,OCaml,regex-redux,False,True,,13.005700000000001
264.2969970703125,134.53021240234375,0.0,38.75604248046875,12996.9,OCaml/OCaml.csv,130,13,OCaml,regex-redux,False,True,,12.9969
331.8138427734375,258.96075439453125,0.0,19.24737548828125,7964.81,OCaml/OCaml.csv,131,14,OCaml,fannkuch-redux,False,True,,7.964810000000001
333.19189453125,260.255615234375,0.0,19.19830322265625,7936.61,OCaml/OCaml.csv,132,14,OCaml,fannkuch-redux,False,True,,7.93661
331.89483642578125,259.4815673828125,0.001220703125,19.01922607421875,7870.54,OCaml/OCaml.csv,133,14,OCaml,fannkuch-redux,False,True,,7.87054
333.89373779296875,261.0811767578125,0.0,19.11590576171875,7911.97,OCaml/OCaml.csv,134,14,OCaml,fannkuch-redux,False,True,,7.91197
333.94244384765625,261.24945068359375,0.0,19.0067138671875,7865.96,OCaml/OCaml.csv,135,14,OCaml,fannkuch-redux,False,True,,7.86596
334.46588134765625,261.55230712890625,0.0,19.05059814453125,7883.86,OCaml/OCaml.csv,136,14,OCaml,fannkuch-redux,False,True,,7.883859999999999
336.0035400390625,262.87457275390625,0.0,19.038330078125,7878.91,OCaml/OCaml.csv,137,14,OCaml,fannkuch-redux,False,True,,7.878909999999999
336.527587890625,263.35430908203125,0.0,19.0240478515625,7873.15,OCaml/OCaml.csv,138,14,OCaml,fannkuch-redux,False,True,,7.87315
337.69195556640625,264.30108642578125,0.00140380859375,19.0479736328125,7883.29,OCaml/OCaml.csv,139,14,OCaml,fannkuch-redux,False,True,,7.88329
338.09014892578125,264.67901611328125,0.0,19.00933837890625,7866.33,OCaml/OCaml.csv,140,14,OCaml,fannkuch-redux,False,True,,7.86633
424.31707763671875,289.129150390625,0.0,40.252197265625,14125.7,OCaml/OCaml.csv,141,15,OCaml,k-nucleotide,False,True,,14.1257
434.58636474609375,302.34967041015625,0.00128173828125,40.07861328125,13750.1,OCaml/OCaml.csv,142,15,OCaml,k-nucleotide,False,True,,13.7501
415.89691162109375,286.413330078125,0.0,39.0462646484375,13574.1,OCaml/OCaml.csv,143,15,OCaml,k-nucleotide,False,True,,13.5741
428.90936279296875,296.3609619140625,0.0,40.48675537109375,13901.0,OCaml/OCaml.csv,144,15,OCaml,k-nucleotide,False,True,,13.901
424.68310546875,296.7830810546875,0.0,38.41461181640625,13276.5,OCaml/OCaml.csv,145,15,OCaml,k-nucleotide,False,True,,13.2765
422.3865966796875,293.03875732421875,0.00128173828125,38.5853271484375,13409.0,OCaml/OCaml.csv,146,15,OCaml,k-nucleotide,False,True,,13.409
416.29156494140625,291.18585205078125,0.0,37.87762451171875,13041.3,OCaml/OCaml.csv,147,15,OCaml,k-nucleotide,False,True,,13.0413
421.06414794921875,292.578857421875,0.0,38.720947265625,13406.0,OCaml/OCaml.csv,148,15,OCaml,k-nucleotide,False,True,,13.406
421.70947265625,294.6981201171875,0.0013427734375,38.24188232421875,13186.0,OCaml/OCaml.csv,149,15,OCaml,k-nucleotide,False,True,,13.186
436.07440185546875,303.38690185546875,0.0,40.31219482421875,13834.6,OCaml/OCaml.csv,150,15,OCaml,k-nucleotide,False,True,,13.8346
255.6319580078125,194.87890625,0.0,16.6746826171875,6887.34,OCaml/OCaml.csv,151,16,OCaml,mandelbrot,False,True,,6.88734
255.95745849609375,195.3912353515625,0.0,16.58428955078125,6851.92,OCaml/OCaml.csv,152,16,OCaml,mandelbrot,False,True,,6.85192
256.60205078125,195.83282470703125,0.001220703125,16.6082763671875,6861.65,OCaml/OCaml.csv,153,16,OCaml,mandelbrot,False,True,,6.86165
256.10174560546875,195.528076171875,0.0,16.63287353515625,6856.54,OCaml/OCaml.csv,154,16,OCaml,mandelbrot,False,True,,6.85654
256.56610107421875,195.8914794921875,0.0,16.6390380859375,6860.0,OCaml/OCaml.csv,155,16,OCaml,mandelbrot,False,True,,6.86
256.37542724609375,195.72442626953125,0.0,16.6138916015625,6862.9,OCaml/OCaml.csv,156,16,OCaml,mandelbrot,False,True,,6.8629
256.80029296875,196.0001220703125,0.0,16.62896728515625,6869.57,OCaml/OCaml.csv,157,16,OCaml,mandelbrot,False,True,,6.8695699999999995
256.63726806640625,195.989501953125,0.0,16.64886474609375,6860.71,OCaml/OCaml.csv,158,16,OCaml,mandelbrot,False,True,,6.86071
257.16461181640625,196.35919189453125,0.00128173828125,16.6102294921875,6860.93,OCaml/OCaml.csv,159,16,OCaml,mandelbrot,False,True,,6.860930000000001
257.77032470703125,196.7498779296875,0.0,16.64617919921875,6876.15,OCaml/OCaml.csv,160,16,OCaml,mandelbrot,False,True,,6.87615
63.6068115234375,32.8377685546875,0.0,7.92510986328125,3217.45,OCaml/OCaml.csv,161,17,OCaml,fasta,False,True,,3.21745
64.13262939453125,33.38568115234375,0.0,7.80419921875,3168.03,OCaml/OCaml.csv,162,17,OCaml,fasta,False,True,,3.1680300000000003
63.614990234375,33.05419921875,0.0,7.8070068359375,3167.17,OCaml/OCaml.csv,163,17,OCaml,fasta,False,True,,3.16717
63.23236083984375,32.79290771484375,0.0,7.8004150390625,3166.25,OCaml/OCaml.csv,164,17,OCaml,fasta,False,True,,3.16625
63.15045166015625,32.76495361328125,0.0,7.81243896484375,3168.45,OCaml/OCaml.csv,165,17,OCaml,fasta,False,True,,3.16845
63.22613525390625,32.84271240234375,0.0,7.7978515625,3165.47,OCaml/OCaml.csv,166,17,OCaml,fasta,False,True,,3.16547
62.96148681640625,32.79559326171875,0.00115966796875,7.80535888671875,3168.69,OCaml/OCaml.csv,167,17,OCaml,fasta,False,True,,3.1686900000000002
63.3516845703125,32.87945556640625,0.0,7.80511474609375,3167.44,OCaml/OCaml.csv,168,17,OCaml,fasta,False,True,,3.16744
63.02398681640625,32.70587158203125,0.0,7.81005859375,3168.26,OCaml/OCaml.csv,169,17,OCaml,fasta,False,True,,3.16826
62.3016357421875,32.34783935546875,0.0,7.80645751953125,3166.68,OCaml/OCaml.csv,170,17,OCaml,fasta,False,True,,3.16668
52.19927978515625,36.70379638671875,0.0,4.16473388671875,1720.2,OCaml/OCaml.csv,171,18,OCaml,spectral-norm,False,True,,1.7202
52.4676513671875,36.888427734375,0.0,4.15625,1715.85,OCaml/OCaml.csv,172,18,OCaml,spectral-norm,False,True,,1.7158499999999999
52.111328125,36.94305419921875,0.0,4.0413818359375,1667.43,OCaml/OCaml.csv,173,18,OCaml,spectral-norm,False,True,,1.66743
52.56195068359375,37.01153564453125,0.0,4.13995361328125,1708.96,OCaml/OCaml.csv,174,18,OCaml,spectral-norm,False,True,,1.70896
51.90771484375,36.82196044921875,0.0,4.02569580078125,1662.23,OCaml/OCaml.csv,175,18,OCaml,spectral-norm,False,True,,1.66223
51.98046875,36.98583984375,0.0,3.99493408203125,1648.43,OCaml/OCaml.csv,176,18,OCaml,spectral-norm,False,True,,1.64843
52.06219482421875,36.87548828125,0.0,4.05560302734375,1673.96,OCaml/OCaml.csv,177,18,OCaml,spectral-norm,False,True,,1.6739600000000001
52.1710205078125,36.9285888671875,0.0,4.06610107421875,1678.77,OCaml/OCaml.csv,178,18,OCaml,spectral-norm,False,True,,1.6787699999999999
51.94097900390625,36.88116455078125,0.0,4.0240478515625,1660.63,OCaml/OCaml.csv,179,18,OCaml,spectral-norm,False,True,,1.66063
52.3900146484375,36.88934326171875,0.0,4.13995361328125,1709.08,OCaml/OCaml.csv,180,18,OCaml,spectral-norm,False,True,,1.70908
3624.2179565429688,1956.7227783203125,0.0042724609375,417.4541015625,172792.0,PHP/PHP.csv,1,1,PHP,n-body,False,True,,172.792
3705.3783569335938,1995.5387573242188,0.0040283203125,431.78070068359375,178723.0,PHP/PHP.csv,2,1,PHP,n-body,False,True,,178.723
3728.1396484375,2008.4390258789062,0.00408935546875,431.55316162109375,178616.0,PHP/PHP.csv,3,1,PHP,n-body,False,True,,178.616
3743.339111328125,2015.8920288085938,0.00518798828125,434.78955078125,179969.0,PHP/PHP.csv,4,1,PHP,n-body,False,True,,179.969
3702.2608032226562,1994.6544799804688,0.004150390625,431.60284423828125,178649.0,PHP/PHP.csv,5,1,PHP,n-body,False,True,,178.649
3765.2859497070312,2029.3101806640625,0.00421142578125,433.759765625,179543.0,PHP/PHP.csv,6,1,PHP,n-body,False,True,,179.543
-258449.82806396484,1990.4237670898438,0.004150390625,432.53289794921875,179034.0,PHP/PHP.csv,7,1,PHP,n-body,False,False,negative_energy|invalid_package,179.034
3678.6666259765625,1985.6787719726562,0.0042724609375,423.07025146484375,175118.0,PHP/PHP.csv,8,1,PHP,n-body,False,True,,175.118
3834.23828125,2054.6610717773438,0.005126953125,456.3406982421875,188888.0,PHP/PHP.csv,9,1,PHP,n-body,False,True,,188.888
3694.0545654296875,1986.9036254882812,0.00396728515625,437.43145751953125,181009.0,PHP/PHP.csv,10,1,PHP,n-body,False,True,,181.009
1638.9447021484375,1232.63623046875,0.001220703125,124.2698974609375,42837.9,PHP/PHP.csv,11,2,PHP,binary-trees,False,True,,42.837900000000005
1695.6439208984375,1275.240478515625,0.0013427734375,126.27850341796875,43682.6,PHP/PHP.csv,12,2,PHP,binary-trees,False,True,,43.6826
1643.8353271484375,1239.5205688476562,0.0013427734375,122.22247314453125,42019.1,PHP/PHP.csv,13,2,PHP,binary-trees,False,True,,42.0191
1667.050537109375,1257.16748046875,0.00140380859375,122.8612060546875,42211.7,PHP/PHP.csv,14,2,PHP,binary-trees,False,True,,42.2117
1664.0010375976562,1253.6865844726562,0.00140380859375,122.41162109375,42112.6,PHP/PHP.csv,15,2,PHP,binary-trees,False,True,,42.1126
1682.4144897460938,1268.4938354492188,0.00146484375,123.32830810546875,42374.2,PHP/PHP.csv,16,2,PHP,binary-trees,False,True,,42.374199999999995
1676.105224609375,1264.0252685546875,0.00146484375,122.55328369140625,42175.9,PHP/PHP.csv,17,2,PHP,binary-trees,False,True,,42.1759
1669.05029296875,1259.3839111328125,0.00140380859375,122.20025634765625,41935.2,PHP/PHP.csv,18,2,PHP,binary-trees,False,True,,41.935199999999995
1676.9840698242188,1265.1625366210938,0.00140380859375,123.1182861328125,42315.4,PHP/PHP.csv,19,2,PHP,binary-trees,False,True,,42.315400000000004
1672.838134765625,1260.9140014648438,0.0013427734375,122.5272216796875,42161.0,PHP/PHP.csv,20,2,PHP,binary-trees,False,True,,42.161
42.1044921875,22.39910888671875,0.0,5.79083251953125,2032.81,PHP/PHP.csv,21,3,PHP,reverse-complement,False,True,,2.03281
33.8719482421875,21.84539794921875,0.0,3.75750732421875,1214.2,PHP/PHP.csv,22,3,PHP,reverse-complement,False,True,,1.2142
33.497314453125,21.56689453125,0.0,3.73712158203125,1206.19,PHP/PHP.csv,23,3,PHP,reverse-complement,False,True,,1.20619
34.7137451171875,22.626953125,0.0,3.806640625,1211.99,PHP/PHP.csv,24,3,PHP,reverse-complement,False,True,,1.21199
33.6552734375,21.73779296875,0.0,3.734375,1203.63,PHP/PHP.csv,25,3,PHP,reverse-complement,False,True,,1.2036300000000002
34.810791015625,22.4970703125,0.0,3.7691650390625,1215.03,PHP/PHP.csv,26,3,PHP,reverse-complement,False,True,,1.21503
33.48675537109375,21.58544921875,0.0,3.7403564453125,1206.51,PHP/PHP.csv,27,3,PHP,reverse-complement,False,True,,1.20651
33.5076904296875,21.61346435546875,0.0,3.73974609375,1204.81,PHP/PHP.csv,28,3,PHP,reverse-complement,False,True,,1.20481
33.63482666015625,21.68499755859375,0.0,3.7440185546875,1205.69,PHP/PHP.csv,29,3,PHP,reverse-complement,False,True,,1.2056900000000002
33.513916015625,21.69134521484375,0.0,3.7325439453125,1204.4,PHP/PHP.csv,30,3,PHP,reverse-complement,False,True,,1.2044000000000001
653.9496459960938,359.50848388671875,0.0010986328125,73.62091064453125,30431.8,PHP/PHP.csv,31,4,PHP,fasta,False,True,,30.4318
630.611328125,348.369384765625,0.0,71.07275390625,29378.1,PHP/PHP.csv,32,4,PHP,fasta,False,True,,29.3781
633.8738403320312,349.388916015625,0.00103759765625,72.1011962890625,29804.8,PHP/PHP.csv,33,4,PHP,fasta,False,True,,29.8048
686.5903930664062,374.08331298828125,0.00103759765625,78.96649169921875,32641.0,PHP/PHP.csv,34,4,PHP,fasta,False,True,,32.641
627.740234375,346.84234619140625,0.0,71.14141845703125,29404.4,PHP/PHP.csv,35,4,PHP,fasta,False,True,,29.404400000000003
634.0881958007812,349.77886962890625,0.0010986328125,72.08270263671875,29800.5,PHP/PHP.csv,36,4,PHP,fasta,False,True,,29.8005
631.5947875976562,348.22723388671875,0.00103759765625,72.20709228515625,29848.0,PHP/PHP.csv,37,4,PHP,fasta,False,True,,29.848
624.0036010742188,344.497802734375,0.0,71.22027587890625,29438.5,PHP/PHP.csv,38,4,PHP,fasta,False,True,,29.4385
689.4255981445312,378.56756591796875,0.0010986328125,79.24981689453125,32762.6,PHP/PHP.csv,39,4,PHP,fasta,False,True,,32.7626
620.9649658203125,342.882568359375,0.0009765625,71.06219482421875,29374.4,PHP/PHP.csv,40,4,PHP,fasta,False,True,,29.3744
967.4046020507812,788.82373046875,0.0,46.07110595703125,19062.3,PHP/PHP.csv,41,5,PHP,spectral-norm,False,True,,19.0623
980.1749877929688,799.9713134765625,0.00128173828125,45.99688720703125,19030.2,PHP/PHP.csv,42,5,PHP,spectral-norm,False,True,,19.0302
992.172607421875,810.3199462890625,0.0,45.92559814453125,19002.0,PHP/PHP.csv,43,5,PHP,spectral-norm,False,True,,19.002
993.31494140625,811.5103149414062,0.00152587890625,45.9346923828125,19005.0,PHP/PHP.csv,44,5,PHP,spectral-norm,False,True,,19.005
1008.3079223632812,823.2437744140625,0.0,46.34442138671875,19175.1,PHP/PHP.csv,45,5,PHP,spectral-norm,False,True,,19.175099999999997
1016.9808349609375,830.9772338867188,0.00164794921875,46.29669189453125,19155.2,PHP/PHP.csv,46,5,PHP,spectral-norm,False,True,,19.1552
1007.2344970703125,823.259765625,0.0,45.9190673828125,18998.6,PHP/PHP.csv,47,5,PHP,spectral-norm,False,True,,18.9986
1018.9035034179688,833.0601196289062,0.00164794921875,45.9183349609375,18998.4,PHP/PHP.csv,48,5,PHP,spectral-norm,False,True,,18.9984
1013.3729858398438,828.4944458007812,0.0,45.916015625,18997.4,PHP/PHP.csv,49,5,PHP,spectral-norm,False,True,,18.997400000000003
1033.2583618164062,844.0574951171875,0.0,46.66326904296875,19305.5,PHP/PHP.csv,50,5,PHP,spectral-norm,False,True,,19.3055
3673.970947265625,1976.1435546875,0.005126953125,432.49591064453125,179018.0,PHP/PHP.csv,51,6,PHP,n-body,False,True,,179.018
3772.3607177734375,2032.2799682617188,0.00439453125,433.50897216796875,179440.0,PHP/PHP.csv,52,6,PHP,n-body,False,True,,179.44
3760.0020141601562,2028.2083129882812,0.00445556640625,431.55731201171875,178631.0,PHP/PHP.csv,53,6,PHP,n-body,False,True,,178.631
3777.4149780273438,2038.0667724609375,0.00457763671875,433.62078857421875,179485.0,PHP/PHP.csv,54,6,PHP,n-body,False,True,,179.485
3755.7570190429688,2022.8028564453125,0.00469970703125,431.21612548828125,178490.0,PHP/PHP.csv,55,6,PHP,n-body,False,True,,178.49
3759.4612426757812,2028.2078247070312,0.004638671875,431.69091796875,178686.0,PHP/PHP.csv,56,6,PHP,n-body,False,True,,178.686
3778.0787353515625,2035.2593994140625,0.00469970703125,433.6324462890625,179491.0,PHP/PHP.csv,57,6,PHP,n-body,False,True,,179.491
3758.2073364257812,2027.6969604492188,0.00555419921875,431.4881591796875,178602.0,PHP/PHP.csv,58,6,PHP,n-body,False,True,,178.602
3835.86865234375,2067.3013916015625,0.00439453125,439.86474609375,182058.0,PHP/PHP.csv,59,6,PHP,n-body,False,True,,182.058
3923.7997436523438,2104.7725219726562,0.00439453125,450.78662109375,186591.0,PHP/PHP.csv,60,6,PHP,n-body,False,True,,186.591
1649.3884887695312,1242.5980224609375,0.00115966796875,123.45489501953125,42229.2,PHP/PHP.csv,61,7,PHP,binary-trees,False,True,,42.2292
1669.9595947265625,1259.9301147460938,0.00140380859375,123.01568603515625,42173.7,PHP/PHP.csv,62,7,PHP,binary-trees,False,True,,42.1737
1684.4191284179688,1270.1058349609375,0.00140380859375,123.75628662109375,42492.8,PHP/PHP.csv,63,7,PHP,binary-trees,False,True,,42.4928
1678.8193969726562,1266.1084594726562,0.00140380859375,122.6641845703125,42109.1,PHP/PHP.csv,64,7,PHP,binary-trees,False,True,,42.1091
1699.5596313476562,1279.5807495117188,0.00152587890625,124.390625,42895.4,PHP/PHP.csv,65,7,PHP,binary-trees,False,True,,42.8954
1689.2594604492188,1274.99853515625,0.00152587890625,122.492919921875,42089.9,PHP/PHP.csv,66,7,PHP,binary-trees,False,True,,42.0899
1700.2578735351562,1283.5775756835938,0.00152587890625,123.08258056640625,42240.3,PHP/PHP.csv,67,7,PHP,binary-trees,False,True,,42.240300000000005
1695.5550537109375,1279.484130859375,0.00152587890625,122.84515380859375,42214.7,PHP/PHP.csv,68,7,PHP,binary-trees,False,True,,42.2147
1699.4171142578125,1280.8463745117188,0.0015869140625,123.186279296875,42310.6,PHP/PHP.csv,69,7,PHP,binary-trees,False,True,,42.3106
1716.2105712890625,1294.2793579101562,0.00146484375,124.57049560546875,42909.7,PHP/PHP.csv,70,7,PHP,binary-trees,False,True,,42.909699999999994
43.05364990234375,22.4853515625,0.0,6.035400390625,2137.61,PHP/PHP.csv,71,8,PHP,reverse-complement,False,True,,2.13761
35.54827880859375,22.96490478515625,0.0,3.7708740234375,1215.22,PHP/PHP.csv,72,8,PHP,reverse-complement,False,True,,1.21522
34.2530517578125,22.063720703125,0.0,3.76190185546875,1209.77,PHP/PHP.csv,73,8,PHP,reverse-complement,False,True,,1.20977
34.719482421875,22.41192626953125,0.0,3.75335693359375,1206.9,PHP/PHP.csv,74,8,PHP,reverse-complement,False,True,,1.2069
34.0985107421875,22.09051513671875,0.0,3.76800537109375,1209.44,PHP/PHP.csv,75,8,PHP,reverse-complement,False,True,,1.20944
33.6395263671875,21.7041015625,0.0,3.750732421875,1204.32,PHP/PHP.csv,76,8,PHP,reverse-complement,False,True,,1.2043199999999998
34.20025634765625,22.05908203125,0.0013427734375,3.776123046875,1215.87,PHP/PHP.csv,77,8,PHP,reverse-complement,False,True,,1.2158699999999998
34.4534912109375,22.1861572265625,0.0,3.7496337890625,1206.7,PHP/PHP.csv,78,8,PHP,reverse-complement,False,True,,1.2067
34.3720703125,22.1773681640625,0.0,3.75518798828125,1207.09,PHP/PHP.csv,79,8,PHP,reverse-complement,False,True,,1.20709
35.0323486328125,22.5596923828125,0.0,3.85064697265625,1241.72,PHP/PHP.csv,80,8,PHP,reverse-complement,False,True,,1.24172
46.018798828125,30.08758544921875,0.0,4.25750732421875,1634.73,PHP/PHP.csv,81,9,PHP,regex-redux,False,True,,1.63473
46.53656005859375,30.12530517578125,0.0,4.38470458984375,1684.82,PHP/PHP.csv,82,9,PHP,regex-redux,False,True,,1.68482
46.3358154296875,30.2615966796875,0.0,4.27838134765625,1641.11,PHP/PHP.csv,83,9,PHP,regex-redux,False,True,,1.6411099999999998
46.6619873046875,30.2113037109375,0.0,4.40985107421875,1691.46,PHP/PHP.csv,84,9,PHP,regex-redux,False,True,,1.69146
46.33758544921875,30.26263427734375,0.0,4.31005859375,1655.24,PHP/PHP.csv,85,9,PHP,regex-redux,False,True,,1.65524
46.5977783203125,30.23162841796875,0.0,4.3768310546875,1681.56,PHP/PHP.csv,86,9,PHP,regex-redux,False,True,,1.68156
46.40045166015625,30.32574462890625,0.0,4.26873779296875,1643.86,PHP/PHP.csv,87,9,PHP,regex-redux,False,True,,1.6438599999999999
46.8873291015625,30.337890625,0.0,4.41448974609375,1696.13,PHP/PHP.csv,88,9,PHP,regex-redux,False,True,,1.6961300000000001
46.44970703125,30.2630615234375,0.0,4.3189697265625,1658.86,PHP/PHP.csv,89,9,PHP,regex-redux,False,True,,1.65886
46.3861083984375,30.13525390625,0.0,4.359375,1675.33,PHP/PHP.csv,90,9,PHP,regex-redux,False,True,,1.67533
-255490.73400878906,5413.440673828125,0.0048828125,307.5213623046875,127281.0,PHP/PHP.csv,91,10,PHP,fannkuch-redux,False,False,negative_energy|invalid_package,127.281
6634.4637451171875,5398.967224121094,0.00537109375,304.61822509765625,126080.0,PHP/PHP.csv,92,10,PHP,fannkuch-redux,False,True,,126.08
6662.086608886719,-256720.65887451172,0.00543212890625,304.0111083984375,125828.0,PHP/PHP.csv,93,10,PHP,fannkuch-redux,False,False,negative_energy,125.828
6672.471130371094,5430.1815185546875,0.0054931640625,304.87469482421875,126186.0,PHP/PHP.csv,94,10,PHP,fannkuch-redux,False,True,,126.186
6663.017333984375,5425.4989013671875,0.0054931640625,303.77777099609375,125732.0,PHP/PHP.csv,95,10,PHP,fannkuch-redux,False,True,,125.732
6659.674865722656,5422.566467285156,0.00555419921875,304.10711669921875,125869.0,PHP/PHP.csv,96,10,PHP,fannkuch-redux,False,True,,125.869
6689.7821044921875,5447.94873046875,0.00543212890625,304.3603515625,125973.0,PHP/PHP.csv,97,10,PHP,fannkuch-redux,False,True,,125.973
6690.5582275390625,5446.352233886719,0.00555419921875,305.49609375,126430.0,PHP/PHP.csv,98,10,PHP,fannkuch-redux,False,True,,126.43
6686.156982421875,5443.413330078125,0.005615234375,305.00604248046875,126241.0,PHP/PHP.csv,99,10,PHP,fannkuch-redux,False,True,,126.241
6660.092590332031,5424.0234375,0.0057373046875,303.80975341796875,125745.0,PHP/PHP.csv,100,10,PHP,fannkuch-redux,False,True,,125.745
1153.1476440429688,852.947998046875,0.0,80.44171142578125,29507.9,PHP/PHP.csv,101,11,PHP,k-nucleotide,False,True,,29.507900000000003
1141.235595703125,846.1005859375,0.001708984375,79.277587890625,28964.7,PHP/PHP.csv,102,11,PHP,k-nucleotide,False,True,,28.9647
1140.8123779296875,838.7103271484375,0.0015869140625,81.26165771484375,29833.1,PHP/PHP.csv,103,11,PHP,k-nucleotide,False,True,,29.833099999999998
1125.364013671875,832.5272827148438,0.0,79.33978271484375,29009.1,PHP/PHP.csv,104,11,PHP,k-nucleotide,False,True,,29.0091
1118.3460693359375,826.5934448242188,0.0015869140625,79.321533203125,29016.3,PHP/PHP.csv,105,11,PHP,k-nucleotide,False,True,,29.016299999999998
1131.7589111328125,836.7304077148438,0.0015869140625,79.97100830078125,29293.9,PHP/PHP.csv,106,11,PHP,k-nucleotide,False,True,,29.2939
1127.5150756835938,832.65234375,0.0,79.7496337890625,29181.1,PHP/PHP.csv,107,11,PHP,k-nucleotide,False,True,,29.181099999999997
1122.58544921875,828.6128540039062,0.00152587890625,79.864990234375,29259.6,PHP/PHP.csv,108,11,PHP,k-nucleotide,False,True,,29.2596
1133.4625854492188,836.4913940429688,0.0015869140625,80.658935546875,29609.5,PHP/PHP.csv,109,11,PHP,k-nucleotide,False,True,,29.6095
1121.9584350585938,826.957275390625,0.0,80.2774658203125,29441.8,PHP/PHP.csv,110,11,PHP,k-nucleotide,False,True,,29.4418
3927.4542846679688,3164.8196411132812,0.001708984375,179.7469482421875,74376.6,PHP/PHP.csv,111,12,PHP,mandelbrot,False,True,,74.37660000000001
3972.3790283203125,3203.0062866210938,0.00390625,179.23516845703125,74165.3,PHP/PHP.csv,112,12,PHP,mandelbrot,False,True,,74.1653
3953.0068359375,3188.4490966796875,0.0040283203125,177.89031982421875,73607.4,PHP/PHP.csv,113,12,PHP,mandelbrot,False,True,,73.6074
3977.0995483398438,3209.7832641601562,0.0020751953125,178.21282958984375,73742.3,PHP/PHP.csv,114,12,PHP,mandelbrot,False,True,,73.7423
4064.1021728515625,3281.177734375,0.0040283203125,183.003662109375,75723.7,PHP/PHP.csv,115,12,PHP,mandelbrot,False,True,,75.7237
3954.8544311523438,3190.9274291992188,0.0040283203125,177.82928466796875,73583.0,PHP/PHP.csv,116,12,PHP,mandelbrot,False,True,,73.583
3965.141357421875,3198.4323120117188,0.00390625,178.29571533203125,73776.1,PHP/PHP.csv,117,12,PHP,mandelbrot,False,True,,73.7761
3958.569580078125,3193.7684936523438,0.00201416015625,177.9373779296875,73627.4,PHP/PHP.csv,118,12,PHP,mandelbrot,False,True,,73.6274
3954.2871704101562,3189.6912841796875,0.0040283203125,177.970703125,73642.4,PHP/PHP.csv,119,12,PHP,mandelbrot,False,True,,73.6424
3960.7522583007812,3194.5639038085938,0.0040283203125,178.32000732421875,73786.3,PHP/PHP.csv,120,12,PHP,mandelbrot,False,True,,73.7863
664.6809692382812,368.72882080078125,0.00140380859375,71.2779541015625,29473.7,PHP/PHP.csv,121,13,PHP,fasta,False,True,,29.4737
655.03955078125,362.9521484375,0.0,71.20294189453125,29440.7,PHP/PHP.csv,122,13,PHP,fasta,False,True,,29.4407
648.2573852539062,358.74151611328125,0.0013427734375,71.70513916015625,29646.9,PHP/PHP.csv,123,13,PHP,fasta,False,True,,29.646900000000002
648.4618530273438,361.03765869140625,0.001220703125,71.19757080078125,29430.6,PHP/PHP.csv,124,13,PHP,fasta,False,True,,29.4306
667.8005981445312,368.955322265625,0.0,73.97149658203125,30580.6,PHP/PHP.csv,125,13,PHP,fasta,False,True,,30.580599999999997
642.9791259765625,355.884765625,0.001220703125,71.2347412109375,29446.9,PHP/PHP.csv,126,13,PHP,fasta,False,True,,29.446900000000003
638.95947265625,353.4696044921875,0.001220703125,71.11236572265625,29402.4,PHP/PHP.csv,127,13,PHP,fasta,False,True,,29.4024
636.8770141601562,352.30029296875,0.00115966796875,71.3043212890625,29475.7,PHP/PHP.csv,128,13,PHP,fasta,False,True,,29.4757
648.59765625,360.28094482421875,0.0,72.29132080078125,29884.8,PHP/PHP.csv,129,13,PHP,fasta,False,True,,29.8848
638.417724609375,353.72686767578125,0.00115966796875,70.96527099609375,29336.3,PHP/PHP.csv,130,13,PHP,fasta,False,True,,29.336299999999998
984.4612426757812,803.3577880859375,0.0,45.9727783203125,19021.8,PHP/PHP.csv,131,14,PHP,spectral-norm,False,True,,19.0218
996.9004516601562,814.04638671875,0.0013427734375,46.13983154296875,19092.0,PHP/PHP.csv,132,14,PHP,spectral-norm,False,True,,19.092
1008.6824951171875,824.547607421875,0.0,46.07733154296875,19065.6,PHP/PHP.csv,133,14,PHP,spectral-norm,False,True,,19.0656
1009.1460571289062,824.93115234375,0.001708984375,45.91748046875,18999.5,PHP/PHP.csv,134,14,PHP,spectral-norm,False,True,,18.9995
1018.7274169921875,833.0438232421875,0.0,45.9239501953125,19003.4,PHP/PHP.csv,135,14,PHP,spectral-norm,False,True,,19.003400000000003
1066.6851806640625,867.8485717773438,0.001708984375,49.39849853515625,20439.5,PHP/PHP.csv,136,14,PHP,spectral-norm,False,True,,20.4395
1020.7561645507812,834.7117919921875,0.0,45.9122314453125,18997.7,PHP/PHP.csv,137,14,PHP,spectral-norm,False,True,,18.997700000000002
1050.9191284179688,858.904052734375,0.0018310546875,47.246826171875,19550.0,PHP/PHP.csv,138,14,PHP,spectral-norm,False,True,,19.55
1025.460205078125,838.6190185546875,0.0,46.0321044921875,19033.0,PHP/PHP.csv,139,14,PHP,spectral-norm,False,True,,19.033
1034.1121215820312,844.992919921875,0.0,46.59051513671875,19278.9,PHP/PHP.csv,140,14,PHP,spectral-norm,False,True,,19.2789
104.52728271484375,51.6905517578125,0.0,13.96502685546875,5780.05,Pascal/Pascal.csv,1,1,Pascal,n-body,False,True,,5.78005
104.17730712890625,51.9412841796875,0.0,13.77593994140625,5702.46,Pascal/Pascal.csv,2,1,Pascal,n-body,False,True,,5.70246
102.5540771484375,51.06024169921875,0.0,13.77587890625,5701.63,Pascal/Pascal.csv,3,1,Pascal,n-body,False,True,,5.70163
102.73095703125,51.17242431640625,0.0,13.77337646484375,5701.64,Pascal/Pascal.csv,4,1,Pascal,n-body,False,True,,5.70164
102.1795654296875,50.8673095703125,0.0009765625,13.77569580078125,5701.46,Pascal/Pascal.csv,5,1,Pascal,n-body,False,True,,5.70146
102.39178466796875,50.9796142578125,0.0,13.77325439453125,5701.24,Pascal/Pascal.csv,6,1,Pascal,n-body,False,True,,5.701239999999999
102.2149658203125,50.8846435546875,0.0,13.77325439453125,5701.4,Pascal/Pascal.csv,7,1,Pascal,n-body,False,True,,5.7014
102.12750244140625,50.84161376953125,0.0,13.775634765625,5701.5,Pascal/Pascal.csv,8,1,Pascal,n-body,False,True,,5.7015
102.32720947265625,51.0184326171875,0.0,13.7733154296875,5701.35,Pascal/Pascal.csv,9,1,Pascal,n-body,False,True,,5.701350000000001
102.07513427734375,50.846435546875,0.0,13.773193359375,5701.31,Pascal/Pascal.csv,10,1,Pascal,n-body,False,True,,5.70131
340.5135498046875,177.64154052734375,0.00103759765625,46.755859375,16942.5,Pascal/Pascal.csv,11,2,Pascal,binary-trees,False,True,,16.9425
324.5380859375,171.0235595703125,0.0,42.58306884765625,15925.6,Pascal/Pascal.csv,12,2,Pascal,binary-trees,False,True,,15.925600000000001
328.32574462890625,172.4927978515625,0.0009765625,44.36126708984375,16290.3,Pascal/Pascal.csv,13,2,Pascal,binary-trees,False,True,,16.2903
324.93231201171875,171.0001220703125,0.0,42.9951171875,16015.3,Pascal/Pascal.csv,14,2,Pascal,binary-trees,False,True,,16.0153
327.54150390625,172.3863525390625,0.0,43.87164306640625,16226.5,Pascal/Pascal.csv,15,2,Pascal,binary-trees,False,True,,16.2265
325.52099609375,171.3905029296875,0.00103759765625,43.33477783203125,16085.1,Pascal/Pascal.csv,16,2,Pascal,binary-trees,False,True,,16.0851
326.4564208984375,171.55047607421875,0.0,43.487060546875,16129.8,Pascal/Pascal.csv,17,2,Pascal,binary-trees,False,True,,16.1298
323.26318359375,170.52081298828125,0.0,42.71746826171875,15959.7,Pascal/Pascal.csv,18,2,Pascal,binary-trees,False,True,,15.959700000000002
323.82012939453125,170.45819091796875,0.00103759765625,42.94384765625,15995.9,Pascal/Pascal.csv,19,2,Pascal,binary-trees,False,True,,15.995899999999999
323.0826416015625,170.45263671875,0.0,42.91839599609375,16002.4,Pascal/Pascal.csv,20,2,Pascal,binary-trees,False,True,,16.002399999999998
31.77838134765625,12.67657470703125,0.0,5.071533203125,1870.9,Pascal/Pascal.csv,21,3,Pascal,reverse-complement,False,True,,1.8709
22.1187744140625,12.6290283203125,0.0,2.7235107421875,927.1,Pascal/Pascal.csv,22,3,Pascal,reverse-complement,False,True,,0.9271
21.27044677734375,12.14727783203125,0.0,2.66790771484375,903.65,Pascal/Pascal.csv,23,3,Pascal,reverse-complement,False,True,,0.90365
21.319091796875,12.1123046875,0.0,2.6966552734375,916.458,Pascal/Pascal.csv,24,3,Pascal,reverse-complement,False,True,,0.916458
22.9022216796875,13.037841796875,0.0,2.7252197265625,926.667,Pascal/Pascal.csv,25,3,Pascal,reverse-complement,False,True,,0.926667
21.2266845703125,12.11260986328125,0.0,2.670654296875,905.962,Pascal/Pascal.csv,26,3,Pascal,reverse-complement,False,True,,0.9059619999999999
20.85955810546875,11.88397216796875,0.0,2.6617431640625,901.942,Pascal/Pascal.csv,27,3,Pascal,reverse-complement,False,True,,0.901942
21.60736083984375,12.3406982421875,0.0,2.66595458984375,905.621,Pascal/Pascal.csv,28,3,Pascal,reverse-complement,False,True,,0.905621
21.5262451171875,12.2548828125,0.0,2.6798095703125,910.481,Pascal/Pascal.csv,29,3,Pascal,reverse-complement,False,True,,0.910481
21.4427490234375,12.245849609375,0.0,2.67987060546875,908.118,Pascal/Pascal.csv,30,3,Pascal,reverse-complement,False,True,,0.9081180000000001
53.2764892578125,29.156494140625,0.0,6.9835205078125,2718.97,Pascal/Pascal.csv,31,4,Pascal,regex-redux,False,True,,2.7189699999999997
50.67352294921875,29.28167724609375,0.0,5.90899658203125,2281.72,Pascal/Pascal.csv,32,4,Pascal,regex-redux,False,True,,2.28172
50.18359375,29.02801513671875,0.0,5.83673095703125,2263.86,Pascal/Pascal.csv,33,4,Pascal,regex-redux,False,True,,2.26386
50.66192626953125,29.28240966796875,0.0,5.90020751953125,2279.52,Pascal/Pascal.csv,34,4,Pascal,regex-redux,False,True,,2.2795199999999998
50.75579833984375,29.38116455078125,0.0,5.9000244140625,2279.08,Pascal/Pascal.csv,35,4,Pascal,regex-redux,False,True,,2.27908
50.84771728515625,29.4090576171875,0.0,5.90557861328125,2279.44,Pascal/Pascal.csv,36,4,Pascal,regex-redux,False,True,,2.27944
50.614501953125,29.27215576171875,0.0,5.89990234375,2278.11,Pascal/Pascal.csv,37,4,Pascal,regex-redux,False,True,,2.2781100000000003
50.7137451171875,29.27587890625,0.0,5.91461181640625,2283.94,Pascal/Pascal.csv,38,4,Pascal,regex-redux,False,True,,2.28394
50.41168212890625,29.0457763671875,0.0,5.90576171875,2290.56,Pascal/Pascal.csv,39,4,Pascal,regex-redux,False,True,,2.29056
50.873779296875,29.41064453125,0.0,5.907958984375,2281.73,Pascal/Pascal.csv,40,4,Pascal,regex-redux,False,True,,2.28173
398.022216796875,315.34149169921875,0.0,23.7818603515625,9842.86,Pascal/Pascal.csv,41,5,Pascal,fannkuch-redux,False,True,,9.84286
398.125244140625,315.597900390625,0.00103759765625,23.73052978515625,9822.66,Pascal/Pascal.csv,42,5,Pascal,fannkuch-redux,False,True,,9.822659999999999
399.07843017578125,316.5870361328125,0.0,23.66748046875,9796.5,Pascal/Pascal.csv,43,5,Pascal,fannkuch-redux,False,True,,9.7965
401.25531005859375,318.1123046875,0.0,23.7523193359375,9831.89,Pascal/Pascal.csv,44,5,Pascal,fannkuch-redux,False,True,,9.83189
404.39459228515625,320.79083251953125,0.0,23.7645263671875,9835.85,Pascal/Pascal.csv,45,5,Pascal,fannkuch-redux,False,True,,9.83585
405.1934814453125,321.815185546875,0.001220703125,23.648193359375,9789.35,Pascal/Pascal.csv,46,5,Pascal,fannkuch-redux,False,True,,9.78935
405.5997314453125,321.95086669921875,0.0,23.70391845703125,9811.35,Pascal/Pascal.csv,47,5,Pascal,fannkuch-redux,False,True,,9.811350000000001
405.26092529296875,321.8375244140625,0.0,23.65533447265625,9791.15,Pascal/Pascal.csv,48,5,Pascal,fannkuch-redux,False,True,,9.79115
405.4229736328125,322.04376220703125,0.0,23.648193359375,9788.88,Pascal/Pascal.csv,49,5,Pascal,fannkuch-redux,False,True,,9.788879999999999
405.5916748046875,322.1058349609375,0.001220703125,23.67236328125,9798.05,Pascal/Pascal.csv,50,5,Pascal,fannkuch-redux,False,True,,9.79805
254.91998291015625,194.26690673828125,0.0,17.4375,7207.1,Pascal/Pascal.csv,51,6,Pascal,mandelbrot,False,True,,7.2071000000000005
255.19879150390625,194.6365966796875,0.0,17.3836669921875,7185.73,Pascal/Pascal.csv,52,6,Pascal,mandelbrot,False,True,,7.1857299999999995
255.93341064453125,195.14239501953125,0.0,17.4222412109375,7200.48,Pascal/Pascal.csv,53,6,Pascal,mandelbrot,False,True,,7.20048
256.02423095703125,195.32476806640625,0.0,17.39324951171875,7187.15,Pascal/Pascal.csv,54,6,Pascal,mandelbrot,False,True,,7.18715
255.8798828125,195.17730712890625,0.00115966796875,17.39227294921875,7188.91,Pascal/Pascal.csv,55,6,Pascal,mandelbrot,False,True,,7.18891
255.89862060546875,195.21722412109375,0.0,17.39202880859375,7186.77,Pascal/Pascal.csv,56,6,Pascal,mandelbrot,False,True,,7.18677
256.06329345703125,195.3065185546875,0.0,17.3935546875,7187.65,Pascal/Pascal.csv,57,6,Pascal,mandelbrot,False,True,,7.18765
256.35870361328125,195.4697265625,0.0,17.41229248046875,7196.6,Pascal/Pascal.csv,58,6,Pascal,mandelbrot,False,True,,7.1966
257.02606201171875,196.053466796875,0.0,17.46185302734375,7204.65,Pascal/Pascal.csv,59,6,Pascal,mandelbrot,False,True,,7.20465
256.7421875,195.88421630859375,0.0,17.38555908203125,7185.55,Pascal/Pascal.csv,60,6,Pascal,mandelbrot,False,True,,7.18555
12.11016845703125,6.319580078125,0.0,1.54058837890625,637.241,Pascal/Pascal.csv,61,7,Pascal,pidigits,False,True,,0.637241
11.591064453125,6.41790771484375,0.0,1.3175048828125,546.2,Pascal/Pascal.csv,62,7,Pascal,pidigits,False,True,,0.5462
11.73638916015625,6.5042724609375,0.0,1.32476806640625,548.239,Pascal/Pascal.csv,63,7,Pascal,pidigits,False,True,,0.548239
11.64202880859375,6.46514892578125,0.0,1.3223876953125,547.015,Pascal/Pascal.csv,64,7,Pascal,pidigits,False,True,,0.547015
11.76654052734375,6.52069091796875,0.0,1.32464599609375,547.93,Pascal/Pascal.csv,65,7,Pascal,pidigits,False,True,,0.5479299999999999
11.57513427734375,6.4056396484375,0.0,1.31500244140625,544.419,Pascal/Pascal.csv,66,7,Pascal,pidigits,False,True,,0.544419
11.72076416015625,6.48248291015625,0.0,1.322265625,547.089,Pascal/Pascal.csv,67,7,Pascal,pidigits,False,True,,0.547089
11.64678955078125,6.4530029296875,0.0,1.31988525390625,546.7,Pascal/Pascal.csv,68,7,Pascal,pidigits,False,True,,0.5467000000000001
11.7188720703125,6.5146484375,0.0,1.32470703125,548.392,Pascal/Pascal.csv,69,7,Pascal,pidigits,False,True,,0.5483920000000001
11.543212890625,6.39349365234375,0.0,1.3125,544.19,Pascal/Pascal.csv,70,7,Pascal,pidigits,False,True,,0.5441900000000001
105.73065185546875,55.75518798828125,0.0,13.4124755859375,5522.81,Pascal/Pascal.csv,71,8,Pascal,fasta,False,True,,5.522810000000001
104.0867919921875,55.033203125,0.0,13.27960205078125,5467.87,Pascal/Pascal.csv,72,8,Pascal,fasta,False,True,,5.46787
104.18280029296875,55.0396728515625,0.0,13.27447509765625,5466.7,Pascal/Pascal.csv,73,8,Pascal,fasta,False,True,,5.4666999999999994
103.96142578125,54.92449951171875,0.0,13.271484375,5465.87,Pascal/Pascal.csv,74,8,Pascal,fasta,False,True,,5.46587
105.32012939453125,55.76568603515625,0.0,13.30145263671875,5477.46,Pascal/Pascal.csv,75,8,Pascal,fasta,False,True,,5.47746
106.010498046875,56.1724853515625,0.0010986328125,13.30047607421875,5477.19,Pascal/Pascal.csv,76,8,Pascal,fasta,False,True,,5.477189999999999
107.3992919921875,58.09320068359375,0.0,13.3223876953125,5485.6,Pascal/Pascal.csv,77,8,Pascal,fasta,False,True,,5.485600000000001
104.20074462890625,55.0972900390625,0.0,13.2864990234375,5471.53,Pascal/Pascal.csv,78,8,Pascal,fasta,False,True,,5.47153
103.931396484375,54.85369873046875,0.0,13.30072021484375,5477.97,Pascal/Pascal.csv,79,8,Pascal,fasta,False,True,,5.47797
103.4549560546875,54.6497802734375,0.0,13.27496337890625,5465.86,Pascal/Pascal.csv,80,8,Pascal,fasta,False,True,,5.465859999999999
46.5311279296875,34.2916259765625,0.0,3.37396240234375,1396.23,Pascal/Pascal.csv,81,9,Pascal,spectral-norm,False,True,,1.39623
46.19903564453125,34.285400390625,0.0,3.2598876953125,1348.98,Pascal/Pascal.csv,82,9,Pascal,spectral-norm,False,True,,1.34898
46.1710205078125,34.2762451171875,0.0,3.25958251953125,1348.66,Pascal/Pascal.csv,83,9,Pascal,spectral-norm,False,True,,1.3486600000000002
46.3470458984375,34.419921875,0.0,3.25701904296875,1348.61,Pascal/Pascal.csv,84,9,Pascal,spectral-norm,False,True,,1.3486099999999999
46.3526611328125,34.391845703125,0.0,3.25701904296875,1348.36,Pascal/Pascal.csv,85,9,Pascal,spectral-norm,False,True,,1.34836
46.31915283203125,34.3485107421875,0.0,3.259521484375,1348.53,Pascal/Pascal.csv,86,9,Pascal,spectral-norm,False,True,,1.34853
46.2467041015625,34.35302734375,0.0,3.25701904296875,1348.62,Pascal/Pascal.csv,87,9,Pascal,spectral-norm,False,True,,1.34862
46.44061279296875,34.4515380859375,0.0,3.25958251953125,1348.43,Pascal/Pascal.csv,88,9,Pascal,spectral-norm,False,True,,1.34843
46.3642578125,34.4432373046875,0.0,3.26190185546875,1350.78,Pascal/Pascal.csv,89,9,Pascal,spectral-norm,False,True,,1.3507799999999999
46.4461669921875,34.466552734375,0.00103759765625,3.25946044921875,1348.29,Pascal/Pascal.csv,90,9,Pascal,spectral-norm,False,True,,1.34829
6995.162658691406,3822.5182495117188,0.00677490234375,802.093994140625,332006.0,Perl/Perl.csv,1,1,Perl,n-body,False,True,,332.006
8192.132019042969,4434.71240234375,0.00897216796875,937.409912109375,388018.0,Perl/Perl.csv,2,1,Perl,n-body,False,True,,388.018
7517.4671630859375,4072.8123168945312,0.00897216796875,863.28076171875,357335.0,Perl/Perl.csv,3,1,Perl,n-body,False,True,,357.335
6833.073181152344,3736.6445922851562,0.0069580078125,783.5520629882812,324332.0,Perl/Perl.csv,4,1,Perl,n-body,False,True,,324.332
7753.725769042969,4212.016906738281,0.00909423828125,888.53759765625,367775.0,Perl/Perl.csv,5,1,Perl,n-body,False,True,,367.775
6842.66015625,3733.365234375,0.00689697265625,784.6068115234375,324738.0,Perl/Perl.csv,6,1,Perl,n-body,False,True,,324.738
6877.684997558594,3754.4247436523438,0.0078125,788.8504028320312,326518.0,Perl/Perl.csv,7,1,Perl,n-body,False,True,,326.518
6830.831115722656,3729.4183959960938,0.00701904296875,783.4365234375,324278.0,Perl/Perl.csv,8,1,Perl,n-body,False,True,,324.278
6853.743835449219,3748.3465576171875,0.0079345703125,785.9227905273438,325311.0,Perl/Perl.csv,9,1,Perl,n-body,False,True,,325.311
6853.086730957031,3745.3887329101562,0.0079345703125,785.4395141601562,325111.0,Perl/Perl.csv,10,1,Perl,n-body,False,True,,325.111
4023.2874145507812,3156.2649536132812,0.00244140625,261.98175048828125,94452.9,Perl/Perl.csv,11,2,Perl,binary-trees,False,True,,94.4529
4220.8690185546875,3297.8956298828125,0.002685546875,272.4962158203125,98953.7,Perl/Perl.csv,12,2,Perl,binary-trees,False,True,,98.9537
4179.848205566406,3275.2572021484375,0.002685546875,265.91534423828125,96266.8,Perl/Perl.csv,13,2,Perl,binary-trees,False,True,,96.2668
4160.0343017578125,3262.544189453125,0.00396728515625,264.630126953125,95789.2,Perl/Perl.csv,14,2,Perl,binary-trees,False,True,,95.7892
4162.727600097656,3261.9552001953125,0.00274658203125,264.3548583984375,95689.4,Perl/Perl.csv,15,2,Perl,binary-trees,False,True,,95.68939999999999
4197.504333496094,3289.4322509765625,0.00286865234375,266.15069580078125,96125.3,Perl/Perl.csv,16,2,Perl,binary-trees,False,True,,96.12530000000001
4150.703552246094,3261.2429809570312,0.00286865234375,261.48419189453125,94364.0,Perl/Perl.csv,17,2,Perl,binary-trees,False,True,,94.364
4162.5362548828125,3274.4686279296875,0.00421142578125,260.46795654296875,93826.7,Perl/Perl.csv,18,2,Perl,binary-trees,False,True,,93.8267
4229.525695800781,3317.0750732421875,0.0028076171875,267.57257080078125,96869.0,Perl/Perl.csv,19,2,Perl,binary-trees,False,True,,96.869
4209.452819824219,3289.6445922851562,0.00286865234375,269.676513671875,97763.1,Perl/Perl.csv,20,2,Perl,binary-trees,False,True,,97.76310000000001
29.91796875,17.39056396484375,0.0,3.58245849609375,1206.96,Perl/Perl.csv,21,3,Perl,reverse-complement,False,True,,1.20696
29.73541259765625,17.36285400390625,0.0,3.5218505859375,1180.3,Perl/Perl.csv,22,3,Perl,reverse-complement,False,True,,1.1803
29.56231689453125,17.25555419921875,0.0,3.52178955078125,1180.88,Perl/Perl.csv,23,3,Perl,reverse-complement,False,True,,1.1808800000000002
29.818359375,17.3912353515625,0.0,3.522216796875,1180.95,Perl/Perl.csv,24,3,Perl,reverse-complement,False,True,,1.18095
30.90411376953125,18.056884765625,0.0,3.58349609375,1205.39,Perl/Perl.csv,25,3,Perl,reverse-complement,False,True,,1.2053900000000002
29.68560791015625,17.429931640625,0.0,3.5159912109375,1179.35,Perl/Perl.csv,26,3,Perl,reverse-complement,False,True,,1.17935
35.54193115234375,23.0916748046875,0.0,3.6201171875,1221.76,Perl/Perl.csv,27,3,Perl,reverse-complement,False,True,,1.22176
29.8421630859375,17.49615478515625,0.0,3.519287109375,1180.43,Perl/Perl.csv,28,3,Perl,reverse-complement,False,True,,1.18043
29.8604736328125,17.4781494140625,0.0,3.52557373046875,1182.52,Perl/Perl.csv,29,3,Perl,reverse-complement,False,True,,1.18252
29.8116455078125,17.3983154296875,0.0,3.5216064453125,1180.41,Perl/Perl.csv,30,3,Perl,reverse-complement,False,True,,1.1804100000000002
283.8929443359375,218.02337646484375,0.0,17.59100341796875,7156.73,Perl/Perl.csv,31,4,Perl,regex-redux,False,True,,7.15673
284.0247802734375,217.80499267578125,0.0,17.64703369140625,7187.82,Perl/Perl.csv,32,4,Perl,regex-redux,False,True,,7.187819999999999
283.85284423828125,217.727783203125,0.0,17.58892822265625,7164.03,Perl/Perl.csv,33,4,Perl,regex-redux,False,True,,7.1640299999999995
283.6092529296875,217.325927734375,0.0,17.669189453125,7198.06,Perl/Perl.csv,34,4,Perl,regex-redux,False,True,,7.198060000000001
284.42608642578125,218.1058349609375,0.0,17.681396484375,7201.32,Perl/Perl.csv,35,4,Perl,regex-redux,False,True,,7.20132
287.73455810546875,220.62310791015625,0.0013427734375,17.770263671875,7238.29,Perl/Perl.csv,36,4,Perl,regex-redux,False,True,,7.23829
286.3487548828125,219.9971923828125,0.0,17.59600830078125,7169.76,Perl/Perl.csv,37,4,Perl,regex-redux,False,True,,7.16976
284.34478759765625,218.768798828125,0.0,17.42413330078125,7097.19,Perl/Perl.csv,38,4,Perl,regex-redux,False,True,,7.097189999999999
286.2828369140625,219.5557861328125,0.0,17.73486328125,7223.87,Perl/Perl.csv,39,4,Perl,regex-redux,False,True,,7.22387
284.78436279296875,219.26153564453125,0.0,17.4473876953125,7107.96,Perl/Perl.csv,40,4,Perl,regex-redux,False,True,,7.10796
12761.8974609375,10420.673828125,0.00897216796875,602.045166015625,249199.0,Perl/Perl.csv,41,5,Perl,fannkuch-redux,False,True,,249.199
12805.397521972656,10457.748840332031,0.00946044921875,602.0017700195312,249180.0,Perl/Perl.csv,42,5,Perl,fannkuch-redux,False,True,,249.18
12890.831787109375,10532.748596191406,0.00958251953125,600.384765625,248511.0,Perl/Perl.csv,43,5,Perl,fannkuch-redux,False,True,,248.511
12899.548828125,10535.052185058594,0.00811767578125,603.72021484375,249880.0,Perl/Perl.csv,44,5,Perl,fannkuch-redux,False,True,,249.88
-249296.15899658203,10493.202209472656,0.00970458984375,601.4054565429688,248931.0,Perl/Perl.csv,45,5,Perl,fannkuch-redux,False,False,negative_energy|invalid_package,248.931
12939.283447265625,10569.469482421875,0.010009765625,603.1935424804688,249673.0,Perl/Perl.csv,46,5,Perl,fannkuch-redux,False,True,,249.673
13014.970336914062,10629.493957519531,0.01007080078125,604.2252807617188,250099.0,Perl/Perl.csv,47,5,Perl,fannkuch-redux,False,True,,250.099
12965.942016601562,10587.775451660156,0.00982666015625,604.4966430664062,250213.0,Perl/Perl.csv,48,5,Perl,fannkuch-redux,False,True,,250.213
12989.402954101562,10612.864196777344,0.00836181640625,602.2269287109375,249273.0,Perl/Perl.csv,49,5,Perl,fannkuch-redux,False,True,,249.273
13028.30078125,-251497.77166748047,0.010009765625,602.85791015625,249533.0,Perl/Perl.csv,50,5,Perl,fannkuch-redux,False,False,negative_energy,249.533
1568.8805541992188,1228.8203735351562,0.00152587890625,104.9959716796875,35716.5,Perl/Perl.csv,51,6,Perl,k-nucleotide,False,True,,35.7165
1573.695068359375,1232.8336181640625,0.00146484375,104.89202880859375,35811.8,Perl/Perl.csv,52,6,Perl,k-nucleotide,False,True,,35.811800000000005
1593.934326171875,1249.5773315429688,0.00146484375,106.31097412109375,36241.7,Perl/Perl.csv,53,6,Perl,k-nucleotide,False,True,,36.241699999999994
1565.75927734375,1229.1159057617188,0.00140380859375,104.185791015625,35448.4,Perl/Perl.csv,54,6,Perl,k-nucleotide,False,True,,35.4484
1551.7337036132812,1215.7572631835938,0.00140380859375,104.23968505859375,35474.7,Perl/Perl.csv,55,6,Perl,k-nucleotide,False,True,,35.4747
1572.2847290039062,1231.4329223632812,0.0,105.17474365234375,35885.9,Perl/Perl.csv,56,6,Perl,k-nucleotide,False,True,,35.8859
1561.4469604492188,1225.435791015625,0.00146484375,103.9775390625,35404.6,Perl/Perl.csv,57,6,Perl,k-nucleotide,False,True,,35.4046
1556.3362426757812,1219.488037109375,0.00152587890625,104.17852783203125,35517.9,Perl/Perl.csv,58,6,Perl,k-nucleotide,False,True,,35.517900000000004
1564.943115234375,1226.7306518554688,0.00140380859375,104.5758056640625,35599.8,Perl/Perl.csv,59,6,Perl,k-nucleotide,False,True,,35.5998
1560.187744140625,1223.0723876953125,0.00140380859375,104.39990234375,35539.1,Perl/Perl.csv,60,6,Perl,k-nucleotide,False,True,,35.5391
2845.9271240234375,2307.0840454101562,0.001708984375,133.59698486328125,55280.6,Perl/Perl.csv,61,7,Perl,fasta,False,True,,55.2806
3247.24755859375,2628.7442016601562,0.001708984375,153.979248046875,63720.8,Perl/Perl.csv,62,7,Perl,fasta,False,True,,63.720800000000004
3263.3460693359375,2639.4262084960938,0.00341796875,154.70361328125,64023.4,Perl/Perl.csv,63,7,Perl,fasta,False,True,,64.0234
3233.1300659179688,2613.109130859375,0.001708984375,153.86175537109375,63672.9,Perl/Perl.csv,64,7,Perl,fasta,False,True,,63.6729
3147.8755493164062,2544.9771118164062,0.00335693359375,149.27886962890625,61777.3,Perl/Perl.csv,65,7,Perl,fasta,False,True,,61.777300000000004
3115.5126953125,2519.0481567382812,0.001708984375,147.697265625,61120.8,Perl/Perl.csv,66,7,Perl,fasta,False,True,,61.1208
3199.7599487304688,2587.696533203125,0.00341796875,151.60687255859375,62741.0,Perl/Perl.csv,67,7,Perl,fasta,False,True,,62.741
2978.3101196289062,2409.570068359375,0.00164794921875,141.080322265625,58384.0,Perl/Perl.csv,68,7,Perl,fasta,False,True,,58.384
2930.0946044921875,2375.6697387695312,0.001708984375,138.3514404296875,57250.0,Perl/Perl.csv,69,7,Perl,fasta,False,True,,57.25
3221.3796997070312,2607.6116333007812,0.00335693359375,152.31903076171875,63034.2,Perl/Perl.csv,70,7,Perl,fasta,False,True,,63.0342
1551.981689453125,1255.1832275390625,0.0015869140625,74.06085205078125,30652.7,Perl/Perl.csv,71,8,Perl,mandelbrot,False,True,,30.6527
20299.26837158203,16404.35205078125,0.0150146484375,962.4085083007812,398326.0,Perl/Perl.csv,72,8,Perl,mandelbrot,False,True,,398.326
24735.1318359375,20009.81610107422,0.0186767578125,1172.6470336914062,485277.0,Perl/Perl.csv,73,8,Perl,mandelbrot,False,True,,485.277
35542.074768066406,28714.80859375,0.027099609375,1685.6571044921875,697699.0,Perl/Perl.csv,74,8,Perl,mandelbrot,False,True,,697.699
39888.07733154297,32214.776489257812,0.03070068359375,1889.8776245117188,782220.0,Perl/Perl.csv,75,8,Perl,mandelbrot,False,True,,782.22
39965.897216796875,32265.316162109375,0.031982421875,1897.0325927734375,785191.0,Perl/Perl.csv,76,8,Perl,mandelbrot,False,True,,785.191
-222829.08026123047,31760.062927246094,0.02947998046875,1865.798095703125,772250.0,Perl/Perl.csv,77,8,Perl,mandelbrot,False,False,negative_energy|invalid_package,772.25
39426.970458984375,31851.636352539062,0.030517578125,1870.9113159179688,774379.0,Perl/Perl.csv,78,8,Perl,mandelbrot,False,True,,774.379
39368.044494628906,31806.5478515625,0.0313720703125,1864.7713012695312,771827.0,Perl/Perl.csv,79,8,Perl,mandelbrot,False,True,,771.827
39443.350341796875,-230268.65563964844,0.0294189453125,1865.0716552734375,771963.0,Perl/Perl.csv,80,8,Perl,mandelbrot,False,False,negative_energy,771.963
39746.25402832031,32105.41619873047,0.03057861328125,1885.0601196289062,780226.0,Perl/Perl.csv,81,8,Perl,mandelbrot,False,True,,780.226
39742.14434814453,32097.217834472656,0.03076171875,1881.8257446289062,778896.0,Perl/Perl.csv,82,8,Perl,mandelbrot,False,True,,778.896
-222386.23681640625,32095.43048095703,0.02972412109375,1890.355712890625,782428.0,Perl/Perl.csv,83,8,Perl,mandelbrot,False,False,negative_energy|invalid_package,782.428
39396.330322265625,31831.656311035156,0.02996826171875,1867.0426025390625,772765.0,Perl/Perl.csv,84,8,Perl,mandelbrot,False,True,,772.765
39675.078552246094,32050.81231689453,0.0306396484375,1883.2012329101562,779467.0,Perl/Perl.csv,85,8,Perl,mandelbrot,False,True,,779.467
40049.06237792969,32357.13946533203,0.03143310546875,1895.7149658203125,784634.0,Perl/Perl.csv,86,8,Perl,mandelbrot,False,True,,784.634
34330.80310058594,-234401.6318359375,0.027587890625,1623.5277099609375,671989.0,Perl/Perl.csv,87,8,Perl,mandelbrot,False,False,negative_energy,671.989
19705.325744628906,15928.994323730469,0.0157470703125,933.887451171875,386539.0,Perl/Perl.csv,88,8,Perl,mandelbrot,False,True,,386.539
19968.496826171875,16139.665344238281,0.01568603515625,939.9169921875,389020.0,Perl/Perl.csv,89,8,Perl,mandelbrot,False,True,,389.02
19735.803100585938,15949.957397460938,0.01556396484375,933.2420043945312,386269.0,Perl/Perl.csv,90,8,Perl,mandelbrot,False,True,,386.269
28.43267822265625,15.57086181640625,0.0,3.36199951171875,1391.72,Perl/Perl.csv,91,9,Perl,pidigits,False,True,,1.39172
28.624755859375,16.171875,0.0,3.17767333984375,1314.8,Perl/Perl.csv,92,9,Perl,pidigits,False,True,,1.3148
28.383544921875,16.04705810546875,0.0,3.14373779296875,1301.47,Perl/Perl.csv,93,9,Perl,pidigits,False,True,,1.3014700000000001
28.90679931640625,16.3055419921875,0.0,3.209228515625,1327.88,Perl/Perl.csv,94,9,Perl,pidigits,False,True,,1.3278800000000002
28.329345703125,16.02532958984375,0.0,3.13897705078125,1298.72,Perl/Perl.csv,95,9,Perl,pidigits,False,True,,1.29872
28.40631103515625,16.083740234375,0.0,3.151123046875,1304.43,Perl/Perl.csv,96,9,Perl,pidigits,False,True,,1.30443
28.32257080078125,16.0152587890625,0.0,3.141357421875,1299.94,Perl/Perl.csv,97,9,Perl,pidigits,False,True,,1.29994
28.8602294921875,16.29144287109375,0.0,3.19720458984375,1322.35,Perl/Perl.csv,98,9,Perl,pidigits,False,True,,1.32235
28.39556884765625,16.06903076171875,0.0,3.1485595703125,1303.33,Perl/Perl.csv,99,9,Perl,pidigits,False,True,,1.3033299999999999
28.555419921875,16.1607666015625,0.0,3.16552734375,1310.25,Perl/Perl.csv,100,9,Perl,pidigits,False,True,,1.31025
966.6197509765625,789.4520874023438,0.0009765625,48.51385498046875,20077.1,Perl/Perl.csv,101,10,Perl,spectral-norm,False,True,,20.077099999999998
969.5167846679688,794.5377197265625,0.0,47.5594482421875,19677.6,Perl/Perl.csv,102,10,Perl,spectral-norm,False,True,,19.677599999999998
980.4502563476562,803.02392578125,0.0013427734375,47.91302490234375,19826.9,Perl/Perl.csv,103,10,Perl,spectral-norm,False,True,,19.826900000000002
984.3583984375,807.3936157226562,0.0,47.49554443359375,19653.3,Perl/Perl.csv,104,10,Perl,spectral-norm,False,True,,19.653299999999998
991.6004028320312,813.2450561523438,0.00146484375,47.62860107421875,19709.9,Perl/Perl.csv,105,10,Perl,spectral-norm,False,True,,19.7099
1001.313232421875,820.6234130859375,0.0,47.95574951171875,19844.1,Perl/Perl.csv,106,10,Perl,spectral-norm,False,True,,19.844099999999997
1008.3096923828125,824.4043579101562,0.00146484375,48.66961669921875,20139.1,Perl/Perl.csv,107,10,Perl,spectral-norm,False,True,,20.1391
1005.2998657226562,824.8472290039062,0.0,47.6446533203125,19712.3,Perl/Perl.csv,108,10,Perl,spectral-norm,False,True,,19.7123
1012.399658203125,830.1810913085938,0.0,47.93231201171875,19834.8,Perl/Perl.csv,109,10,Perl,spectral-norm,False,True,,19.834799999999998
1010.4189453125,829.3546752929688,0.00152587890625,47.587158203125,19691.7,Perl/Perl.csv,110,10,Perl,spectral-norm,False,True,,19.6917
19704.107177734375,15913.266418457031,0.01458740234375,940.6836547851562,389340.0,Perl/Perl.csv,111,11,Perl,mandelbrot,False,True,,389.34
19958.36962890625,16129.234985351562,0.01556396484375,940.9931640625,389480.0,Perl/Perl.csv,112,11,Perl,mandelbrot,False,True,,389.48
19974.301513671875,16138.757751464844,0.01580810546875,940.1487426757812,389118.0,Perl/Perl.csv,113,11,Perl,mandelbrot,False,True,,389.118
-242111.47583007812,16171.758056640625,0.0174560546875,949.623779296875,392997.0,Perl/Perl.csv,114,11,Perl,mandelbrot,False,False,negative_energy|invalid_package,392.997
20263.590576171875,16358.624938964844,0.01556396484375,962.9241943359375,398557.0,Perl/Perl.csv,115,11,Perl,mandelbrot,False,True,,398.557
19835.816284179688,16023.131530761719,0.01556396484375,941.3402099609375,389624.0,Perl/Perl.csv,116,11,Perl,mandelbrot,False,True,,389.624
19595.415893554688,-246312.5186767578,0.0152587890625,932.5078735351562,385958.0,Perl/Perl.csv,117,11,Perl,mandelbrot,False,False,negative_energy,385.958
19635.527587890625,15865.599548339844,0.015380859375,934.1727905273438,386658.0,Perl/Perl.csv,118,11,Perl,mandelbrot,False,True,,386.658
19860.448364257812,16036.842224121094,0.01556396484375,944.9295654296875,391109.0,Perl/Perl.csv,119,11,Perl,mandelbrot,False,True,,391.109
19894.917846679688,16059.798828125,0.01568603515625,946.5534057617188,391780.0,Perl/Perl.csv,120,11,Perl,mandelbrot,False,True,,391.78
6853.793762207031,3739.8071899414062,0.0074462890625,787.0493774414062,325777.0,Perl/Perl.csv,121,12,Perl,n-body,False,True,,325.777
6818.374572753906,3729.7857055664062,0.0084228515625,782.6873168945312,323972.0,Perl/Perl.csv,122,12,Perl,n-body,False,True,,323.972
6861.945983886719,3752.7022094726562,0.00726318359375,786.1780395507812,325397.0,Perl/Perl.csv,123,12,Perl,n-body,False,True,,325.397
6859.755615234375,3743.246826171875,0.00799560546875,786.3273315429688,325458.0,Perl/Perl.csv,124,12,Perl,n-body,False,True,,325.458
6834.307556152344,3734.1320190429688,0.00732421875,784.528076171875,324732.0,Perl/Perl.csv,125,12,Perl,n-body,False,True,,324.732
6909.658874511719,3773.3912963867188,0.00848388671875,-261350.89483642578,328283.0,Perl/Perl.csv,126,12,Perl,n-body,False,False,negative_energy,328.283
6821.845397949219,3721.8793334960938,0.00738525390625,782.5884399414062,323932.0,Perl/Perl.csv,127,12,Perl,n-body,False,True,,323.932
6842.8411865234375,3735.3521118164062,0.00848388671875,785.6183471679688,325184.0,Perl/Perl.csv,128,12,Perl,n-body,False,True,,325.184
6852.908142089844,3735.5260009765625,0.0087890625,786.6272583007812,325602.0,Perl/Perl.csv,129,12,Perl,n-body,False,True,,325.602
6829.0638427734375,3739.7296752929688,0.00726318359375,783.8344116210938,324437.0,Perl/Perl.csv,130,12,Perl,n-body,False,True,,324.437
4069.2952880859375,3190.8545532226562,0.00238037109375,263.4915771484375,95179.6,Perl/Perl.csv,131,13,Perl,binary-trees,False,True,,95.17960000000001
-258004.35968017578,3247.895263671875,0.00408935546875,263.1627197265625,95144.8,Perl/Perl.csv,132,13,Perl,binary-trees,False,False,negative_energy|invalid_package,95.1448
4162.067687988281,3267.7764892578125,0.0029296875,262.41583251953125,94939.5,Perl/Perl.csv,133,13,Perl,binary-trees,False,True,,94.9395
4181.451416015625,3279.5447998046875,0.00299072265625,263.83984375,95256.7,Perl/Perl.csv,134,13,Perl,binary-trees,False,True,,95.2567
4224.38037109375,3311.9318237304688,0.00299072265625,266.05938720703125,96364.3,Perl/Perl.csv,135,13,Perl,binary-trees,False,True,,96.3643
4189.3262939453125,3294.480712890625,0.00439453125,261.48504638671875,94451.8,Perl/Perl.csv,136,13,Perl,binary-trees,False,True,,94.4518
4194.4029541015625,3299.193603515625,0.0029296875,261.91571044921875,94725.5,Perl/Perl.csv,137,13,Perl,binary-trees,False,True,,94.7255
4212.656066894531,3306.137939453125,0.00299072265625,263.90130615234375,95443.6,Perl/Perl.csv,138,13,Perl,binary-trees,False,True,,95.4436
4222.496276855469,3322.9265747070312,0.00311279296875,262.85772705078125,95092.5,Perl/Perl.csv,139,13,Perl,binary-trees,False,True,,95.0925
4274.6292724609375,3356.6129760742188,0.00311279296875,266.6287841796875,96672.8,Perl/Perl.csv,140,13,Perl,binary-trees,False,True,,96.67280000000001
40.1661376953125,17.48236083984375,0.0,6.6702880859375,2452.2,Perl/Perl.csv,141,14,Perl,reverse-complement,False,True,,2.4522
31.544921875,18.51416015625,0.0,3.58935546875,1207.99,Perl/Perl.csv,142,14,Perl,reverse-complement,False,True,,1.2079900000000001
30.4698486328125,17.93896484375,0.0,3.5382080078125,1186.7,Perl/Perl.csv,143,14,Perl,reverse-complement,False,True,,1.1867
30.6890869140625,17.90985107421875,0.0,3.5577392578125,1194.91,Perl/Perl.csv,144,14,Perl,reverse-complement,False,True,,1.1949100000000001
30.8433837890625,18.13348388671875,0.0,3.5506591796875,1192.14,Perl/Perl.csv,145,14,Perl,reverse-complement,False,True,,1.1921400000000002
33.4664306640625,19.54345703125,0.0,3.73162841796875,1266.67,Perl/Perl.csv,146,14,Perl,reverse-complement,False,True,,1.26667
31.012939453125,18.13348388671875,0.0,3.57159423828125,1199.36,Perl/Perl.csv,147,14,Perl,reverse-complement,False,True,,1.19936
31.19757080078125,18.3125,0.0,3.55718994140625,1194.45,Perl/Perl.csv,148,14,Perl,reverse-complement,False,True,,1.19445
30.6002197265625,17.86895751953125,0.0,3.54339599609375,1189.03,Perl/Perl.csv,149,14,Perl,reverse-complement,False,True,,1.18903
30.67657470703125,18.053955078125,0.0,3.5579833984375,1194.48,Perl/Perl.csv,150,14,Perl,reverse-complement,False,True,,1.19448
289.20343017578125,220.84954833984375,0.0,18.35040283203125,7471.74,Perl/Perl.csv,151,15,Perl,regex-redux,False,True,,7.47174
286.13031005859375,219.97332763671875,0.0,17.5360107421875,7140.05,Perl/Perl.csv,152,15,Perl,regex-redux,False,True,,7.1400500000000005
285.56622314453125,219.52899169921875,0.0,17.553955078125,7148.07,Perl/Perl.csv,153,15,Perl,regex-redux,False,True,,7.14807
287.44244384765625,220.80487060546875,0.00128173828125,17.6644287109375,7195.03,Perl/Perl.csv,154,15,Perl,regex-redux,False,True,,7.19503
286.47540283203125,220.0316162109375,0.0,17.62060546875,7174.69,Perl/Perl.csv,155,15,Perl,regex-redux,False,True,,7.17469
286.10272216796875,219.91815185546875,0.0,17.54144287109375,7144.81,Perl/Perl.csv,156,15,Perl,regex-redux,False,True,,7.1448100000000005
286.11907958984375,220.21185302734375,0.0,17.45068359375,7105.32,Perl/Perl.csv,157,15,Perl,regex-redux,False,True,,7.10532
285.70343017578125,219.90765380859375,0.0,17.44287109375,7102.86,Perl/Perl.csv,158,15,Perl,regex-redux,False,True,,7.10286
290.1077880859375,222.9930419921875,0.0,17.7703857421875,7239.22,Perl/Perl.csv,159,15,Perl,regex-redux,False,True,,7.23922
286.6854248046875,220.23480224609375,0.0013427734375,17.6239013671875,7177.94,Perl/Perl.csv,160,15,Perl,regex-redux,False,True,,7.1779399999999995
12844.346923828125,10494.190368652344,0.009765625,601.2752075195312,248879.0,Perl/Perl.csv,161,16,Perl,fannkuch-redux,False,True,,248.879
12960.292114257812,10592.76904296875,0.008544921875,600.1946411132812,248420.0,Perl/Perl.csv,162,16,Perl,fannkuch-redux,False,True,,248.42
12999.2939453125,10622.389953613281,0.01007080078125,602.3151245117188,249254.0,Perl/Perl.csv,163,16,Perl,fannkuch-redux,False,True,,249.254
13032.790832519531,10648.668884277344,0.01025390625,604.3919677734375,250167.0,Perl/Perl.csv,164,16,Perl,fannkuch-redux,False,True,,250.167
12977.523193359375,10606.5185546875,0.01031494140625,600.78369140625,248674.0,Perl/Perl.csv,165,16,Perl,fannkuch-redux,False,True,,248.674
13016.660766601562,10637.459594726562,0.0086669921875,602.3175659179688,249306.0,Perl/Perl.csv,166,16,Perl,fannkuch-redux,False,True,,249.306
13041.119873046875,10645.150329589844,0.01031494140625,606.2432861328125,250932.0,Perl/Perl.csv,167,16,Perl,fannkuch-redux,False,True,,250.932
12995.253356933594,10618.197998046875,0.01043701171875,601.7569580078125,249078.0,Perl/Perl.csv,168,16,Perl,fannkuch-redux,False,True,,249.078
12984.831787109375,10613.228393554688,0.0103759765625,600.41796875,248523.0,Perl/Perl.csv,169,16,Perl,fannkuch-redux,False,True,,248.523
13128.199096679688,-251455.02795410156,0.0103759765625,616.8551635742188,255316.0,Perl/Perl.csv,170,16,Perl,fannkuch-redux,False,False,negative_energy,255.316
1591.3987426757812,1239.7202758789062,0.00152587890625,108.1572265625,37137.6,Perl/Perl.csv,171,17,Perl,k-nucleotide,False,True,,37.1376
1571.555908203125,1229.8206787109375,0.00146484375,105.16204833984375,35930.2,Perl/Perl.csv,172,17,Perl,k-nucleotide,False,True,,35.9302
1580.7033081054688,1240.0286865234375,0.0,104.87152099609375,35797.7,Perl/Perl.csv,173,17,Perl,k-nucleotide,False,True,,35.7977
1565.0845947265625,1224.8818969726562,0.00152587890625,104.754150390625,35777.3,Perl/Perl.csv,174,17,Perl,k-nucleotide,False,True,,35.777300000000004
1567.8311767578125,1230.4602661132812,0.0015869140625,104.15972900390625,35529.3,Perl/Perl.csv,175,17,Perl,k-nucleotide,False,True,,35.529300000000006
1569.0786743164062,1230.4879760742188,0.00146484375,104.4354248046875,35597.0,Perl/Perl.csv,176,17,Perl,k-nucleotide,False,True,,35.597
1573.0455932617188,1233.8641967773438,0.0015869140625,104.619873046875,35711.6,Perl/Perl.csv,177,17,Perl,k-nucleotide,False,True,,35.7116
1562.798095703125,1224.254150390625,0.00146484375,104.7188720703125,35687.7,Perl/Perl.csv,178,17,Perl,k-nucleotide,False,True,,35.6877
1566.1484985351562,1228.3189697265625,0.0,104.48480224609375,35616.1,Perl/Perl.csv,179,17,Perl,k-nucleotide,False,True,,35.616099999999996
1564.7196044921875,1226.8346557617188,0.00152587890625,104.5091552734375,35609.8,Perl/Perl.csv,180,17,Perl,k-nucleotide,False,True,,35.6098
19766.742248535156,15959.003784179688,0.015380859375,942.8748779296875,390252.0,Perl/Perl.csv,181,18,Perl,mandelbrot,False,True,,390.252
19742.861083984375,15948.761108398438,0.01580810546875,939.7105712890625,388940.0,Perl/Perl.csv,182,18,Perl,mandelbrot,False,True,,388.94
19649.181579589844,15877.025939941406,0.0157470703125,933.206787109375,386246.0,Perl/Perl.csv,183,18,Perl,mandelbrot,False,True,,386.246
-242431.6821899414,15932.154174804688,0.01568603515625,934.0375366210938,386580.0,Perl/Perl.csv,184,18,Perl,mandelbrot,False,False,negative_energy|invalid_package,386.58
19910.363403320312,16081.163269042969,0.01715087890625,946.5858764648438,391784.0,Perl/Perl.csv,185,18,Perl,mandelbrot,False,True,,391.784
20151.34588623047,16272.257385253906,0.015869140625,951.5238037109375,393827.0,Perl/Perl.csv,186,18,Perl,mandelbrot,False,True,,393.827
20051.118896484375,16193.258850097656,0.01568603515625,950.6824340820312,393487.0,Perl/Perl.csv,187,18,Perl,mandelbrot,False,True,,393.487
19862.476623535156,16045.664672851562,0.015869140625,942.7462158203125,390174.0,Perl/Perl.csv,188,18,Perl,mandelbrot,False,True,,390.174
19871.328247070312,16057.019165039062,0.015869140625,938.3853759765625,388389.0,Perl/Perl.csv,189,18,Perl,mandelbrot,False,True,,388.389
19941.68682861328,16104.401672363281,0.0159912109375,946.374267578125,391698.0,Perl/Perl.csv,190,18,Perl,mandelbrot,False,True,,391.698
31.40789794921875,16.38018798828125,0.0,3.97796630859375,1646.49,Perl/Perl.csv,191,19,Perl,pidigits,False,True,,1.64649
29.4556884765625,16.73284912109375,0.0,3.1514892578125,1303.54,Perl/Perl.csv,192,19,Perl,pidigits,False,True,,1.30354
29.721923828125,16.93133544921875,0.0,3.16424560546875,1308.16,Perl/Perl.csv,193,19,Perl,pidigits,False,True,,1.30816
30.42724609375,17.239501953125,0.0,3.27813720703125,1347.6,Perl/Perl.csv,194,19,Perl,pidigits,False,True,,1.3476
29.95458984375,17.00653076171875,0.0,3.2061767578125,1325.92,Perl/Perl.csv,195,19,Perl,pidigits,False,True,,1.32592
29.9862060546875,16.98492431640625,0.0,3.21209716796875,1328.3,Perl/Perl.csv,196,19,Perl,pidigits,False,True,,1.3283
30.10040283203125,17.06549072265625,0.0,3.22882080078125,1336.39,Perl/Perl.csv,197,19,Perl,pidigits,False,True,,1.3363900000000002
29.5048828125,16.77392578125,0.0,3.15899658203125,1307.46,Perl/Perl.csv,198,19,Perl,pidigits,False,True,,1.30746
29.7984619140625,16.87451171875,0.0,3.19268798828125,1320.34,Perl/Perl.csv,199,19,Perl,pidigits,False,True,,1.3203399999999998
29.58209228515625,16.80419921875,0.0,3.1683349609375,1311.24,Perl/Perl.csv,200,19,Perl,pidigits,False,True,,1.31124
1017.5243530273438,559.9633178710938,0.001220703125,112.52911376953125,46533.4,Perl/Perl.csv,201,20,Perl,fasta,False,True,,46.5334
1004.1245727539062,552.34765625,0.00115966796875,112.5224609375,46531.6,Perl/Perl.csv,202,20,Perl,fasta,False,True,,46.5316
996.9050903320312,547.9589233398438,0.00115966796875,112.5115966796875,46528.4,Perl/Perl.csv,203,20,Perl,fasta,False,True,,46.528400000000005
986.557861328125,542.0269775390625,0.00115966796875,112.210693359375,46396.0,Perl/Perl.csv,204,20,Perl,fasta,False,True,,46.396
978.0673828125,537.861328125,0.0010986328125,111.72979736328125,46191.5,Perl/Perl.csv,205,20,Perl,fasta,False,True,,46.1915
984.9876708984375,541.2205810546875,0.00103759765625,112.81134033203125,46638.0,Perl/Perl.csv,206,20,Perl,fasta,False,True,,46.638
975.1874389648438,536.2398681640625,0.0010986328125,111.76641845703125,46207.5,Perl/Perl.csv,207,20,Perl,fasta,False,True,,46.2075
975.0712890625,535.7675170898438,0.0010986328125,111.79705810546875,46217.6,Perl/Perl.csv,208,20,Perl,fasta,False,True,,46.2176
976.9212036132812,536.6884155273438,0.0010986328125,112.0240478515625,46313.5,Perl/Perl.csv,209,20,Perl,fasta,False,True,,46.3135
973.814697265625,535.1426391601562,0.00103759765625,111.75537109375,46198.9,Perl/Perl.csv,210,20,Perl,fasta,False,True,,46.1989
969.0925903320312,793.59423828125,0.00103759765625,47.68585205078125,19729.9,Perl/Perl.csv,211,21,Perl,spectral-norm,False,True,,19.7299
985.0736083984375,806.2356567382812,0.0,48.14031982421875,19917.7,Perl/Perl.csv,212,21,Perl,spectral-norm,False,True,,19.9177
988.9407348632812,809.924072265625,0.00140380859375,47.95806884765625,19843.9,Perl/Perl.csv,213,21,Perl,spectral-norm,False,True,,19.8439
994.0824584960938,813.9596557617188,0.0,48.12890625,19913.6,Perl/Perl.csv,214,21,Perl,spectral-norm,False,True,,19.9136
995.6323852539062,816.9464111328125,0.00152587890625,47.4931640625,19651.0,Perl/Perl.csv,215,21,Perl,spectral-norm,False,True,,19.651
1001.5570068359375,821.697021484375,0.0,47.60028076171875,19695.0,Perl/Perl.csv,216,21,Perl,spectral-norm,False,True,,19.695
1007.7560424804688,826.5020751953125,0.00152587890625,47.79083251953125,19774.2,Perl/Perl.csv,217,21,Perl,spectral-norm,False,True,,19.7742
1008.248291015625,826.5077514648438,0.0,47.9244384765625,19829.6,Perl/Perl.csv,218,21,Perl,spectral-norm,False,True,,19.8296
1003.1409301757812,824.0739135742188,0.00164794921875,47.2413330078125,19547.5,Perl/Perl.csv,219,21,Perl,spectral-norm,False,True,,19.5475
1016.4144897460938,832.9822387695312,0.0,48.08306884765625,19892.7,Perl/Perl.csv,220,21,Perl,spectral-norm,False,True,,19.8927
12261.686096191406,6803.931640625,0.014404296875,1372.8463134765625,568250.0,Python/Python.csv,1,1,Python,n-body,False,True,,568.25
11779.833374023438,6530.951965332031,0.01361083984375,1352.1076049804688,559663.0,Python/Python.csv,2,1,Python,n-body,False,True,,559.663
11792.521057128906,6537.690979003906,0.01348876953125,1353.6646728515625,560299.0,Python/Python.csv,3,1,Python,n-body,False,True,,560.299
11723.217346191406,6499.9749755859375,0.0135498046875,1345.4647216796875,556919.0,Python/Python.csv,4,1,Python,n-body,False,True,,556.919
-250468.2241821289,-255667.06463623047,0.013427734375,1340.0441284179688,554673.0,Python/Python.csv,5,1,Python,n-body,False,False,negative_energy|invalid_package,554.673
11755.756103515625,6522.729187011719,0.01361083984375,1348.9666748046875,558358.0,Python/Python.csv,6,1,Python,n-body,False,True,,558.358
11747.52099609375,6518.072998046875,0.01336669921875,1348.0232543945312,557978.0,Python/Python.csv,7,1,Python,n-body,False,True,,557.978
11787.824951171875,6532.005615234375,0.01361083984375,1353.1112060546875,560083.0,Python/Python.csv,8,1,Python,n-body,False,True,,560.083
11882.517761230469,6591.294860839844,0.01348876953125,1362.5560913085938,563981.0,Python/Python.csv,9,1,Python,n-body,False,True,,563.981
11712.293518066406,6498.462219238281,0.01373291015625,1344.305419921875,556433.0,Python/Python.csv,10,1,Python,n-body,False,True,,556.433
2101.0592041015625,1667.1630859375,0.00128173828125,131.204345703125,46484.0,Python/Python.csv,11,2,Python,binary-trees,False,True,,46.484
2072.1956176757812,1645.4144897460938,0.00146484375,127.48406982421875,44997.1,Python/Python.csv,12,2,Python,binary-trees,False,True,,44.997099999999996
2068.7848510742188,1645.6185913085938,0.00152587890625,126.2076416015625,44532.3,Python/Python.csv,13,2,Python,binary-trees,False,True,,44.532300000000006
2086.6773071289062,1660.0689697265625,0.00152587890625,126.3115234375,44604.8,Python/Python.csv,14,2,Python,binary-trees,False,True,,44.604800000000004
2100.0343017578125,1670.0308837890625,0.00152587890625,126.928955078125,44867.7,Python/Python.csv,15,2,Python,binary-trees,False,True,,44.8677
2094.6552124023438,1665.7763061523438,0.00152587890625,126.7955322265625,44778.5,Python/Python.csv,16,2,Python,binary-trees,False,True,,44.7785
2097.5796508789062,1668.1878662109375,0.00152587890625,127.12225341796875,44802.8,Python/Python.csv,17,2,Python,binary-trees,False,True,,44.802800000000005
2112.818115234375,1681.1577758789062,0.0015869140625,127.043701171875,44972.1,Python/Python.csv,18,2,Python,binary-trees,False,True,,44.9721
2146.834228515625,1707.7713012695312,0.00152587890625,127.6739501953125,45297.1,Python/Python.csv,19,2,Python,binary-trees,False,True,,45.2971
2099.673583984375,1670.9406127929688,0.001708984375,126.044921875,44520.8,Python/Python.csv,20,2,Python,binary-trees,False,True,,44.5208
52.296875,27.19598388671875,0.0,7.52545166015625,2812.23,Python/Python.csv,21,3,Python,reverse-complement,False,True,,2.81223
42.55157470703125,27.80474853515625,0.0,4.32061767578125,1512.25,Python/Python.csv,22,3,Python,reverse-complement,False,True,,1.51225
43.80078125,28.51190185546875,0.0,4.368896484375,1546.25,Python/Python.csv,23,3,Python,reverse-complement,False,True,,1.54625
42.3101806640625,27.7938232421875,0.0,4.234130859375,1477.89,Python/Python.csv,24,3,Python,reverse-complement,False,True,,1.4778900000000001
43.11029052734375,28.2918701171875,0.0,4.2509765625,1485.33,Python/Python.csv,25,3,Python,reverse-complement,False,True,,1.4853299999999998
42.5792236328125,27.94720458984375,0.0,4.24725341796875,1482.71,Python/Python.csv,26,3,Python,reverse-complement,False,True,,1.48271
42.18426513671875,27.65478515625,0.0,4.24688720703125,1482.51,Python/Python.csv,27,3,Python,reverse-complement,False,True,,1.48251
42.6666259765625,28.03253173828125,0.0,4.2672119140625,1491.42,Python/Python.csv,28,3,Python,reverse-complement,False,True,,1.49142
42.580810546875,27.90789794921875,0.0,4.28741455078125,1496.59,Python/Python.csv,29,3,Python,reverse-complement,False,True,,1.4965899999999999
42.640380859375,27.964599609375,0.0,4.2596435546875,1487.83,Python/Python.csv,30,3,Python,reverse-complement,False,True,,1.48783
220.24603271484375,146.0823974609375,0.0,19.37835693359375,7668.98,Python/Python.csv,31,4,Python,regex-redux,False,True,,7.6689799999999995
220.21746826171875,147.3221435546875,0.0,18.814453125,7420.36,Python/Python.csv,32,4,Python,regex-redux,False,True,,7.42036
210.8106689453125,142.66375732421875,0.0013427734375,17.25616455078125,6873.86,Python/Python.csv,33,4,Python,regex-redux,False,True,,6.87386
207.119384765625,140.7030029296875,0.0,16.89630126953125,6741.32,Python/Python.csv,34,4,Python,regex-redux,False,True,,6.74132
206.950439453125,139.67315673828125,0.0,17.18548583984375,6845.99,Python/Python.csv,35,4,Python,regex-redux,False,True,,6.84599
205.859130859375,139.415771484375,0.0,17.0557861328125,6810.94,Python/Python.csv,36,4,Python,regex-redux,False,True,,6.8109399999999996
219.9720458984375,146.990234375,0.0,18.85943603515625,7438.29,Python/Python.csv,37,4,Python,regex-redux,False,True,,7.43829
220.20703125,147.15057373046875,0.0,18.873779296875,7442.76,Python/Python.csv,38,4,Python,regex-redux,False,True,,7.44276
217.61370849609375,145.46630859375,0.001220703125,18.652587890625,7354.77,Python/Python.csv,39,4,Python,regex-redux,False,True,,7.35477
205.75592041015625,138.8719482421875,0.0,17.17596435546875,6826.87,Python/Python.csv,40,4,Python,regex-redux,False,True,,6.8268699999999995
14603.997253417969,11943.862731933594,0.00994873046875,673.7899169921875,278893.0,Python/Python.csv,41,5,Python,fannkuch-redux,False,True,,278.893
14581.841003417969,11935.6845703125,0.01190185546875,669.5980224609375,277145.0,Python/Python.csv,42,5,Python,fannkuch-redux,False,True,,277.145
14955.568969726562,12245.225524902344,0.01043701171875,678.5219116210938,280852.0,Python/Python.csv,43,5,Python,fannkuch-redux,False,True,,280.852
14936.510437011719,12227.524841308594,0.0123291015625,677.572021484375,280458.0,Python/Python.csv,44,5,Python,fannkuch-redux,False,True,,280.458
15055.126159667969,12337.380432128906,0.010498046875,676.827880859375,280150.0,Python/Python.csv,45,5,Python,fannkuch-redux,False,True,,280.15
14795.208923339844,12118.523254394531,0.01214599609375,669.8134765625,277248.0,Python/Python.csv,46,5,Python,fannkuch-redux,False,True,,277.248
14735.482238769531,12042.751953125,0.01080322265625,679.2442626953125,281151.0,Python/Python.csv,47,5,Python,fannkuch-redux,False,True,,281.151
14759.743835449219,12086.979064941406,0.0123291015625,671.2586669921875,277846.0,Python/Python.csv,48,5,Python,fannkuch-redux,False,True,,277.846
14893.462097167969,12184.039978027344,0.0106201171875,677.351318359375,280354.0,Python/Python.csv,49,5,Python,fannkuch-redux,False,True,,280.354
14696.785888671875,12020.869506835938,0.01202392578125,675.4093017578125,279552.0,Python/Python.csv,50,5,Python,fannkuch-redux,False,True,,279.552
1865.028564453125,1481.9514770507812,0.00164794921875,123.80157470703125,39836.7,Python/Python.csv,51,6,Python,k-nucleotide,False,True,,39.8367
1848.0989379882812,1474.2003784179688,0.00164794921875,119.813232421875,39003.1,Python/Python.csv,52,6,Python,k-nucleotide,False,True,,39.003099999999996
1868.0197143554688,1492.24951171875,0.00164794921875,121.77398681640625,38989.8,Python/Python.csv,53,6,Python,k-nucleotide,False,True,,38.9898
1846.1268310546875,1474.8528442382812,0.0,121.14532470703125,38797.0,Python/Python.csv,54,6,Python,k-nucleotide,False,True,,38.797
1858.4135131835938,1484.9535522460938,0.0015869140625,121.40594482421875,38890.2,Python/Python.csv,55,6,Python,k-nucleotide,False,True,,38.8902
1845.1015625,1474.5628051757812,0.00164794921875,120.93304443359375,38594.9,Python/Python.csv,56,6,Python,k-nucleotide,False,True,,38.5949
1854.2282104492188,1480.54345703125,0.00152587890625,121.57464599609375,38986.8,Python/Python.csv,57,6,Python,k-nucleotide,False,True,,38.9868
1849.9047241210938,1477.2484741210938,0.00164794921875,121.62109375,38883.0,Python/Python.csv,58,6,Python,k-nucleotide,False,True,,38.883
1865.046875,1488.3110961914062,0.00164794921875,122.94036865234375,39385.2,Python/Python.csv,59,6,Python,k-nucleotide,False,True,,39.3852
1843.63037109375,1472.41064453125,0.0015869140625,119.92755126953125,38693.4,Python/Python.csv,60,6,Python,k-nucleotide,False,True,,38.693400000000004
-253458.53985595703,7128.210998535156,0.0074462890625,381.71246337890625,157987.0,Python/Python.csv,61,7,Python,mandelbrot,False,False,negative_energy|invalid_package,157.987
8981.196960449219,7372.370788574219,0.0054931640625,392.43499755859375,162429.0,Python/Python.csv,62,7,Python,mandelbrot,False,True,,162.429
9064.382751464844,7440.586181640625,0.00738525390625,394.8924560546875,163431.0,Python/Python.csv,63,7,Python,mandelbrot,False,True,,163.431
9120.653930664062,7469.2841796875,0.00738525390625,406.23052978515625,168137.0,Python/Python.csv,64,7,Python,mandelbrot,False,True,,168.137
8940.615600585938,7342.040466308594,0.0074462890625,390.53826904296875,161627.0,Python/Python.csv,65,7,Python,mandelbrot,False,True,,161.627
9003.674011230469,7392.447998046875,0.00732421875,393.68768310546875,162933.0,Python/Python.csv,66,7,Python,mandelbrot,False,True,,162.933
8939.073181152344,7341.280700683594,0.00567626953125,390.27783203125,161534.0,Python/Python.csv,67,7,Python,mandelbrot,False,True,,161.534
8976.647155761719,7369.291809082031,0.007568359375,392.24884033203125,162332.0,Python/Python.csv,68,7,Python,mandelbrot,False,True,,162.332
9066.151611328125,7436.850769042969,0.007568359375,396.80078125,164234.0,Python/Python.csv,69,7,Python,mandelbrot,False,True,,164.234
9230.065612792969,7557.301940917969,0.0074462890625,408.39788818359375,169037.0,Python/Python.csv,70,7,Python,mandelbrot,False,True,,169.037
1627.5259399414062,-261231.76220703125,0.0025634765625,179.4044189453125,74229.3,Python/Python.csv,71,8,Python,fasta,False,False,negative_energy,74.22930000000001
1616.0196533203125,904.0070190429688,0.0023193359375,180.3624267578125,74626.6,Python/Python.csv,72,8,Python,fasta,False,True,,74.62660000000001
1590.945556640625,890.0731811523438,0.0010986328125,178.92291259765625,74029.0,Python/Python.csv,73,8,Python,fasta,False,True,,74.029
1581.1060180664062,883.8024291992188,0.002197265625,179.54632568359375,74288.4,Python/Python.csv,74,8,Python,fasta,False,True,,74.2884
1574.21728515625,881.0970458984375,0.002197265625,178.73297119140625,73928.2,Python/Python.csv,75,8,Python,fasta,False,True,,73.9282
1566.4894409179688,875.9561157226562,0.00213623046875,178.7161865234375,73922.4,Python/Python.csv,76,8,Python,fasta,False,True,,73.9224
1560.4931030273438,872.3502807617188,0.0010986328125,178.86309814453125,73985.2,Python/Python.csv,77,8,Python,fasta,False,True,,73.98519999999999
1569.7496337890625,877.3995971679688,0.00213623046875,179.01458740234375,74046.1,Python/Python.csv,78,8,Python,fasta,False,True,,74.04610000000001
1561.9442138671875,873.3832397460938,0.002197265625,179.05517578125,74064.2,Python/Python.csv,79,8,Python,fasta,False,True,,74.0642
1559.9773559570312,871.362060546875,0.00103759765625,178.91522216796875,74002.3,Python/Python.csv,80,8,Python,fasta,False,True,,74.0023
7092.163757324219,5841.646301269531,0.00439453125,331.5450439453125,137198.0,Python/Python.csv,81,9,Python,spectral-norm,False,True,,137.198
7246.395446777344,5968.290466308594,0.0050048828125,331.79595947265625,137298.0,Python/Python.csv,82,9,Python,spectral-norm,False,True,,137.298
7404.326599121094,6105.414855957031,0.0050048828125,334.25628662109375,138304.0,Python/Python.csv,83,9,Python,spectral-norm,False,True,,138.304
7411.7037353515625,6113.516357421875,0.00506591796875,333.96209716796875,138197.0,Python/Python.csv,84,9,Python,spectral-norm,False,True,,138.197
7636.39013671875,6287.348937988281,0.00701904296875,344.61395263671875,142605.0,Python/Python.csv,85,9,Python,spectral-norm,False,True,,142.605
7395.042236328125,6100.323181152344,0.00537109375,332.75830078125,137698.0,Python/Python.csv,86,9,Python,spectral-norm,False,True,,137.698
7352.908996582031,6063.283508300781,0.0052490234375,331.80084228515625,137302.0,Python/Python.csv,87,9,Python,spectral-norm,False,True,,137.302
7406.801025390625,6106.6544189453125,0.00506591796875,334.21575927734375,138302.0,Python/Python.csv,88,9,Python,spectral-norm,False,True,,138.302
7366.131774902344,6074.9261474609375,0.00506591796875,331.80169677734375,137302.0,Python/Python.csv,89,9,Python,spectral-norm,False,True,,137.302
7378.916076660156,6085.482421875,0.00689697265625,332.2908935546875,137502.0,Python/Python.csv,90,9,Python,spectral-norm,False,True,,137.502
25.8690185546875,14.18310546875,0.0,3.082275390625,1274.5,Python/Python.csv,91,10,Python,pidigits,False,True,,1.2745
25.6519775390625,14.6588134765625,0.0,2.8426513671875,1175.32,Python/Python.csv,92,10,Python,pidigits,False,True,,1.17532
25.67742919921875,14.666748046875,0.0,2.81353759765625,1163.63,Python/Python.csv,93,10,Python,pidigits,False,True,,1.1636300000000002
26.322265625,14.974365234375,0.0,2.88604736328125,1194.54,Python/Python.csv,94,10,Python,pidigits,False,True,,1.19454
26.494384765625,15.0980224609375,0.0,2.90087890625,1199.02,Python/Python.csv,95,10,Python,pidigits,False,True,,1.19902
25.6060791015625,14.65362548828125,0.0,2.81597900390625,1165.15,Python/Python.csv,96,10,Python,pidigits,False,True,,1.1651500000000001
25.9515380859375,14.813720703125,0.0,2.86700439453125,1185.33,Python/Python.csv,97,10,Python,pidigits,False,True,,1.18533
25.85247802734375,14.785888671875,0.0,2.84478759765625,1177.35,Python/Python.csv,98,10,Python,pidigits,False,True,,1.17735
25.87042236328125,14.77362060546875,0.0,2.84759521484375,1176.94,Python/Python.csv,99,10,Python,pidigits,False,True,,1.17694
25.80316162109375,14.74041748046875,0.0,2.84735107421875,1177.68,Python/Python.csv,100,10,Python,pidigits,False,True,,1.17768
431.79132080078125,223.76806640625,0.0,53.366943359375,21968.6,Racket/Racket.csv,1,1,Racket,n-body,False,True,,21.9686
441.07232666015625,229.67230224609375,0.0009765625,54.64239501953125,22443.7,Racket/Racket.csv,2,1,Racket,n-body,False,True,,22.4437
438.822021484375,228.0765380859375,0.0,54.16021728515625,22232.7,Racket/Racket.csv,3,1,Racket,n-body,False,True,,22.2327
437.57098388671875,227.510009765625,0.0010986328125,53.703125,22105.8,Racket/Racket.csv,4,1,Racket,n-body,False,True,,22.1058
438.2113037109375,226.5516357421875,0.0,54.5574951171875,22422.0,Racket/Racket.csv,5,1,Racket,n-body,False,True,,22.422
434.72344970703125,225.623291015625,0.0009765625,53.64984130859375,22014.9,Racket/Racket.csv,6,1,Racket,n-body,False,True,,22.0149
458.56439208984375,238.40960693359375,0.0,56.4105224609375,23131.2,Racket/Racket.csv,7,1,Racket,n-body,False,True,,23.1312
444.08209228515625,229.9163818359375,0.00103759765625,54.60052490234375,22445.0,Racket/Racket.csv,8,1,Racket,n-body,False,True,,22.445
433.63824462890625,225.071044921875,0.0010986328125,53.3961181640625,21985.9,Racket/Racket.csv,9,1,Racket,n-body,False,True,,21.9859
443.063232421875,229.4208984375,0.0,54.44134521484375,22429.9,Racket/Racket.csv,10,1,Racket,n-body,False,True,,22.4299
228.00140380859375,114.98760986328125,0.0,40.6146240234375,11369.5,Racket/Racket.csv,11,2,Racket,binary-trees,False,True,,11.3695
228.09844970703125,115.6953125,0.00103759765625,40.19732666015625,11206.8,Racket/Racket.csv,12,2,Racket,binary-trees,False,True,,11.2068
231.11944580078125,119.68218994140625,0.0,40.33184814453125,11233.8,Racket/Racket.csv,13,2,Racket,binary-trees,False,True,,11.233799999999999
228.78387451171875,116.02581787109375,0.0,40.3037109375,11240.4,Racket/Racket.csv,14,2,Racket,binary-trees,False,True,,11.2404
227.6690673828125,115.37921142578125,0.0,40.2581787109375,11218.7,Racket/Racket.csv,15,2,Racket,binary-trees,False,True,,11.2187
228.08380126953125,115.42132568359375,0.0010986328125,40.44219970703125,11292.4,Racket/Racket.csv,16,2,Racket,binary-trees,False,True,,11.292399999999999
228.35302734375,115.4384765625,0.0,40.36859130859375,11265.6,Racket/Racket.csv,17,2,Racket,binary-trees,False,True,,11.265600000000001
227.42706298828125,115.0482177734375,0.0,40.351318359375,11258.6,Racket/Racket.csv,18,2,Racket,binary-trees,False,True,,11.2586
228.11175537109375,115.63885498046875,0.0,40.2757568359375,11233.3,Racket/Racket.csv,19,2,Racket,binary-trees,False,True,,11.2333
227.15869140625,114.931884765625,0.0010986328125,40.27691650390625,11226.3,Racket/Racket.csv,20,2,Racket,binary-trees,False,True,,11.226299999999998
44.95269775390625,24.71844482421875,0.0,5.5938720703125,2213.7,Racket/Racket.csv,21,3,Racket,reverse-complement,False,True,,2.2137
44.8975830078125,25.2059326171875,0.0,5.370849609375,2117.82,Racket/Racket.csv,22,3,Racket,reverse-complement,False,True,,2.11782
44.87493896484375,25.262451171875,0.0,5.34942626953125,2111.46,Racket/Racket.csv,23,3,Racket,reverse-complement,False,True,,2.11146
44.89471435546875,25.21295166015625,0.0,5.35235595703125,2113.16,Racket/Racket.csv,24,3,Racket,reverse-complement,False,True,,2.1131599999999997
44.6923828125,25.1219482421875,0.0,5.33245849609375,2105.7,Racket/Racket.csv,25,3,Racket,reverse-complement,False,True,,2.1056999999999997
44.8277587890625,25.2806396484375,0.0,5.349365234375,2111.36,Racket/Racket.csv,26,3,Racket,reverse-complement,False,True,,2.1113600000000003
44.89056396484375,25.24212646484375,0.0,5.35430908203125,2114.81,Racket/Racket.csv,27,3,Racket,reverse-complement,False,True,,2.11481
44.63946533203125,25.0888671875,0.0,5.334228515625,2107.25,Racket/Racket.csv,28,3,Racket,reverse-complement,False,True,,2.10725
44.68524169921875,25.09173583984375,0.0,5.35528564453125,2113.36,Racket/Racket.csv,29,3,Racket,reverse-complement,False,True,,2.11336
44.778564453125,25.16424560546875,0.0,5.35101318359375,2112.91,Racket/Racket.csv,30,3,Racket,reverse-complement,False,True,,2.11291
539.945068359375,287.27825927734375,0.0,68.71466064453125,26142.6,Racket/Racket.csv,31,4,Racket,regex-redux,False,True,,26.142599999999998
544.2597045898438,289.998291015625,0.0009765625,68.60174560546875,26091.5,Racket/Racket.csv,32,4,Racket,regex-redux,False,True,,26.0915
538.67236328125,286.99163818359375,0.0,68.5079345703125,26057.2,Racket/Racket.csv,33,4,Racket,regex-redux,False,True,,26.0572
543.8331298828125,289.64984130859375,0.00103759765625,68.5181884765625,26063.2,Racket/Racket.csv,34,4,Racket,regex-redux,False,True,,26.063200000000002
538.110595703125,286.7872314453125,0.0009765625,68.60845947265625,26066.5,Racket/Racket.csv,35,4,Racket,regex-redux,False,True,,26.0665
550.2518920898438,292.55487060546875,0.0,69.67205810546875,26540.0,Racket/Racket.csv,36,4,Racket,regex-redux,False,True,,26.54
552.8590087890625,296.62164306640625,0.0010986328125,69.000244140625,26262.6,Racket/Racket.csv,37,4,Racket,regex-redux,False,True,,26.2626
542.9993896484375,289.31854248046875,0.0,68.573486328125,26074.6,Racket/Racket.csv,38,4,Racket,regex-redux,False,True,,26.0746
548.709716796875,292.39166259765625,0.0010986328125,68.83721923828125,26194.9,Racket/Racket.csv,39,4,Racket,regex-redux,False,True,,26.1949
539.7367553710938,287.47833251953125,0.00103759765625,68.52020263671875,26054.9,Racket/Racket.csv,40,4,Racket,regex-redux,False,True,,26.0549
2153.2816162109375,1766.2316284179688,0.00128173828125,105.83917236328125,43806.1,Racket/Racket.csv,41,5,Racket,fannkuch-redux,False,True,,43.8061
2193.6448974609375,1800.42578125,0.00140380859375,105.84417724609375,43808.0,Racket/Racket.csv,42,5,Racket,fannkuch-redux,False,True,,43.808
2204.6981201171875,1812.3331909179688,0.00146484375,105.064208984375,43485.5,Racket/Racket.csv,43,5,Racket,fannkuch-redux,False,True,,43.4855
2227.6384887695312,1830.1401977539062,0.0015869140625,105.6741943359375,43738.5,Racket/Racket.csv,44,5,Racket,fannkuch-redux,False,True,,43.7385
2249.87060546875,1848.2809448242188,0.0015869140625,105.78363037109375,43783.1,Racket/Racket.csv,45,5,Racket,fannkuch-redux,False,True,,43.7831
2235.5916748046875,1839.3153076171875,0.0015869140625,104.54425048828125,43270.1,Racket/Racket.csv,46,5,Racket,fannkuch-redux,False,True,,43.2701
-259882.4761352539,1858.0165405273438,0.0015869140625,105.84393310546875,43808.3,Racket/Racket.csv,47,5,Racket,fannkuch-redux,False,False,negative_energy|invalid_package,43.8083
2244.5101928710938,1844.1592407226562,0.00152587890625,105.80853271484375,43793.2,Racket/Racket.csv,48,5,Racket,fannkuch-redux,False,True,,43.7932
2260.3916015625,1857.3494873046875,0.0015869140625,105.788330078125,43784.6,Racket/Racket.csv,49,5,Racket,fannkuch-redux,False,True,,43.7846
2258.69482421875,1855.994873046875,0.0015869140625,105.77117919921875,43778.8,Racket/Racket.csv,50,5,Racket,fannkuch-redux,False,True,,43.778800000000004
967.8524169921875,525.5241088867188,0.0013427734375,106.90234375,44001.8,Racket/Racket.csv,51,6,Racket,k-nucleotide,False,True,,44.0018
953.4163818359375,517.4273681640625,0.00115966796875,107.13775634765625,44098.7,Racket/Racket.csv,52,6,Racket,k-nucleotide,False,True,,44.098699999999994
952.0386352539062,515.9981689453125,0.00115966796875,107.5703125,44279.3,Racket/Racket.csv,53,6,Racket,k-nucleotide,False,True,,44.279300000000006
948.4160766601562,513.607421875,0.00115966796875,107.85260009765625,44394.7,Racket/Racket.csv,54,6,Racket,k-nucleotide,False,True,,44.3947
944.879638671875,512.6589965820312,0.0010986328125,107.442138671875,44214.0,Racket/Racket.csv,55,6,Racket,k-nucleotide,False,True,,44.214
937.865966796875,507.6160888671875,0.0010986328125,106.88720703125,43995.1,Racket/Racket.csv,56,6,Racket,k-nucleotide,False,True,,43.9951
936.5330810546875,507.31121826171875,0.00103759765625,107.09228515625,44079.5,Racket/Racket.csv,57,6,Racket,k-nucleotide,False,True,,44.0795
934.8439331054688,511.4384765625,0.00103759765625,107.52459716796875,44255.0,Racket/Racket.csv,58,6,Racket,k-nucleotide,False,True,,44.255
926.8197021484375,504.41259765625,0.00103759765625,106.82183837890625,43969.6,Racket/Racket.csv,59,6,Racket,k-nucleotide,False,True,,43.9696
934.6483764648438,506.7816162109375,0.0009765625,108.3314208984375,44591.8,Racket/Racket.csv,60,6,Racket,k-nucleotide,False,True,,44.591800000000006
838.248291015625,417.397216796875,0.00103759765625,108.08111572265625,44562.8,Racket/Racket.csv,61,7,Racket,mandelbrot,False,True,,44.5628
838.7052001953125,417.96514892578125,0.0009765625,108.000244140625,44497.3,Racket/Racket.csv,62,7,Racket,mandelbrot,False,True,,44.4973
840.5401611328125,419.1002197265625,0.00103759765625,108.1832275390625,44563.5,Racket/Racket.csv,63,7,Racket,mandelbrot,False,True,,44.5635
839.416015625,419.13427734375,0.0009765625,108.02740478515625,44498.0,Racket/Racket.csv,64,7,Racket,mandelbrot,False,True,,44.498
837.2772827148438,417.23248291015625,0.0020751953125,107.94207763671875,44482.6,Racket/Racket.csv,65,7,Racket,mandelbrot,False,True,,44.4826
839.5252075195312,418.4388427734375,0.0009765625,108.07586669921875,44536.2,Racket/Racket.csv,66,7,Racket,mandelbrot,False,True,,44.536199999999994
837.9517822265625,420.05963134765625,0.0009765625,107.9368896484375,44518.2,Racket/Racket.csv,67,7,Racket,mandelbrot,False,True,,44.5182
837.865478515625,417.3448486328125,0.00103759765625,107.7740478515625,44477.1,Racket/Racket.csv,68,7,Racket,mandelbrot,False,True,,44.4771
835.2772216796875,416.211181640625,0.00091552734375,107.7012939453125,44476.7,Racket/Racket.csv,69,7,Racket,mandelbrot,False,True,,44.476699999999994
845.50732421875,422.61279296875,0.0009765625,108.5103759765625,44769.1,Racket/Racket.csv,70,7,Racket,mandelbrot,False,True,,44.7691
15.25518798828125,8.0487060546875,0.0,1.96319580078125,808.565,Racket/Racket.csv,71,8,Racket,pidigits,False,True,,0.8085650000000001
15.11456298828125,8.36517333984375,0.0,1.76898193359375,729.394,Racket/Racket.csv,72,8,Racket,pidigits,False,True,,0.729394
15.24951171875,8.4520263671875,0.0,1.77947998046875,732.401,Racket/Racket.csv,73,8,Racket,pidigits,False,True,,0.732401
15.30609130859375,8.4971923828125,0.0,1.78387451171875,734.792,Racket/Racket.csv,74,8,Racket,pidigits,False,True,,0.734792
15.2645263671875,8.481689453125,0.0,1.78173828125,733.328,Racket/Racket.csv,75,8,Racket,pidigits,False,True,,0.733328
15.19580078125,8.425048828125,0.0,1.7718505859375,730.239,Racket/Racket.csv,76,8,Racket,pidigits,False,True,,0.7302390000000001
15.1578369140625,8.39910888671875,0.0,1.77947998046875,732.17,Racket/Racket.csv,77,8,Racket,pidigits,False,True,,0.73217
15.149658203125,8.3978271484375,0.0,1.769287109375,729.269,Racket/Racket.csv,78,8,Racket,pidigits,False,True,,0.7292690000000001
15.30517578125,8.50653076171875,0.0,1.781982421875,732.858,Racket/Racket.csv,79,8,Racket,pidigits,False,True,,0.7328579999999999
15.18255615234375,8.42254638671875,0.0,1.7786865234375,733.534,Racket/Racket.csv,80,8,Racket,pidigits,False,True,,0.733534
189.234619140625,104.3040771484375,0.0,20.98480224609375,8552.45,Racket/Racket.csv,81,9,Racket,fasta,False,True,,8.55245
180.97320556640625,99.9703369140625,0.0,20.14306640625,8225.19,Racket/Racket.csv,82,9,Racket,fasta,False,True,,8.225190000000001
178.658203125,98.72210693359375,0.00103759765625,20.08160400390625,8158.65,Racket/Racket.csv,83,9,Racket,fasta,False,True,,8.15865
186.41912841796875,103.07147216796875,0.0,20.60894775390625,8378.85,Racket/Racket.csv,84,9,Racket,fasta,False,True,,8.37885
182.14971923828125,100.79742431640625,0.0,20.2540283203125,8241.0,Racket/Racket.csv,85,9,Racket,fasta,False,True,,8.241
179.63262939453125,99.40789794921875,0.0,19.99798583984375,8143.06,Racket/Racket.csv,86,9,Racket,fasta,False,True,,8.14306
178.91650390625,98.91802978515625,0.0,19.97808837890625,8159.83,Racket/Racket.csv,87,9,Racket,fasta,False,True,,8.15983
178.8734130859375,99.016357421875,0.0010986328125,20.020751953125,8143.17,Racket/Racket.csv,88,9,Racket,fasta,False,True,,8.14317
188.4129638671875,104.39129638671875,0.0,20.8671875,8514.84,Racket/Racket.csv,89,9,Racket,fasta,False,True,,8.51484
180.08343505859375,99.63427734375,0.0,20.09698486328125,8194.12,Racket/Racket.csv,90,9,Racket,fasta,False,True,,8.194120000000002
100.3463134765625,78.86944580078125,0.0,5.70794677734375,2359.07,Racket/Racket.csv,91,10,Racket,spectral-norm,False,True,,2.35907
100.49310302734375,79.22503662109375,0.0,5.62628173828125,2323.72,Racket/Racket.csv,92,10,Racket,spectral-norm,False,True,,2.32372
100.67584228515625,79.27557373046875,0.0,5.6549072265625,2336.64,Racket/Racket.csv,93,10,Racket,spectral-norm,False,True,,2.33664
100.86114501953125,79.31829833984375,0.0,5.691650390625,2351.16,Racket/Racket.csv,94,10,Racket,spectral-norm,False,True,,2.3511599999999997
100.74676513671875,79.33013916015625,0.0,5.662109375,2339.69,Racket/Racket.csv,95,10,Racket,spectral-norm,False,True,,2.33969
100.85687255859375,79.34844970703125,0.0,5.68414306640625,2348.34,Racket/Racket.csv,96,10,Racket,spectral-norm,False,True,,2.3483400000000003
100.95135498046875,79.3359375,0.00115966796875,5.71337890625,2360.41,Racket/Racket.csv,97,10,Racket,spectral-norm,False,True,,2.36041
100.75860595703125,79.37603759765625,0.0,5.6513671875,2334.02,Racket/Racket.csv,98,10,Racket,spectral-norm,False,True,,2.3340199999999998
100.59564208984375,79.26068115234375,0.0,5.64288330078125,2331.57,Racket/Racket.csv,99,10,Racket,spectral-norm,False,True,,2.33157
100.771484375,79.36175537109375,0.0,5.66241455078125,2339.56,Racket/Racket.csv,100,10,Racket,spectral-norm,False,True,,2.33956
160.6793212890625,81.0087890625,0.0,21.783935546875,8933.85,Racket/Racket.csv,101,11,Racket,n-body,False,True,,8.93385
421.589599609375,217.25115966796875,0.0,54.47064208984375,22439.9,Racket/Racket.csv,102,11,Racket,n-body,False,True,,22.4399
421.9700927734375,217.247314453125,0.0009765625,54.38494873046875,22437.1,Racket/Racket.csv,103,11,Racket,n-body,False,True,,22.437099999999997
486.5889892578125,280.0682373046875,0.0,57.15289306640625,22568.0,Racket/Racket.csv,104,11,Racket,n-body,False,True,,22.568
644.1174926757812,436.02801513671875,0.0009765625,62.9224853515625,22727.6,Racket/Racket.csv,105,11,Racket,n-body,False,True,,22.7276
652.224609375,441.33856201171875,0.0,63.6827392578125,22727.7,Racket/Racket.csv,106,11,Racket,n-body,False,True,,22.727700000000002
656.9715576171875,445.30316162109375,0.0010986328125,62.72674560546875,22660.0,Racket/Racket.csv,107,11,Racket,n-body,False,True,,22.66
658.755126953125,446.4788818359375,0.0,62.82244873046875,22700.7,Racket/Racket.csv,108,11,Racket,n-body,False,True,,22.7007
681.2735595703125,460.9593505859375,0.00115966796875,65.06256103515625,23487.1,Racket/Racket.csv,109,11,Racket,n-body,False,True,,23.487099999999998
659.7074584960938,447.18121337890625,0.00115966796875,63.2626953125,22712.2,Racket/Racket.csv,110,11,Racket,n-body,False,True,,22.7122
631.464599609375,427.43048095703125,0.0009765625,61.76910400390625,22281.9,Racket/Racket.csv,111,11,Racket,n-body,False,True,,22.2819
652.4949951171875,441.31396484375,0.0,63.94525146484375,22870.7,Racket/Racket.csv,112,11,Racket,n-body,False,True,,22.8707
644.2955322265625,436.85955810546875,0.0010986328125,61.60516357421875,22253.1,Racket/Racket.csv,113,11,Racket,n-body,False,True,,22.2531
658.9777221679688,446.36956787109375,0.0,62.98504638671875,22716.1,Racket/Racket.csv,114,11,Racket,n-body,False,True,,22.716099999999997
660.9998779296875,447.45684814453125,0.00115966796875,62.9693603515625,22787.7,Racket/Racket.csv,115,11,Racket,n-body,False,True,,22.7877
658.8141479492188,446.5606689453125,0.0,63.06085205078125,22689.7,Racket/Racket.csv,116,11,Racket,n-body,False,True,,22.689700000000002
513.0286865234375,301.93536376953125,0.00115966796875,57.5579833984375,22450.6,Racket/Racket.csv,117,11,Racket,n-body,False,True,,22.450599999999998
428.7017822265625,222.0267333984375,0.0,53.30352783203125,21981.0,Racket/Racket.csv,118,11,Racket,n-body,False,True,,21.981
436.878662109375,225.38726806640625,0.00103759765625,54.56304931640625,22438.3,Racket/Racket.csv,119,11,Racket,n-body,False,True,,22.438299999999998
438.375,226.25811767578125,0.0,54.52545166015625,22425.7,Racket/Racket.csv,120,11,Racket,n-body,False,True,,22.4257
225.684326171875,113.21051025390625,0.0,40.6185302734375,11370.2,Racket/Racket.csv,121,12,Racket,binary-trees,False,True,,11.3702
226.5576171875,114.35638427734375,0.0,40.4818115234375,11228.4,Racket/Racket.csv,122,12,Racket,binary-trees,False,True,,11.228399999999999
226.524658203125,114.39849853515625,0.0,40.3358154296875,11239.2,Racket/Racket.csv,123,12,Racket,binary-trees,False,True,,11.2392
226.02838134765625,113.77923583984375,0.00103759765625,40.42535400390625,11249.1,Racket/Racket.csv,124,12,Racket,binary-trees,False,True,,11.2491
226.67059326171875,114.429931640625,0.0,40.29791259765625,11246.5,Racket/Racket.csv,125,12,Racket,binary-trees,False,True,,11.2465
227.395263671875,114.82049560546875,0.0,40.50531005859375,11268.5,Racket/Racket.csv,126,12,Racket,binary-trees,False,True,,11.2685
225.5601806640625,113.54150390625,0.0,40.28973388671875,11233.2,Racket/Racket.csv,127,12,Racket,binary-trees,False,True,,11.2332
224.77593994140625,113.6148681640625,0.00103759765625,40.2991943359375,11210.7,Racket/Racket.csv,128,12,Racket,binary-trees,False,True,,11.210700000000001
224.603271484375,113.4422607421875,0.0,40.46124267578125,11228.4,Racket/Racket.csv,129,12,Racket,binary-trees,False,True,,11.228399999999999
226.9381103515625,114.51171875,0.0,40.4481201171875,11278.7,Racket/Racket.csv,130,12,Racket,binary-trees,False,True,,11.2787
52.42333984375,24.96087646484375,0.0,7.67755126953125,3045.65,Racket/Racket.csv,131,13,Racket,reverse-complement,False,True,,3.04565
44.7010498046875,25.10601806640625,0.0,5.4029541015625,2130.41,Racket/Racket.csv,132,13,Racket,reverse-complement,False,True,,2.13041
44.53533935546875,25.0025634765625,0.0,5.35382080078125,2113.63,Racket/Racket.csv,133,13,Racket,reverse-complement,False,True,,2.11363
44.9239501953125,25.150390625,0.0,5.38507080078125,2128.29,Racket/Racket.csv,134,13,Racket,reverse-complement,False,True,,2.12829
44.50701904296875,25.0386962890625,0.0009765625,5.36602783203125,2120.82,Racket/Racket.csv,135,13,Racket,reverse-complement,False,True,,2.12082
45.8658447265625,25.6820068359375,0.0,5.44183349609375,2149.32,Racket/Racket.csv,136,13,Racket,reverse-complement,False,True,,2.1493200000000003
44.2672119140625,24.82366943359375,0.0,5.34686279296875,2113.86,Racket/Racket.csv,137,13,Racket,reverse-complement,False,True,,2.1138600000000003
44.70013427734375,25.0755615234375,0.0,5.37091064453125,2122.88,Racket/Racket.csv,138,13,Racket,reverse-complement,False,True,,2.1228800000000003
44.76123046875,25.07330322265625,0.0,5.38995361328125,2131.52,Racket/Racket.csv,139,13,Racket,reverse-complement,False,True,,2.13152
44.645751953125,25.06402587890625,0.0,5.36956787109375,2120.44,Racket/Racket.csv,140,13,Racket,reverse-complement,False,True,,2.12044
537.7872314453125,283.629150390625,0.0010986328125,70.2861328125,26756.0,Racket/Racket.csv,141,14,Racket,regex-redux,False,True,,26.756
539.8167114257812,287.245361328125,0.0,68.6339111328125,26111.9,Racket/Racket.csv,142,14,Racket,regex-redux,False,True,,26.111900000000002
543.5167236328125,288.69903564453125,0.0010986328125,69.67169189453125,26508.6,Racket/Racket.csv,143,14,Racket,regex-redux,False,True,,26.508599999999998
543.0502319335938,289.061767578125,0.0,68.82843017578125,26170.1,Racket/Racket.csv,144,14,Racket,regex-redux,False,True,,26.170099999999998
539.7335205078125,287.537841796875,0.00103759765625,68.72711181640625,26117.7,Racket/Racket.csv,145,14,Racket,regex-redux,False,True,,26.1177
536.2213134765625,285.41033935546875,0.00103759765625,68.54522705078125,26075.0,Racket/Racket.csv,146,14,Racket,regex-redux,False,True,,26.075
536.895751953125,285.96832275390625,0.0,68.78717041015625,26172.5,Racket/Racket.csv,147,14,Racket,regex-redux,False,True,,26.1725
535.369140625,284.88604736328125,0.00103759765625,68.6810302734375,26095.6,Racket/Racket.csv,148,14,Racket,regex-redux,False,True,,26.095599999999997
532.888671875,283.8507080078125,0.0,68.548583984375,26076.4,Racket/Racket.csv,149,14,Racket,regex-redux,False,True,,26.076400000000003
534.4506225585938,284.60455322265625,0.0010986328125,68.72015380859375,26140.4,Racket/Racket.csv,150,14,Racket,regex-redux,False,True,,26.140400000000003
2126.7008666992188,1745.338623046875,0.001220703125,105.21234130859375,43546.7,Racket/Racket.csv,151,15,Racket,fannkuch-redux,False,True,,43.546699999999994
2174.278564453125,1786.3239135742188,0.0013427734375,105.08868408203125,43484.9,Racket/Racket.csv,152,15,Racket,fannkuch-redux,False,True,,43.4849
2193.2409057617188,1800.3994140625,0.00140380859375,105.826171875,43801.8,Racket/Racket.csv,153,15,Racket,fannkuch-redux,False,True,,43.8018
2204.1443481445312,1812.8720703125,0.00146484375,104.65960693359375,43318.2,Racket/Racket.csv,154,15,Racket,fannkuch-redux,False,True,,43.3182
2220.3547973632812,1825.1504516601562,0.00152587890625,105.1783447265625,43532.3,Racket/Racket.csv,155,15,Racket,fannkuch-redux,False,True,,43.532300000000006
2210.8840942382812,1818.4940185546875,0.0015869140625,104.574951171875,43283.0,Racket/Racket.csv,156,15,Racket,fannkuch-redux,False,True,,43.283
2238.0899658203125,1838.98193359375,0.0015869140625,105.80718994140625,43793.9,Racket/Racket.csv,157,15,Racket,fannkuch-redux,False,True,,43.7939
2236.1849975585938,1837.0355224609375,0.0015869140625,105.74725341796875,43767.7,Racket/Racket.csv,158,15,Racket,fannkuch-redux,False,True,,43.7677
2226.3889770507812,1831.0860595703125,0.0015869140625,104.77484130859375,43364.5,Racket/Racket.csv,159,15,Racket,fannkuch-redux,False,True,,43.3645
2385.08642578125,1878.51123046875,0.00164794921875,132.0582275390625,54659.6,Racket/Racket.csv,160,15,Racket,fannkuch-redux,False,True,,54.6596
964.7061157226562,521.757080078125,0.00128173828125,108.15081787109375,44487.5,Racket/Racket.csv,161,16,Racket,k-nucleotide,False,True,,44.4875
943.24951171875,512.1390380859375,0.00128173828125,106.72198486328125,43926.2,Racket/Racket.csv,162,16,Racket,k-nucleotide,False,True,,43.926199999999994
944.4503173828125,511.63970947265625,0.001220703125,107.241455078125,44142.9,Racket/Racket.csv,163,16,Racket,k-nucleotide,False,True,,44.142900000000004
932.0527954101562,505.01385498046875,0.00115966796875,106.6944580078125,43916.1,Racket/Racket.csv,164,16,Racket,k-nucleotide,False,True,,43.9161
956.5142822265625,524.2108764648438,0.00115966796875,108.7445068359375,44764.7,Racket/Racket.csv,165,16,Racket,k-nucleotide,False,True,,44.7647
943.2958984375,510.849853515625,0.0010986328125,109.19146728515625,44947.6,Racket/Racket.csv,166,16,Racket,k-nucleotide,False,True,,44.9476
917.8297729492188,497.83447265625,0.00115966796875,106.666748046875,43904.9,Racket/Racket.csv,167,16,Racket,k-nucleotide,False,True,,43.904900000000005
928.939697265625,502.689453125,0.0010986328125,107.88238525390625,44409.7,Racket/Racket.csv,168,16,Racket,k-nucleotide,False,True,,44.409699999999994
920.1658325195312,497.78436279296875,0.0010986328125,106.7874755859375,43956.1,Racket/Racket.csv,169,16,Racket,k-nucleotide,False,True,,43.9561
918.7962646484375,497.57855224609375,0.0010986328125,107.4376220703125,44223.4,Racket/Racket.csv,170,16,Racket,k-nucleotide,False,True,,44.2234
835.6268310546875,415.67242431640625,0.00115966796875,108.10809326171875,44571.3,Racket/Racket.csv,171,17,Racket,mandelbrot,False,True,,44.5713
835.5211181640625,416.3909912109375,0.00103759765625,107.85784912109375,44499.3,Racket/Racket.csv,172,17,Racket,mandelbrot,False,True,,44.499300000000005
835.32275390625,415.7509765625,0.00103759765625,107.85052490234375,44480.3,Racket/Racket.csv,173,17,Racket,mandelbrot,False,True,,44.4803
835.7817993164062,416.0675048828125,0.00103759765625,107.825927734375,44521.6,Racket/Racket.csv,174,17,Racket,mandelbrot,False,True,,44.5216
836.5858764648438,416.71282958984375,0.0009765625,107.7708740234375,44475.4,Racket/Racket.csv,175,17,Racket,mandelbrot,False,True,,44.4754
834.6015625,415.51239013671875,0.00103759765625,108.1806640625,44566.7,Racket/Racket.csv,176,17,Racket,mandelbrot,False,True,,44.5667
835.496337890625,416.39422607421875,0.00103759765625,108.03985595703125,44592.2,Racket/Racket.csv,177,17,Racket,mandelbrot,False,True,,44.5922
833.1336669921875,415.16864013671875,0.0009765625,107.929931640625,44513.0,Racket/Racket.csv,178,17,Racket,mandelbrot,False,True,,44.513
834.1390991210938,415.6822509765625,0.00103759765625,107.92681884765625,44502.3,Racket/Racket.csv,179,17,Racket,mandelbrot,False,True,,44.502300000000005
833.0266723632812,415.3792724609375,0.0009765625,107.86065673828125,44484.0,Racket/Racket.csv,180,17,Racket,mandelbrot,False,True,,44.484
15.86541748046875,7.70648193359375,0.0009765625,2.37066650390625,977.597,Racket/Racket.csv,181,18,Racket,pidigits,False,True,,0.9775969999999999
15.193115234375,8.43145751953125,0.0,1.7764892578125,731.831,Racket/Racket.csv,182,18,Racket,pidigits,False,True,,0.731831
15.639892578125,8.721435546875,0.0,1.78167724609375,733.348,Racket/Racket.csv,183,18,Racket,pidigits,False,True,,0.733348
15.4521484375,8.604736328125,0.0,1.76910400390625,729.096,Racket/Racket.csv,184,18,Racket,pidigits,False,True,,0.729096
15.154296875,8.40948486328125,0.0,1.77191162109375,729.389,Racket/Racket.csv,185,18,Racket,pidigits,False,True,,0.7293890000000001
15.0401611328125,8.32000732421875,0.0,1.777587890625,731.416,Racket/Racket.csv,186,18,Racket,pidigits,False,True,,0.7314160000000001
15.316650390625,8.52703857421875,0.0,1.77392578125,731.148,Racket/Racket.csv,187,18,Racket,pidigits,False,True,,0.731148
15.27001953125,8.47967529296875,0.0,1.781494140625,733.72,Racket/Racket.csv,188,18,Racket,pidigits,False,True,,0.73372
15.1873779296875,8.404541015625,0.0,1.781494140625,734.007,Racket/Racket.csv,189,18,Racket,pidigits,False,True,,0.734007
15.068603515625,8.3416748046875,0.0,1.7744140625,730.335,Racket/Racket.csv,190,18,Racket,pidigits,False,True,,0.7303350000000001
178.45965576171875,98.2415771484375,0.0,19.9647216796875,8174.3,Racket/Racket.csv,191,19,Racket,fasta,False,True,,8.1743
184.54766845703125,102.403076171875,0.0,20.49102783203125,8378.22,Racket/Racket.csv,192,19,Racket,fasta,False,True,,8.378219999999999
179.77685546875,99.35467529296875,0.0,20.221923828125,8217.5,Racket/Racket.csv,193,19,Racket,fasta,False,True,,8.2175
180.7548828125,100.06365966796875,0.00103759765625,20.25604248046875,8245.92,Racket/Racket.csv,194,19,Racket,fasta,False,True,,8.24592
185.91851806640625,102.7979736328125,0.0,20.74383544921875,8446.76,Racket/Racket.csv,195,19,Racket,fasta,False,True,,8.44676
180.765869140625,100.00091552734375,0.0,20.21075439453125,8247.9,Racket/Racket.csv,196,19,Racket,fasta,False,True,,8.2479
182.92816162109375,101.20001220703125,0.0,20.4053955078125,8322.93,Racket/Racket.csv,197,19,Racket,fasta,False,True,,8.32293
180.728515625,100.08880615234375,0.0,20.28515625,8255.13,Racket/Racket.csv,198,19,Racket,fasta,False,True,,8.25513
180.68505859375,100.009033203125,0.00103759765625,20.2501220703125,8263.95,Racket/Racket.csv,199,19,Racket,fasta,False,True,,8.263950000000001
182.74658203125,101.5850830078125,0.0,20.3563232421875,8320.23,Racket/Racket.csv,200,19,Racket,fasta,False,True,,8.320229999999999
100.37469482421875,78.60052490234375,0.0,5.83416748046875,2410.59,Racket/Racket.csv,201,20,Racket,spectral-norm,False,True,,2.41059
100.67059326171875,79.0689697265625,0.0,5.7203369140625,2364.05,Racket/Racket.csv,202,20,Racket,spectral-norm,False,True,,2.36405
100.8489990234375,79.32086181640625,0.0,5.6942138671875,2351.95,Racket/Racket.csv,203,20,Racket,spectral-norm,False,True,,2.35195
100.905517578125,79.33294677734375,0.0,5.705810546875,2357.91,Racket/Racket.csv,204,20,Racket,spectral-norm,False,True,,2.35791
100.52435302734375,79.19964599609375,0.0,5.64788818359375,2333.41,Racket/Racket.csv,205,20,Racket,spectral-norm,False,True,,2.3334099999999998
100.62237548828125,79.23193359375,0.0,5.6654052734375,2339.85,Racket/Racket.csv,206,20,Racket,spectral-norm,False,True,,2.3398499999999998
100.619873046875,79.23382568359375,0.0,5.66217041015625,2339.99,Racket/Racket.csv,207,20,Racket,spectral-norm,False,True,,2.33999
100.62554931640625,79.2642822265625,0.0,5.65570068359375,2335.73,Racket/Racket.csv,208,20,Racket,spectral-norm,False,True,,2.33573
100.67364501953125,79.30511474609375,0.0,5.65997314453125,2338.29,Racket/Racket.csv,209,20,Racket,spectral-norm,False,True,,2.3382899999999998
100.71856689453125,79.354248046875,0.0,5.65972900390625,2338.82,Racket/Racket.csv,210,20,Racket,spectral-norm,False,True,,2.33882
6014.8642578125,3223.4877319335938,0.00701904296875,679.8475952148438,281405.0,Ruby/Ruby.csv,1,1,Ruby,n-body,False,True,,281.405
5917.19189453125,3172.2936401367188,0.00775146484375,678.31201171875,280770.0,Ruby/Ruby.csv,2,1,Ruby,n-body,False,True,,280.77
5921.984436035156,3169.6866455078125,0.00653076171875,679.00048828125,281054.0,Ruby/Ruby.csv,3,1,Ruby,n-body,False,True,,281.054
5927.1231689453125,3186.8890380859375,0.00762939453125,679.3283081054688,281189.0,Ruby/Ruby.csv,4,1,Ruby,n-body,False,True,,281.189
5934.984558105469,3184.244873046875,0.00640869140625,681.4244384765625,282058.0,Ruby/Ruby.csv,5,1,Ruby,n-body,False,True,,282.058
5932.25048828125,3180.0166625976562,0.00762939453125,680.450439453125,281642.0,Ruby/Ruby.csv,6,1,Ruby,n-body,False,True,,281.642
5982.0379638671875,3217.7755126953125,0.006591796875,684.449951171875,283310.0,Ruby/Ruby.csv,7,1,Ruby,n-body,False,True,,283.31
5923.595886230469,3190.8854370117188,0.0076904296875,677.2559814453125,280331.0,Ruby/Ruby.csv,8,1,Ruby,n-body,False,True,,280.331
5907.1290283203125,3166.4527587890625,0.00665283203125,677.8424072265625,280576.0,Ruby/Ruby.csv,9,1,Ruby,n-body,False,True,,280.576
6114.9483642578125,3270.1044311523438,0.0076904296875,701.50830078125,290370.0,Ruby/Ruby.csv,10,1,Ruby,n-body,False,True,,290.37
1008.3551635742188,752.00439453125,0.001220703125,77.6680908203125,26580.5,Ruby/Ruby.csv,11,2,Ruby,binary-trees,False,True,,26.5805
1024.8878784179688,765.4479370117188,0.0,77.9129638671875,26632.3,Ruby/Ruby.csv,12,2,Ruby,binary-trees,False,True,,26.6323
1032.8968505859375,772.7507934570312,0.00128173828125,77.76837158203125,26577.6,Ruby/Ruby.csv,13,2,Ruby,binary-trees,False,True,,26.577599999999997
1038.8604736328125,776.8134155273438,0.00140380859375,78.15789794921875,26725.6,Ruby/Ruby.csv,14,2,Ruby,binary-trees,False,True,,26.7256
1040.116943359375,777.7953491210938,0.0,78.17962646484375,26734.6,Ruby/Ruby.csv,15,2,Ruby,binary-trees,False,True,,26.734599999999997
1044.8330688476562,781.1744384765625,0.00140380859375,77.82135009765625,26610.4,Ruby/Ruby.csv,16,2,Ruby,binary-trees,False,True,,26.610400000000002
1045.5668334960938,781.7803344726562,0.0013427734375,77.63812255859375,26534.1,Ruby/Ruby.csv,17,2,Ruby,binary-trees,False,True,,26.5341
1041.99462890625,778.4268188476562,0.0,77.95916748046875,26669.9,Ruby/Ruby.csv,18,2,Ruby,binary-trees,False,True,,26.669900000000002
1048.2276611328125,783.5771484375,0.00152587890625,77.75482177734375,26587.4,Ruby/Ruby.csv,19,2,Ruby,binary-trees,False,True,,26.587400000000002
1054.2410278320312,787.8950805664062,0.0,77.97900390625,26715.6,Ruby/Ruby.csv,20,2,Ruby,binary-trees,False,True,,26.7156
55.2806396484375,35.60736083984375,0.0,6.50408935546875,2009.93,Ruby/Ruby.csv,21,3,Ruby,reverse-complement,False,True,,2.00993
56.3028564453125,36.66571044921875,0.0,6.45538330078125,1966.69,Ruby/Ruby.csv,22,3,Ruby,reverse-complement,False,True,,1.96669
55.4329833984375,36.0123291015625,0.0,6.4205322265625,1961.36,Ruby/Ruby.csv,23,3,Ruby,reverse-complement,False,True,,1.96136
55.46441650390625,35.9874267578125,0.0,6.43389892578125,1974.81,Ruby/Ruby.csv,24,3,Ruby,reverse-complement,False,True,,1.97481
57.9945068359375,37.3768310546875,0.0,6.708251953125,2074.33,Ruby/Ruby.csv,25,3,Ruby,reverse-complement,False,True,,2.07433
55.60198974609375,36.09149169921875,0.0,6.40362548828125,1953.62,Ruby/Ruby.csv,26,3,Ruby,reverse-complement,False,True,,1.95362
55.79864501953125,36.23089599609375,0.0,6.40557861328125,1962.88,Ruby/Ruby.csv,27,3,Ruby,reverse-complement,False,True,,1.9628800000000002
55.6324462890625,36.1156005859375,0.0,6.4044189453125,1963.58,Ruby/Ruby.csv,28,3,Ruby,reverse-complement,False,True,,1.9635799999999999
62.77996826171875,39.98358154296875,0.0,7.2010498046875,2286.9,Ruby/Ruby.csv,29,3,Ruby,reverse-complement,False,True,,2.2869
55.4185791015625,36.014892578125,0.0,6.418701171875,1966.12,Ruby/Ruby.csv,30,3,Ruby,reverse-complement,False,True,,1.9661199999999999
296.99560546875,158.42645263671875,0.0,34.8917236328125,14246.8,Ruby/Ruby.csv,31,4,Ruby,regex-redux,False,True,,14.246799999999999
300.811767578125,160.244140625,0.001220703125,35.47808837890625,14491.6,Ruby/Ruby.csv,32,4,Ruby,regex-redux,False,True,,14.4916
304.70263671875,163.54644775390625,0.0,35.2918701171875,14413.5,Ruby/Ruby.csv,33,4,Ruby,regex-redux,False,True,,14.4135
296.94757080078125,158.9217529296875,0.0,34.82635498046875,14217.7,Ruby/Ruby.csv,34,4,Ruby,regex-redux,False,True,,14.2177
297.77020263671875,160.35040283203125,0.0010986328125,34.8515625,14231.4,Ruby/Ruby.csv,35,4,Ruby,regex-redux,False,True,,14.231399999999999
294.3563232421875,157.02362060546875,0.0,34.86126708984375,14235.0,Ruby/Ruby.csv,36,4,Ruby,regex-redux,False,True,,14.235
293.26385498046875,156.48089599609375,0.0,34.81341552734375,14209.2,Ruby/Ruby.csv,37,4,Ruby,regex-redux,False,True,,14.209200000000001
290.98895263671875,155.0859375,0.00115966796875,34.8236083984375,14216.6,Ruby/Ruby.csv,38,4,Ruby,regex-redux,False,True,,14.2166
291.72344970703125,155.57061767578125,0.0,34.81610107421875,14216.7,Ruby/Ruby.csv,39,4,Ruby,regex-redux,False,True,,14.216700000000001
293.60546875,156.2469482421875,0.0,35.2764892578125,14407.5,Ruby/Ruby.csv,40,4,Ruby,regex-redux,False,True,,14.4075
2676.5118408203125,2106.0643920898438,0.0013427734375,175.32464599609375,60958.9,Ruby/Ruby.csv,41,5,Ruby,k-nucleotide,False,True,,60.9589
2699.4834594726562,2130.560302734375,0.00140380859375,174.22308349609375,60180.3,Ruby/Ruby.csv,42,5,Ruby,k-nucleotide,False,True,,60.1803
2749.1107788085938,2167.8475341796875,0.0029296875,175.0819091796875,61009.9,Ruby/Ruby.csv,43,5,Ruby,k-nucleotide,False,True,,61.0099
2762.1052856445312,2184.1519775390625,0.00164794921875,173.639892578125,60437.0,Ruby/Ruby.csv,44,5,Ruby,k-nucleotide,False,True,,60.437
2781.1578979492188,2193.4189453125,0.0030517578125,175.183349609375,61218.5,Ruby/Ruby.csv,45,5,Ruby,k-nucleotide,False,True,,61.2185
2765.5198364257812,2188.8341674804688,0.00164794921875,174.52655029296875,59824.1,Ruby/Ruby.csv,46,5,Ruby,k-nucleotide,False,True,,59.8241
2773.419677734375,2193.1666259765625,0.0015869140625,173.76446533203125,60093.1,Ruby/Ruby.csv,47,5,Ruby,k-nucleotide,False,True,,60.0931
2794.9820556640625,2197.2230834960938,0.00299072265625,176.95196533203125,61941.4,Ruby/Ruby.csv,48,5,Ruby,k-nucleotide,False,True,,61.9414
2766.7897338867188,2185.51220703125,0.00152587890625,174.48748779296875,60357.2,Ruby/Ruby.csv,49,5,Ruby,k-nucleotide,False,True,,60.3572
2785.5504150390625,2195.2485961914062,0.00323486328125,176.2515869140625,61205.9,Ruby/Ruby.csv,50,5,Ruby,k-nucleotide,False,True,,61.2059
12810.490356445312,10322.792785644531,0.0108642578125,591.8624267578125,244832.0,Ruby/Ruby.csv,51,6,Ruby,mandelbrot,False,True,,244.832
12993.212524414062,10472.6943359375,0.00946044921875,593.9190063476562,245675.0,Ruby/Ruby.csv,52,6,Ruby,mandelbrot,False,True,,245.675
13063.135070800781,10530.602294921875,0.01129150390625,596.468505859375,246738.0,Ruby/Ruby.csv,53,6,Ruby,mandelbrot,False,True,,246.738
13073.62548828125,10540.215270996094,0.01116943359375,597.5428466796875,247195.0,Ruby/Ruby.csv,54,6,Ruby,mandelbrot,False,True,,247.195
13090.40771484375,10554.515197753906,0.00933837890625,596.9431762695312,246943.0,Ruby/Ruby.csv,55,6,Ruby,mandelbrot,False,True,,246.943
-249140.93212890625,10487.076721191406,0.01129150390625,591.0045776367188,244447.0,Ruby/Ruby.csv,56,6,Ruby,mandelbrot,False,False,negative_energy|invalid_package,244.447
12926.690490722656,10423.733337402344,0.0111083984375,589.0831909179688,243683.0,Ruby/Ruby.csv,57,6,Ruby,mandelbrot,False,True,,243.683
13174.044677734375,10618.709594726562,0.01104736328125,600.0499267578125,248226.0,Ruby/Ruby.csv,58,6,Ruby,mandelbrot,False,True,,248.226
12923.041198730469,10418.749877929688,0.0091552734375,589.9221801757812,244018.0,Ruby/Ruby.csv,59,6,Ruby,mandelbrot,False,True,,244.018
12892.852172851562,10401.580261230469,0.01123046875,587.198486328125,242897.0,Ruby/Ruby.csv,60,6,Ruby,mandelbrot,False,True,,242.897
1330.4375,726.6593017578125,0.0025634765625,147.93841552734375,61170.5,Ruby/Ruby.csv,61,7,Ruby,fasta,False,True,,61.1705
1318.1344604492188,718.2593994140625,0.0010986328125,149.8095703125,61937.0,Ruby/Ruby.csv,62,7,Ruby,fasta,False,True,,61.937
1287.8619384765625,702.3272705078125,0.00115966796875,147.4259033203125,60949.8,Ruby/Ruby.csv,63,7,Ruby,fasta,False,True,,60.9498
1312.7870483398438,728.5963134765625,0.0023193359375,148.11865234375,61073.9,Ruby/Ruby.csv,64,7,Ruby,fasta,False,True,,61.0739
1288.0586547851562,706.8963012695312,0.0010986328125,147.34771728515625,60792.0,Ruby/Ruby.csv,65,7,Ruby,fasta,False,True,,60.792
1280.831298828125,696.7451171875,0.0020751953125,149.51416015625,61814.1,Ruby/Ruby.csv,66,7,Ruby,fasta,False,True,,61.814099999999996
1279.33984375,696.9093017578125,0.00103759765625,148.15423583984375,61251.9,Ruby/Ruby.csv,67,7,Ruby,fasta,False,True,,61.2519
1258.6371459960938,685.1293334960938,0.0020751953125,147.5421142578125,61003.2,Ruby/Ruby.csv,68,7,Ruby,fasta,False,True,,61.0032
1274.0223388671875,698.3189697265625,0.00103759765625,147.30853271484375,60903.6,Ruby/Ruby.csv,69,7,Ruby,fasta,False,True,,60.9036
1256.1723022460938,684.0067138671875,0.00103759765625,147.16339111328125,60842.8,Ruby/Ruby.csv,70,7,Ruby,fasta,False,True,,60.842800000000004
3503.2506103515625,2832.8900146484375,0.00244140625,173.64508056640625,71698.8,Ruby/Ruby.csv,71,8,Ruby,spectral-norm,False,True,,71.6988
3579.9318237304688,2899.044189453125,0.00311279296875,172.8865966796875,71373.4,Ruby/Ruby.csv,72,8,Ruby,spectral-norm,False,True,,71.37339999999999
3626.6693115234375,2935.6336059570312,0.0015869140625,173.6314697265625,71696.4,Ruby/Ruby.csv,73,8,Ruby,spectral-norm,False,True,,71.6964
3639.9522705078125,2953.0709228515625,0.00335693359375,172.4444580078125,71204.6,Ruby/Ruby.csv,74,8,Ruby,spectral-norm,False,True,,71.2046
3738.0458984375,3019.970947265625,0.00323486328125,180.36517333984375,74480.1,Ruby/Ruby.csv,75,8,Ruby,spectral-norm,False,True,,74.48010000000001
3641.6761474609375,2948.8558349609375,0.00335693359375,173.49951171875,71652.5,Ruby/Ruby.csv,76,8,Ruby,spectral-norm,False,True,,71.6525
3645.3399658203125,2956.2506713867188,0.001708984375,172.12823486328125,71082.6,Ruby/Ruby.csv,77,8,Ruby,spectral-norm,False,True,,71.0826
3674.7601318359375,2974.8026123046875,0.00335693359375,175.10162353515625,72303.0,Ruby/Ruby.csv,78,8,Ruby,spectral-norm,False,True,,72.303
3652.06884765625,2959.8802490234375,0.00341796875,173.33404541015625,71576.2,Ruby/Ruby.csv,79,8,Ruby,spectral-norm,False,True,,71.5762
3662.3995971679688,2969.5425415039062,0.001708984375,172.9874267578125,71427.8,Ruby/Ruby.csv,80,8,Ruby,spectral-norm,False,True,,71.4278
16221.954284667969,13099.652648925781,0.01287841796875,768.5497436523438,318108.0,Ruby/Ruby.csv,81,9,Ruby,fannkuch-redux,False,True,,318.108
16489.31951904297,13319.24560546875,0.012939453125,767.0139770507812,317482.0,Ruby/Ruby.csv,82,9,Ruby,fannkuch-redux,False,True,,317.482
16394.735290527344,13267.502258300781,0.01312255859375,757.7766723632812,313660.0,Ruby/Ruby.csv,83,9,Ruby,fannkuch-redux,False,True,,313.66
16409.20343017578,13277.514038085938,0.01507568359375,757.8839721679688,313704.0,Ruby/Ruby.csv,84,9,Ruby,fannkuch-redux,False,True,,313.704
16471.42236328125,13323.77880859375,0.01312255859375,760.753662109375,314892.0,Ruby/Ruby.csv,85,9,Ruby,fannkuch-redux,False,True,,314.892
16471.51092529297,13326.560791015625,0.0133056640625,761.2383422851562,315081.0,Ruby/Ruby.csv,86,9,Ruby,fannkuch-redux,False,True,,315.081
16393.35028076172,13270.34716796875,0.0150146484375,757.7794189453125,313662.0,Ruby/Ruby.csv,87,9,Ruby,fannkuch-redux,False,True,,313.662
-245453.50146484375,13494.565246582031,0.01318359375,773.9512939453125,320354.0,Ruby/Ruby.csv,88,9,Ruby,fannkuch-redux,False,False,negative_energy|invalid_package,320.354
16404.324462890625,13275.176391601562,0.01324462890625,758.2492065429688,313856.0,Ruby/Ruby.csv,89,9,Ruby,fannkuch-redux,False,True,,313.856
16799.590393066406,13579.885864257812,0.01531982421875,777.19970703125,321699.0,Ruby/Ruby.csv,90,9,Ruby,fannkuch-redux,False,True,,321.699
62.4595947265625,29.19097900390625,0.0,8.45208740234375,3497.66,Rust/Rust.csv,1,1,Rust,n-body,False,True,,3.4976599999999998
62.39501953125,30.1717529296875,0.0,8.03338623046875,3324.75,Rust/Rust.csv,2,1,Rust,n-body,False,True,,3.32475
62.08758544921875,29.79730224609375,0.0,8.04302978515625,3329.0,Rust/Rust.csv,3,1,Rust,n-body,False,True,,3.329
61.98699951171875,29.72625732421875,0.0,8.0478515625,3330.59,Rust/Rust.csv,4,1,Rust,n-body,False,True,,3.33059
61.99676513671875,29.7442626953125,0.0,8.04559326171875,3329.14,Rust/Rust.csv,5,1,Rust,n-body,False,True,,3.3291399999999998
62.050048828125,29.82586669921875,0.0,8.03326416015625,3324.54,Rust/Rust.csv,6,1,Rust,n-body,False,True,,3.32454
61.68133544921875,29.54486083984375,0.0,8.04278564453125,3328.98,Rust/Rust.csv,7,1,Rust,n-body,False,True,,3.32898
61.64154052734375,29.52056884765625,0.0,8.04302978515625,3328.34,Rust/Rust.csv,8,1,Rust,n-body,False,True,,3.3283400000000003
61.7864990234375,29.66473388671875,0.00115966796875,8.047607421875,3331.06,Rust/Rust.csv,9,1,Rust,n-body,False,True,,3.33106
60.36871337890625,28.8857421875,0.0,8.04559326171875,3329.7,Rust/Rust.csv,10,1,Rust,n-body,False,True,,3.3297
57.216552734375,44.49810791015625,0.0,5.2947998046875,1349.79,Rust/Rust.csv,11,2,Rust,binary-trees,False,True,,1.34979
55.77386474609375,44.053955078125,0.0,4.627197265625,1228.01,Rust/Rust.csv,12,2,Rust,binary-trees,False,True,,1.22801
56.66217041015625,44.63397216796875,0.0,4.56591796875,1267.29,Rust/Rust.csv,13,2,Rust,binary-trees,False,True,,1.26729
56.178466796875,44.3582763671875,0.0,4.4478759765625,1246.47,Rust/Rust.csv,14,2,Rust,binary-trees,False,True,,1.24647
56.466552734375,44.49993896484375,0.0,4.4952392578125,1261.74,Rust/Rust.csv,15,2,Rust,binary-trees,False,True,,1.26174
56.42132568359375,44.51318359375,0.0,4.54693603515625,1258.55,Rust/Rust.csv,16,2,Rust,binary-trees,False,True,,1.25855
57.38720703125,45.103759765625,0.0,5.0206298828125,1280.92,Rust/Rust.csv,17,2,Rust,binary-trees,False,True,,1.28092
56.2950439453125,44.4451904296875,0.0,4.4736328125,1250.44,Rust/Rust.csv,18,2,Rust,binary-trees,False,True,,1.25044
56.023681640625,44.28631591796875,0.0,4.62969970703125,1224.46,Rust/Rust.csv,19,2,Rust,binary-trees,False,True,,1.22446
56.226806640625,44.40582275390625,0.0,4.4345703125,1242.84,Rust/Rust.csv,20,2,Rust,binary-trees,False,True,,1.24284
18.29217529296875,6.5008544921875,0.0,4.2666015625,1608.1,Rust/Rust.csv,21,3,Rust,reverse-complement,False,True,,1.6080999999999999
8.56353759765625,5.859619140625,0.0,1.0042724609375,283.211,Rust/Rust.csv,22,3,Rust,reverse-complement,False,True,,0.283211
8.4632568359375,5.801025390625,0.0,0.99005126953125,279.786,Rust/Rust.csv,23,3,Rust,reverse-complement,False,True,,0.279786
8.889404296875,6.0765380859375,0.0,1.00262451171875,284.194,Rust/Rust.csv,24,3,Rust,reverse-complement,False,True,,0.284194
8.9853515625,6.1556396484375,0.0,1.0064697265625,285.972,Rust/Rust.csv,25,3,Rust,reverse-complement,False,True,,0.285972
8.535888671875,5.822021484375,0.0,1.0052490234375,284.569,Rust/Rust.csv,26,3,Rust,reverse-complement,False,True,,0.284569
8.78729248046875,5.95684814453125,0.0,1.025634765625,294.266,Rust/Rust.csv,27,3,Rust,reverse-complement,False,True,,0.294266
8.6875,5.94866943359375,0.0,1.0003662109375,282.649,Rust/Rust.csv,28,3,Rust,reverse-complement,False,True,,0.282649
8.66168212890625,5.95928955078125,0.0,0.99481201171875,279.889,Rust/Rust.csv,29,3,Rust,reverse-complement,False,True,,0.279889
8.52984619140625,5.8587646484375,0.0,0.99365234375,280.189,Rust/Rust.csv,30,3,Rust,reverse-complement,False,True,,0.280189
58.5989990234375,34.484130859375,0.0,6.5587158203125,2598.57,Rust/Rust.csv,31,4,Rust,regex-redux,False,True,,2.59857
56.45416259765625,34.461181640625,0.0,5.74041748046875,2273.07,Rust/Rust.csv,32,4,Rust,regex-redux,False,True,,2.27307
57.17242431640625,34.78546142578125,0.001220703125,5.79974365234375,2296.39,Rust/Rust.csv,33,4,Rust,regex-redux,False,True,,2.2963899999999997
56.0303955078125,34.4320068359375,0.0,5.66815185546875,2241.54,Rust/Rust.csv,34,4,Rust,regex-redux,False,True,,2.24154
56.01239013671875,34.40374755859375,0.0,5.67291259765625,2240.28,Rust/Rust.csv,35,4,Rust,regex-redux,False,True,,2.2402800000000003
56.632080078125,34.486572265625,0.0,5.798828125,2296.33,Rust/Rust.csv,36,4,Rust,regex-redux,False,True,,2.2963299999999998
56.63330078125,34.4451904296875,0.0,5.80133056640625,2293.61,Rust/Rust.csv,37,4,Rust,regex-redux,False,True,,2.29361
56.7718505859375,34.50067138671875,0.0,5.82220458984375,2311.28,Rust/Rust.csv,38,4,Rust,regex-redux,False,True,,2.31128
56.566162109375,34.40692138671875,0.0,5.8038330078125,2297.86,Rust/Rust.csv,39,4,Rust,regex-redux,False,True,,2.29786
56.3714599609375,34.3564453125,0.0,5.77215576171875,2285.22,Rust/Rust.csv,40,4,Rust,regex-redux,False,True,,2.28522
280.85919189453125,219.81927490234375,0.0,16.172607421875,6692.05,Rust/Rust.csv,41,5,Rust,fannkuch-redux,False,True,,6.69205
282.19549560546875,221.27301025390625,0.0,16.06854248046875,6649.99,Rust/Rust.csv,42,5,Rust,fannkuch-redux,False,True,,6.64999
281.47467041015625,220.6251220703125,0.00128173828125,16.07586669921875,6651.46,Rust/Rust.csv,43,5,Rust,fannkuch-redux,False,True,,6.65146
281.0556640625,220.82562255859375,0.0,15.8988037109375,6579.8,Rust/Rust.csv,44,5,Rust,fannkuch-redux,False,True,,6.5798000000000005
284.296875,222.865234375,0.0,16.10748291015625,6664.71,Rust/Rust.csv,45,5,Rust,fannkuch-redux,False,True,,6.66471
282.762451171875,222.10882568359375,0.0,15.9666748046875,6607.42,Rust/Rust.csv,46,5,Rust,fannkuch-redux,False,True,,6.60742
283.61029052734375,222.81243896484375,0.0,15.96484375,6606.3,Rust/Rust.csv,47,5,Rust,fannkuch-redux,False,True,,6.6063
286.03497314453125,224.3885498046875,0.0,16.08819580078125,6656.67,Rust/Rust.csv,48,5,Rust,fannkuch-redux,False,True,,6.65667
284.318359375,223.3914794921875,0.0,15.9688720703125,6608.1,Rust/Rust.csv,49,5,Rust,fannkuch-redux,False,True,,6.6081
286.04425048828125,224.52874755859375,0.0013427734375,16.0714111328125,6650.3,Rust/Rust.csv,50,5,Rust,fannkuch-redux,False,True,,6.6503000000000005
96.24444580078125,63.64678955078125,0.0,11.82928466796875,3625.99,Rust/Rust.csv,51,6,Rust,k-nucleotide,False,True,,3.62599
87.2987060546875,63.43133544921875,0.0,8.7618408203125,2395.4,Rust/Rust.csv,52,6,Rust,k-nucleotide,False,True,,2.3954
86.44659423828125,63.19512939453125,0.0,8.60357666015625,2314.13,Rust/Rust.csv,53,6,Rust,k-nucleotide,False,True,,2.31413
86.86407470703125,63.6563720703125,0.0,8.60009765625,2312.6,Rust/Rust.csv,54,6,Rust,k-nucleotide,False,True,,2.3125999999999998
86.786376953125,63.31103515625,0.0,8.68408203125,2338.84,Rust/Rust.csv,55,6,Rust,k-nucleotide,False,True,,2.3388400000000003
87.21435546875,63.26324462890625,0.0,8.73724365234375,2388.7,Rust/Rust.csv,56,6,Rust,k-nucleotide,False,True,,2.3886999999999996
86.615966796875,63.01470947265625,0.0,8.69189453125,2358.29,Rust/Rust.csv,57,6,Rust,k-nucleotide,False,True,,2.3582899999999998
87.26483154296875,63.3077392578125,0.0,8.74029541015625,2386.2,Rust/Rust.csv,58,6,Rust,k-nucleotide,False,True,,2.3861999999999997
87.5396728515625,64.19097900390625,0.0,8.634765625,2329.17,Rust/Rust.csv,59,6,Rust,k-nucleotide,False,True,,2.32917
86.2744140625,63.12762451171875,0.0,8.578857421875,2305.47,Rust/Rust.csv,60,6,Rust,k-nucleotide,False,True,,2.3054699999999997
48.712158203125,38.06427001953125,0.0,3.087646484375,1260.72,Rust/Rust.csv,61,7,Rust,mandelbrot,False,True,,1.26072
48.19281005859375,38.14178466796875,0.0,2.875244140625,1173.05,Rust/Rust.csv,62,7,Rust,mandelbrot,False,True,,1.17305
48.34503173828125,38.23150634765625,0.0,2.88677978515625,1177.45,Rust/Rust.csv,63,7,Rust,mandelbrot,False,True,,1.17745
48.54730224609375,38.26507568359375,0.0,2.93023681640625,1195.34,Rust/Rust.csv,64,7,Rust,mandelbrot,False,True,,1.1953399999999998
48.279541015625,38.20843505859375,0.001220703125,2.875,1173.05,Rust/Rust.csv,65,7,Rust,mandelbrot,False,True,,1.17305
48.2652587890625,38.19024658203125,0.0,2.87689208984375,1173.51,Rust/Rust.csv,66,7,Rust,mandelbrot,False,True,,1.17351
48.47222900390625,38.2138671875,0.0,2.92449951171875,1194.31,Rust/Rust.csv,67,7,Rust,mandelbrot,False,True,,1.19431
48.2974853515625,38.2244873046875,0.0,2.8773193359375,1172.95,Rust/Rust.csv,68,7,Rust,mandelbrot,False,True,,1.17295
48.32061767578125,38.25457763671875,0.0,2.8712158203125,1172.05,Rust/Rust.csv,69,7,Rust,mandelbrot,False,True,,1.17205
48.40643310546875,38.3046875,0.0,2.876220703125,1174.21,Rust/Rust.csv,70,7,Rust,mandelbrot,False,True,,1.17421
12.08221435546875,6.5126953125,0.0,1.48150634765625,612.962,Rust/Rust.csv,71,8,Rust,pidigits,False,True,,0.612962
11.8695068359375,6.66363525390625,0.0,1.32183837890625,545.517,Rust/Rust.csv,72,8,Rust,pidigits,False,True,,0.545517
12.32684326171875,6.91644287109375,0.0,1.3482666015625,557.117,Rust/Rust.csv,73,8,Rust,pidigits,False,True,,0.557117
12.379150390625,6.95831298828125,0.0,1.341064453125,554.214,Rust/Rust.csv,74,8,Rust,pidigits,False,True,,0.5542140000000001
12.52691650390625,7.05023193359375,0.0,1.34283447265625,555.726,Rust/Rust.csv,75,8,Rust,pidigits,False,True,,0.555726
12.02215576171875,6.75592041015625,0.0,1.33819580078125,553.738,Rust/Rust.csv,76,8,Rust,pidigits,False,True,,0.5537380000000001
11.9815673828125,6.727294921875,0.0,1.33392333984375,550.429,Rust/Rust.csv,77,8,Rust,pidigits,False,True,,0.550429
11.82977294921875,6.64422607421875,0.0,1.31878662109375,545.254,Rust/Rust.csv,78,8,Rust,pidigits,False,True,,0.545254
11.8983154296875,6.765625,0.0,1.31878662109375,545.977,Rust/Rust.csv,79,8,Rust,pidigits,False,True,,0.5459769999999999
12.0047607421875,6.737060546875,0.0,1.33837890625,553.027,Rust/Rust.csv,80,8,Rust,pidigits,False,True,,0.553027
32.48150634765625,23.329833984375,0.0,2.538818359375,1020.58,Rust/Rust.csv,81,9,Rust,fasta,False,True,,1.02058
32.57183837890625,23.88616943359375,0.0,2.31463623046875,928.338,Rust/Rust.csv,82,9,Rust,fasta,False,True,,0.928338
32.58709716796875,23.96282958984375,0.0,2.29254150390625,918.623,Rust/Rust.csv,83,9,Rust,fasta,False,True,,0.9186230000000001
32.43963623046875,23.88116455078125,0.0,2.2845458984375,916.233,Rust/Rust.csv,84,9,Rust,fasta,False,True,,0.916233
32.551025390625,23.9266357421875,0.0,2.2947998046875,920.43,Rust/Rust.csv,85,9,Rust,fasta,False,True,,0.92043
32.41058349609375,23.87646484375,0.0,2.28173828125,914.107,Rust/Rust.csv,86,9,Rust,fasta,False,True,,0.914107
32.64373779296875,23.99798583984375,0.0,2.303955078125,923.711,Rust/Rust.csv,87,9,Rust,fasta,False,True,,0.9237110000000001
32.4027099609375,23.87176513671875,0.0,2.27972412109375,914.88,Rust/Rust.csv,88,9,Rust,fasta,False,True,,0.91488
32.4034423828125,23.87225341796875,0.0,2.2799072265625,913.996,Rust/Rust.csv,89,9,Rust,fasta,False,True,,0.913996
32.31689453125,23.85858154296875,0.0,2.2606201171875,905.788,Rust/Rust.csv,90,9,Rust,fasta,False,True,,0.905788
28.91552734375,22.541259765625,0.0,1.68438720703125,695.49,Rust/Rust.csv,91,10,Rust,spectral-norm,False,True,,0.69549
28.91387939453125,22.67340087890625,0.0,1.63433837890625,674.955,Rust/Rust.csv,92,10,Rust,spectral-norm,False,True,,0.6749550000000001
29.03973388671875,22.7711181640625,0.0,1.63629150390625,675.125,Rust/Rust.csv,93,10,Rust,spectral-norm,False,True,,0.675125
28.995849609375,22.75103759765625,0.0,1.63421630859375,674.107,Rust/Rust.csv,94,10,Rust,spectral-norm,False,True,,0.674107
28.973388671875,22.735107421875,0.0,1.63116455078125,673.861,Rust/Rust.csv,95,10,Rust,spectral-norm,False,True,,0.673861
29.0308837890625,22.77789306640625,0.0,1.631591796875,673.877,Rust/Rust.csv,96,10,Rust,spectral-norm,False,True,,0.673877
29.0206298828125,22.769775390625,0.0,1.63385009765625,674.019,Rust/Rust.csv,97,10,Rust,spectral-norm,False,True,,0.674019
29.08233642578125,22.81329345703125,0.0,1.6346435546875,674.35,Rust/Rust.csv,98,10,Rust,spectral-norm,False,True,,0.67435
29.02099609375,22.7652587890625,0.001220703125,1.6336669921875,674.741,Rust/Rust.csv,99,10,Rust,spectral-norm,False,True,,0.674741
29.00018310546875,22.74237060546875,0.0,1.6339111328125,675.222,Rust/Rust.csv,100,10,Rust,spectral-norm,False,True,,0.675222
0.01116943359375,0.00372314453125,0.0,0.0025634765625,0.858,Smalltalk/Smalltalk.csv,1,1,Smalltalk,n-body,False,True,short_time,0.000858
0.0130615234375,0.00494384765625,0.0,0.0025634765625,0.817,Smalltalk/Smalltalk.csv,2,1,Smalltalk,n-body,False,True,short_time,0.0008169999999999999
0.01239013671875,0.00408935546875,0.0,0.00244140625,0.791,Smalltalk/Smalltalk.csv,3,1,Smalltalk,n-body,False,True,short_time,0.000791
0.01239013671875,0.00408935546875,0.0,0.00250244140625,0.739,Smalltalk/Smalltalk.csv,4,1,Smalltalk,n-body,False,True,short_time,0.000739
0.0,0.0,0.0,0.0,0.706,Smalltalk/Smalltalk.csv,5,1,Smalltalk,n-body,False,False,invalid_package|short_time,0.0007059999999999999
0.0125732421875,0.0042724609375,0.0,0.00250244140625,0.732,Smalltalk/Smalltalk.csv,6,1,Smalltalk,n-body,False,True,short_time,0.000732
0.01275634765625,0.00421142578125,0.0,0.00238037109375,0.783,Smalltalk/Smalltalk.csv,7,1,Smalltalk,n-body,False,True,short_time,0.0007830000000000001
0.0120849609375,0.00408935546875,0.0,0.00250244140625,0.752,Smalltalk/Smalltalk.csv,8,1,Smalltalk,n-body,False,True,short_time,0.000752
0.0,0.0,0.0,0.0,0.721,Smalltalk/Smalltalk.csv,9,1,Smalltalk,n-body,False,False,invalid_package|short_time,0.000721
0.0120849609375,0.0040283203125,0.0,0.00244140625,0.8,Smalltalk/Smalltalk.csv,10,1,Smalltalk,n-body,False,True,short_time,0.0008
0.01715087890625,0.003173828125,0.0,0.00494384765625,1.308,Smalltalk/Smalltalk.csv,11,2,Smalltalk,binary-trees,False,True,short_time,0.0013080000000000001
0.00927734375,0.0020751953125,0.0,0.00244140625,1.144,Smalltalk/Smalltalk.csv,12,2,Smalltalk,binary-trees,False,True,short_time,0.0011439999999999998
0.01007080078125,0.002197265625,0.0,0.00250244140625,1.149,Smalltalk/Smalltalk.csv,13,2,Smalltalk,binary-trees,False,True,short_time,0.001149
0.009765625,0.002197265625,0.0,0.00238037109375,1.157,Smalltalk/Smalltalk.csv,14,2,Smalltalk,binary-trees,False,True,short_time,0.001157
0.010009765625,0.0023193359375,0.0,0.00244140625,1.11,Smalltalk/Smalltalk.csv,15,2,Smalltalk,binary-trees,False,True,short_time,0.00111
0.01019287109375,0.0028076171875,0.0,0.00244140625,1.011,Smalltalk/Smalltalk.csv,16,2,Smalltalk,binary-trees,False,True,short_time,0.001011
0.0107421875,0.00286865234375,0.0,0.00250244140625,1.023,Smalltalk/Smalltalk.csv,17,2,Smalltalk,binary-trees,False,True,short_time,0.0010229999999999998
0.01055908203125,0.00274658203125,0.0,0.00238037109375,0.991,Smalltalk/Smalltalk.csv,18,2,Smalltalk,binary-trees,False,True,short_time,0.000991
0.0106201171875,0.00274658203125,0.0,0.00244140625,0.984,Smalltalk/Smalltalk.csv,19,2,Smalltalk,binary-trees,False,True,short_time,0.000984
0.010986328125,0.00299072265625,0.0,0.00244140625,1.041,Smalltalk/Smalltalk.csv,20,2,Smalltalk,binary-trees,False,True,short_time,0.0010409999999999998
0.01641845703125,0.00262451171875,0.0,0.0048828125,1.553,Smalltalk/Smalltalk.csv,21,3,Smalltalk,reverse-complement,False,True,short_time,0.001553
0.00836181640625,0.00146484375,0.0,0.00250244140625,1.308,Smalltalk/Smalltalk.csv,22,3,Smalltalk,reverse-complement,False,True,short_time,0.0013080000000000001
0.01708984375,0.003173828125,0.0,0.0048828125,1.459,Smalltalk/Smalltalk.csv,23,3,Smalltalk,reverse-complement,False,True,short_time,0.001459
0.00909423828125,0.0015869140625,0.0,0.00244140625,1.313,Smalltalk/Smalltalk.csv,24,3,Smalltalk,reverse-complement,False,True,short_time,0.001313
0.00830078125,0.00152587890625,0.0,0.00244140625,1.301,Smalltalk/Smalltalk.csv,25,3,Smalltalk,reverse-complement,False,True,short_time,0.0013009999999999999
0.01708984375,0.0032958984375,0.0,0.0048828125,1.447,Smalltalk/Smalltalk.csv,26,3,Smalltalk,reverse-complement,False,True,short_time,0.0014470000000000002
0.00921630859375,0.001708984375,0.0,0.00244140625,1.292,Smalltalk/Smalltalk.csv,27,3,Smalltalk,reverse-complement,False,True,short_time,0.001292
0.00848388671875,0.00152587890625,0.0,0.00244140625,1.387,Smalltalk/Smalltalk.csv,28,3,Smalltalk,reverse-complement,False,True,short_time,0.001387
0.017822265625,0.00341796875,0.0,0.0048828125,1.288,Smalltalk/Smalltalk.csv,29,3,Smalltalk,reverse-complement,False,True,short_time,0.001288
0.009033203125,0.00177001953125,0.0,0.00244140625,1.152,Smalltalk/Smalltalk.csv,30,3,Smalltalk,reverse-complement,False,True,short_time,0.0011519999999999998
0.00830078125,0.001220703125,0.0,0.00250244140625,1.246,Smalltalk/Smalltalk.csv,31,4,Smalltalk,regex-redux,False,True,short_time,0.001246
0.01654052734375,0.0023193359375,0.0,0.0048828125,1.195,Smalltalk/Smalltalk.csv,32,4,Smalltalk,regex-redux,False,True,short_time,0.001195
0.00823974609375,0.00140380859375,0.0,0.00244140625,1.136,Smalltalk/Smalltalk.csv,33,4,Smalltalk,regex-redux,False,True,short_time,0.0011359999999999999
0.00836181640625,0.0013427734375,0.0,0.00244140625,1.082,Smalltalk/Smalltalk.csv,34,4,Smalltalk,regex-redux,False,True,short_time,0.001082
0.0079345703125,0.001220703125,0.0,0.00244140625,1.06,Smalltalk/Smalltalk.csv,35,4,Smalltalk,regex-redux,False,True,short_time,0.00106
0.00823974609375,0.00128173828125,0.0,0.00244140625,1.065,Smalltalk/Smalltalk.csv,36,4,Smalltalk,regex-redux,False,True,short_time,0.001065
0.00823974609375,0.00152587890625,0.0,0.00244140625,1.168,Smalltalk/Smalltalk.csv,37,4,Smalltalk,regex-redux,False,True,short_time,0.001168
0.00836181640625,0.0013427734375,0.0,0.00244140625,1.104,Smalltalk/Smalltalk.csv,38,4,Smalltalk,regex-redux,False,True,short_time,0.0011040000000000002
0.00830078125,0.0013427734375,0.0,0.00244140625,1.119,Smalltalk/Smalltalk.csv,39,4,Smalltalk,regex-redux,False,True,short_time,0.001119
0.00823974609375,0.00128173828125,0.0,0.00244140625,1.088,Smalltalk/Smalltalk.csv,40,4,Smalltalk,regex-redux,False,True,short_time,0.001088
0.00836181640625,0.0013427734375,0.0,0.00250244140625,1.542,Smalltalk/Smalltalk.csv,41,5,Smalltalk,fannkuch-redux,False,True,short_time,0.001542
0.00823974609375,0.0015869140625,0.0,0.00244140625,1.324,Smalltalk/Smalltalk.csv,42,5,Smalltalk,fannkuch-redux,False,True,short_time,0.001324
0.01812744140625,0.00421142578125,0.0,0.0048828125,1.301,Smalltalk/Smalltalk.csv,43,5,Smalltalk,fannkuch-redux,False,True,short_time,0.0013009999999999999
0.0091552734375,0.00164794921875,0.0,0.00244140625,1.288,Smalltalk/Smalltalk.csv,44,5,Smalltalk,fannkuch-redux,False,True,short_time,0.001288
0.00848388671875,0.001708984375,0.0,0.00244140625,1.3,Smalltalk/Smalltalk.csv,45,5,Smalltalk,fannkuch-redux,False,True,short_time,0.0013
0.017822265625,0.00341796875,0.0,0.00482177734375,1.335,Smalltalk/Smalltalk.csv,46,5,Smalltalk,fannkuch-redux,False,True,short_time,0.001335
0.0089111328125,0.00177001953125,0.0,0.00250244140625,1.224,Smalltalk/Smalltalk.csv,47,5,Smalltalk,fannkuch-redux,False,True,short_time,0.001224
0.0091552734375,0.001953125,0.0,0.00244140625,1.167,Smalltalk/Smalltalk.csv,48,5,Smalltalk,fannkuch-redux,False,True,short_time,0.001167
0.0091552734375,0.00201416015625,0.0,0.00244140625,1.079,Smalltalk/Smalltalk.csv,49,5,Smalltalk,fannkuch-redux,False,True,short_time,0.0010789999999999999
0.00958251953125,0.00213623046875,0.0,0.00244140625,1.182,Smalltalk/Smalltalk.csv,50,5,Smalltalk,fannkuch-redux,False,True,short_time,0.0011819999999999999
0.01641845703125,0.002685546875,0.0,0.0048828125,1.556,Smalltalk/Smalltalk.csv,51,6,Smalltalk,k-nucleotide,False,True,short_time,0.001556
0.0084228515625,0.0013427734375,0.0,0.00250244140625,1.534,Smalltalk/Smalltalk.csv,52,6,Smalltalk,k-nucleotide,False,True,short_time,0.001534
0.0164794921875,0.0029296875,0.0,0.0048828125,1.487,Smalltalk/Smalltalk.csv,53,6,Smalltalk,k-nucleotide,False,True,short_time,0.001487
0.0079345703125,0.00128173828125,0.0,0.00244140625,1.397,Smalltalk/Smalltalk.csv,54,6,Smalltalk,k-nucleotide,False,True,short_time,0.001397
0.0084228515625,0.00164794921875,0.0,0.00244140625,1.202,Smalltalk/Smalltalk.csv,55,6,Smalltalk,k-nucleotide,False,True,short_time,0.001202
0.0177001953125,0.003662109375,0.0,0.00482177734375,1.193,Smalltalk/Smalltalk.csv,56,6,Smalltalk,k-nucleotide,False,True,short_time,0.001193
0.0087890625,0.00189208984375,0.0,0.00244140625,1.202,Smalltalk/Smalltalk.csv,57,6,Smalltalk,k-nucleotide,False,True,short_time,0.001202
0.00921630859375,0.00189208984375,0.0,0.00250244140625,1.198,Smalltalk/Smalltalk.csv,58,6,Smalltalk,k-nucleotide,False,True,short_time,0.0011979999999999998
0.009033203125,0.001953125,0.0,0.00238037109375,1.195,Smalltalk/Smalltalk.csv,59,6,Smalltalk,k-nucleotide,False,True,short_time,0.001195
0.00872802734375,0.0018310546875,0.0,0.00244140625,1.178,Smalltalk/Smalltalk.csv,60,6,Smalltalk,k-nucleotide,False,True,short_time,0.001178
0.016845703125,0.0025634765625,0.0,0.00494384765625,1.491,Smalltalk/Smalltalk.csv,61,7,Smalltalk,mandelbrot,False,True,short_time,0.0014910000000000001
0.0081787109375,0.00140380859375,0.0,0.00238037109375,1.566,Smalltalk/Smalltalk.csv,62,7,Smalltalk,mandelbrot,False,True,short_time,0.0015660000000000001
0.01666259765625,0.0028076171875,0.0,0.00494384765625,1.455,Smalltalk/Smalltalk.csv,63,7,Smalltalk,mandelbrot,False,True,short_time,0.0014550000000000001
0.0084228515625,0.00164794921875,0.0,0.00244140625,1.212,Smalltalk/Smalltalk.csv,64,7,Smalltalk,mandelbrot,False,True,short_time,0.001212
0.0093994140625,0.00213623046875,0.0,0.00250244140625,1.195,Smalltalk/Smalltalk.csv,65,7,Smalltalk,mandelbrot,False,True,short_time,0.001195
0.0098876953125,0.00225830078125,0.0,0.00244140625,1.157,Smalltalk/Smalltalk.csv,66,7,Smalltalk,mandelbrot,False,True,short_time,0.001157
0.00994873046875,0.002197265625,0.0,0.00482177734375,1.138,Smalltalk/Smalltalk.csv,67,7,Smalltalk,mandelbrot,False,True,short_time,0.001138
0.00994873046875,0.00238037109375,0.0,0.00244140625,1.154,Smalltalk/Smalltalk.csv,68,7,Smalltalk,mandelbrot,False,True,short_time,0.0011539999999999999
0.0098876953125,0.0020751953125,0.0,0.00244140625,1.149,Smalltalk/Smalltalk.csv,69,7,Smalltalk,mandelbrot,False,True,short_time,0.001149
0.00982666015625,0.0020751953125,0.0,0.00244140625,1.149,Smalltalk/Smalltalk.csv,70,7,Smalltalk,mandelbrot,False,True,short_time,0.001149
0.00823974609375,0.00128173828125,0.0,0.00244140625,1.445,Smalltalk/Smalltalk.csv,71,8,Smalltalk,pidigits,False,True,short_time,0.001445
0.01605224609375,0.00262451171875,0.0,0.00494384765625,1.508,Smalltalk/Smalltalk.csv,72,8,Smalltalk,pidigits,False,True,short_time,0.001508
0.00830078125,0.0013427734375,0.0,0.00244140625,1.516,Smalltalk/Smalltalk.csv,73,8,Smalltalk,pidigits,False,True,short_time,0.001516
0.0166015625,0.002685546875,0.0,0.0048828125,1.422,Smalltalk/Smalltalk.csv,74,8,Smalltalk,pidigits,False,True,short_time,0.0014219999999999999
0.0086669921875,0.00177001953125,0.0,0.00238037109375,1.218,Smalltalk/Smalltalk.csv,75,8,Smalltalk,pidigits,False,True,short_time,0.001218
0.0091552734375,0.0018310546875,0.0,0.00250244140625,1.205,Smalltalk/Smalltalk.csv,76,8,Smalltalk,pidigits,False,True,short_time,0.0012050000000000001
0.00909423828125,0.00189208984375,0.0,0.00244140625,1.086,Smalltalk/Smalltalk.csv,77,8,Smalltalk,pidigits,False,True,short_time,0.0010860000000000002
0.00927734375,0.001953125,0.0,0.00238037109375,1.093,Smalltalk/Smalltalk.csv,78,8,Smalltalk,pidigits,False,True,short_time,0.001093
0.010009765625,0.0023193359375,0.0,0.00250244140625,1.037,Smalltalk/Smalltalk.csv,79,8,Smalltalk,pidigits,False,True,short_time,0.001037
0.00982666015625,0.0020751953125,0.0,0.00238037109375,1.127,Smalltalk/Smalltalk.csv,80,8,Smalltalk,pidigits,False,True,short_time,0.001127
0.0084228515625,0.00152587890625,0.0,0.00250244140625,1.208,Smalltalk/Smalltalk.csv,81,9,Smalltalk,fasta,False,True,short_time,0.0012079999999999999
0.0086669921875,0.0018310546875,0.0,0.00244140625,1.161,Smalltalk/Smalltalk.csv,82,9,Smalltalk,fasta,False,True,short_time,0.0011610000000000001
0.01806640625,0.00396728515625,0.0,0.0048828125,1.184,Smalltalk/Smalltalk.csv,83,9,Smalltalk,fasta,False,True,short_time,0.001184
0.00909423828125,0.001953125,0.0,0.00244140625,1.206,Smalltalk/Smalltalk.csv,84,9,Smalltalk,fasta,False,True,short_time,0.001206
0.00909423828125,0.001953125,0.0,0.00244140625,1.089,Smalltalk/Smalltalk.csv,85,9,Smalltalk,fasta,False,True,short_time,0.001089
0.00994873046875,0.0025634765625,0.0,0.00244140625,0.917,Smalltalk/Smalltalk.csv,86,9,Smalltalk,fasta,False,True,short_time,0.0009170000000000001
0.0107421875,0.0028076171875,0.0,0.00244140625,0.914,Smalltalk/Smalltalk.csv,87,9,Smalltalk,fasta,False,True,short_time,0.000914
0.0106201171875,0.00286865234375,0.0,0.00244140625,0.829,Smalltalk/Smalltalk.csv,88,9,Smalltalk,fasta,False,True,short_time,0.000829
0.0,0.0,0.0,0.0,0.867,Smalltalk/Smalltalk.csv,89,9,Smalltalk,fasta,False,False,invalid_package|short_time,0.000867
0.01068115234375,0.0028076171875,0.0,0.00244140625,0.835,Smalltalk/Smalltalk.csv,90,9,Smalltalk,fasta,False,True,short_time,0.0008349999999999999
0.01641845703125,0.0028076171875,0.0,0.0048828125,1.423,Smalltalk/Smalltalk.csv,91,10,Smalltalk,spectral-norm,False,True,short_time,0.001423
0.0084228515625,0.00146484375,0.0,0.00244140625,1.303,Smalltalk/Smalltalk.csv,92,10,Smalltalk,spectral-norm,False,True,short_time,0.001303
0.00836181640625,0.00152587890625,0.0,0.00250244140625,1.403,Smalltalk/Smalltalk.csv,93,10,Smalltalk,spectral-norm,False,True,short_time,0.001403
0.01806640625,0.00335693359375,0.0,0.00482177734375,1.324,Smalltalk/Smalltalk.csv,94,10,Smalltalk,spectral-norm,False,True,short_time,0.001324
0.0086669921875,0.00152587890625,0.0,0.00244140625,1.346,Smalltalk/Smalltalk.csv,95,10,Smalltalk,spectral-norm,False,True,short_time,0.0013460000000000002
0.00860595703125,0.0015869140625,0.0,0.00238037109375,1.226,Smalltalk/Smalltalk.csv,96,10,Smalltalk,spectral-norm,False,True,short_time,0.0012259999999999999
0.00897216796875,0.0020751953125,0.0,0.00244140625,1.026,Smalltalk/Smalltalk.csv,97,10,Smalltalk,spectral-norm,False,True,short_time,0.001026
0.010498046875,0.00250244140625,0.0,0.00250244140625,1.039,Smalltalk/Smalltalk.csv,98,10,Smalltalk,spectral-norm,False,True,short_time,0.001039
0.009765625,0.00225830078125,0.0,0.00244140625,1.01,Smalltalk/Smalltalk.csv,99,10,Smalltalk,spectral-norm,False,True,short_time,0.00101
0.0098876953125,0.0023193359375,0.0,0.00244140625,0.964,Smalltalk/Smalltalk.csv,100,10,Smalltalk,spectral-norm,False,True,short_time,0.000964
117.18603515625,58.201904296875,0.0,14.75726318359375,6108.19,Swift/Swift.csv,1,1,Swift,n-body,False,True,,6.10819
117.237060546875,58.77996826171875,0.00140380859375,14.56329345703125,6027.18,Swift/Swift.csv,2,1,Swift,n-body,False,True,,6.02718
117.1907958984375,58.74127197265625,0.0,14.55810546875,6026.2,Swift/Swift.csv,3,1,Swift,n-body,False,True,,6.0262
117.12493896484375,58.568603515625,0.0,14.5556640625,6024.7,Swift/Swift.csv,4,1,Swift,n-body,False,True,,6.0247
117.00927734375,58.50787353515625,0.0,14.55584716796875,6025.1,Swift/Swift.csv,5,1,Swift,n-body,False,True,,6.0251
124.92193603515625,67.73370361328125,0.0,14.55810546875,6025.77,Swift/Swift.csv,6,1,Swift,n-body,False,True,,6.0257700000000005
115.01654052734375,57.560791015625,0.0,14.56060791015625,6026.83,Swift/Swift.csv,7,1,Swift,n-body,False,True,,6.02683
113.3516845703125,56.6595458984375,0.0,14.5604248046875,6026.58,Swift/Swift.csv,8,1,Swift,n-body,False,True,,6.02658
116.96331787109375,60.81634521484375,0.00115966796875,14.5579833984375,6025.43,Swift/Swift.csv,9,1,Swift,n-body,False,True,,6.02543
112.46234130859375,56.1864013671875,0.0,14.560302734375,6027.41,Swift/Swift.csv,10,1,Swift,n-body,False,True,,6.02741
11.75299072265625,7.61322021484375,0.0,1.5352783203125,435.35,Swift/Swift.csv,11,2,Swift,reverse-complement,False,True,,0.43535
11.89813232421875,7.8773193359375,0.0,1.4715576171875,410.052,Swift/Swift.csv,12,2,Swift,reverse-complement,False,True,,0.410052
11.866455078125,7.84918212890625,0.0,1.4713134765625,409.299,Swift/Swift.csv,13,2,Swift,reverse-complement,False,True,,0.40929899999999997
12.083740234375,8.03863525390625,0.0,1.47149658203125,410.261,Swift/Swift.csv,14,2,Swift,reverse-complement,False,True,,0.41026100000000004
11.94049072265625,7.9190673828125,0.0,1.46405029296875,408.408,Swift/Swift.csv,15,2,Swift,reverse-complement,False,True,,0.408408
12.18475341796875,8.09320068359375,0.0,1.47503662109375,410.266,Swift/Swift.csv,16,2,Swift,reverse-complement,False,True,,0.410266
11.9583740234375,7.927001953125,0.0,1.4710693359375,410.706,Swift/Swift.csv,17,2,Swift,reverse-complement,False,True,,0.410706
12.0704345703125,7.990478515625,0.0,1.47674560546875,411.354,Swift/Swift.csv,18,2,Swift,reverse-complement,False,True,,0.411354
11.85345458984375,7.8359375,0.0,1.46990966796875,410.317,Swift/Swift.csv,19,2,Swift,reverse-complement,False,True,,0.410317
12.10888671875,8.0146484375,0.0,1.4742431640625,410.461,Swift/Swift.csv,20,2,Swift,reverse-complement,False,True,,0.410461
835.0857543945312,434.29852294921875,0.00115966796875,103.93994140625,41603.9,Swift/Swift.csv,21,3,Swift,regex-redux,False,True,,41.6039
840.1766967773438,437.29339599609375,0.00115966796875,104.031982421875,41640.6,Swift/Swift.csv,22,3,Swift,regex-redux,False,True,,41.6406
839.0908203125,436.41851806640625,0.00103759765625,104.53033447265625,41849.6,Swift/Swift.csv,23,3,Swift,regex-redux,False,True,,41.849599999999995
830.6375732421875,437.32183837890625,0.0010986328125,103.5234375,41432.7,Swift/Swift.csv,24,3,Swift,regex-redux,False,True,,41.4327
827.0322265625,430.3067626953125,0.00103759765625,104.59375,41875.0,Swift/Swift.csv,25,3,Swift,regex-redux,False,True,,41.875
831.349609375,432.429443359375,0.0010986328125,103.9290771484375,41600.6,Swift/Swift.csv,26,3,Swift,regex-redux,False,True,,41.6006
830.7130126953125,431.42156982421875,0.00103759765625,104.0223388671875,41636.5,Swift/Swift.csv,27,3,Swift,regex-redux,False,True,,41.6365
835.8358764648438,434.386962890625,0.0010986328125,104.54522705078125,41854.9,Swift/Swift.csv,28,3,Swift,regex-redux,False,True,,41.8549
832.0551147460938,431.80340576171875,0.00103759765625,104.46649169921875,41821.0,Swift/Swift.csv,29,3,Swift,regex-redux,False,True,,41.821
834.6862182617188,433.3594970703125,0.00103759765625,104.476318359375,41824.4,Swift/Swift.csv,30,3,Swift,regex-redux,False,True,,41.824400000000004
289.088134765625,227.34503173828125,0.0,16.59356689453125,6867.87,Swift/Swift.csv,31,4,Swift,fannkuch-redux,False,True,,6.86787
284.58074951171875,224.603271484375,0.0,16.083984375,6657.54,Swift/Swift.csv,32,4,Swift,fannkuch-redux,False,True,,6.65754
285.3038330078125,225.113525390625,0.0,16.12017822265625,6672.64,Swift/Swift.csv,33,4,Swift,fannkuch-redux,False,True,,6.67264
287.6328125,227.180908203125,0.00115966796875,16.19805908203125,6704.41,Swift/Swift.csv,34,4,Swift,fannkuch-redux,False,True,,6.70441
286.84881591796875,226.44805908203125,0.0,16.1402587890625,6679.89,Swift/Swift.csv,35,4,Swift,fannkuch-redux,False,True,,6.67989
289.59814453125,228.6776123046875,0.0,16.25115966796875,6726.93,Swift/Swift.csv,36,4,Swift,fannkuch-redux,False,True,,6.72693
287.671875,227.24017333984375,0.0,16.0693359375,6650.96,Swift/Swift.csv,37,4,Swift,fannkuch-redux,False,True,,6.65096
288.5396728515625,228.01715087890625,0.0,16.06719970703125,6650.16,Swift/Swift.csv,38,4,Swift,fannkuch-redux,False,True,,6.65016
292.04168701171875,230.71875,0.0,16.2828369140625,6739.6,Swift/Swift.csv,39,4,Swift,fannkuch-redux,False,True,,6.7396
293.7139892578125,231.8447265625,0.00146484375,16.393798828125,6785.79,Swift/Swift.csv,40,4,Swift,fannkuch-redux,False,True,,6.7857899999999995
327.37054443359375,247.34228515625,0.0,33.89007568359375,8531.78,Swift/Swift.csv,41,5,Swift,k-nucleotide,False,True,,8.531780000000001
331.5614013671875,250.06500244140625,0.0,34.04833984375,8594.92,Swift/Swift.csv,42,5,Swift,k-nucleotide,False,True,,8.59492
324.0843505859375,245.60272216796875,0.0,32.32391357421875,8386.19,Swift/Swift.csv,43,5,Swift,k-nucleotide,False,True,,8.386190000000001
326.83673095703125,247.250244140625,0.0,32.89080810546875,8476.96,Swift/Swift.csv,44,5,Swift,k-nucleotide,False,True,,8.476959999999998
327.5087890625,247.724365234375,0.00128173828125,32.70465087890625,8502.1,Swift/Swift.csv,45,5,Swift,k-nucleotide,False,True,,8.5021
328.69110107421875,248.72467041015625,0.0,33.13482666015625,8462.35,Swift/Swift.csv,46,5,Swift,k-nucleotide,False,True,,8.46235
327.9517822265625,248.189453125,0.0,33.7021484375,8458.35,Swift/Swift.csv,47,5,Swift,k-nucleotide,False,True,,8.458350000000001
332.86492919921875,250.8514404296875,0.0,33.21075439453125,8727.35,Swift/Swift.csv,48,5,Swift,k-nucleotide,False,True,,8.72735
329.7374267578125,249.4954833984375,0.0,33.14453125,8451.41,Swift/Swift.csv,49,5,Swift,k-nucleotide,False,True,,8.45141
328.974609375,248.74371337890625,0.00128173828125,32.66973876953125,8496.62,Swift/Swift.csv,50,5,Swift,k-nucleotide,False,True,,8.49662
83.18402099609375,67.12158203125,0.0,4.45306396484375,1826.52,Swift/Swift.csv,51,6,Swift,mandelbrot,False,True,,1.82652
83.33038330078125,67.46319580078125,0.0,4.37896728515625,1797.91,Swift/Swift.csv,52,6,Swift,mandelbrot,False,True,,1.7979100000000001
83.76324462890625,67.82293701171875,0.0,4.37939453125,1797.24,Swift/Swift.csv,53,6,Swift,mandelbrot,False,True,,1.79724
83.85052490234375,67.89190673828125,0.0,4.38262939453125,1797.74,Swift/Swift.csv,54,6,Swift,mandelbrot,False,True,,1.7977400000000001
83.86199951171875,67.88519287109375,0.0,4.38714599609375,1799.54,Swift/Swift.csv,55,6,Swift,mandelbrot,False,True,,1.79954
83.81597900390625,67.86834716796875,0.0,4.38153076171875,1798.6,Swift/Swift.csv,56,6,Swift,mandelbrot,False,True,,1.7986
83.91693115234375,67.909912109375,0.0,4.39666748046875,1804.15,Swift/Swift.csv,57,6,Swift,mandelbrot,False,True,,1.8041500000000001
83.8653564453125,67.92047119140625,0.0,4.38250732421875,1797.86,Swift/Swift.csv,58,6,Swift,mandelbrot,False,True,,1.7978599999999998
83.76519775390625,67.799072265625,0.0,4.3936767578125,1803.74,Swift/Swift.csv,59,6,Swift,mandelbrot,False,True,,1.80374
83.86065673828125,67.89581298828125,0.0,4.3846435546875,1798.7,Swift/Swift.csv,60,6,Swift,mandelbrot,False,True,,1.7987
45.92535400390625,32.7125244140625,0.0,4.2071533203125,1412.35,Swift/Swift.csv,61,7,Swift,fasta,False,True,,1.41235
46.05743408203125,32.8436279296875,0.0,4.20330810546875,1415.53,Swift/Swift.csv,62,7,Swift,fasta,False,True,,1.41553
45.94989013671875,32.84930419921875,0.0,4.1639404296875,1394.98,Swift/Swift.csv,63,7,Swift,fasta,False,True,,1.39498
46.15106201171875,32.913818359375,0.0,4.2081298828125,1416.27,Swift/Swift.csv,64,7,Swift,fasta,False,True,,1.41627
46.1776123046875,32.96929931640625,0.00115966796875,4.2005615234375,1411.44,Swift/Swift.csv,65,7,Swift,fasta,False,True,,1.41144
46.26092529296875,32.955810546875,0.0,4.21685791015625,1418.83,Swift/Swift.csv,66,7,Swift,fasta,False,True,,1.41883
46.079345703125,32.96063232421875,0.0,4.152587890625,1394.5,Swift/Swift.csv,67,7,Swift,fasta,False,True,,1.3945
45.962646484375,32.9088134765625,0.0,4.1541748046875,1392.31,Swift/Swift.csv,68,7,Swift,fasta,False,True,,1.39231
45.97662353515625,32.855224609375,0.0,4.18658447265625,1403.31,Swift/Swift.csv,69,7,Swift,fasta,False,True,,1.4033099999999998
45.87371826171875,32.84234619140625,0.0,4.14556884765625,1391.27,Swift/Swift.csv,70,7,Swift,fasta,False,True,,1.39127
43.52056884765625,31.8070068359375,0.0,3.29486083984375,1362.8,Swift/Swift.csv,71,8,Swift,spectral-norm,False,True,,1.3628
43.62322998046875,32.03167724609375,0.0,3.2510986328125,1345.36,Swift/Swift.csv,72,8,Swift,spectral-norm,False,True,,1.34536
43.6922607421875,32.081787109375,0.0,3.25433349609375,1345.66,Swift/Swift.csv,73,8,Swift,spectral-norm,False,True,,1.34566
43.60870361328125,32.02471923828125,0.0,3.2462158203125,1343.12,Swift/Swift.csv,74,8,Swift,spectral-norm,False,True,,1.3431199999999999
43.6781005859375,32.08392333984375,0.0,3.25128173828125,1345.19,Swift/Swift.csv,75,8,Swift,spectral-norm,False,True,,1.34519
43.6510009765625,32.05548095703125,0.0,3.25067138671875,1345.07,Swift/Swift.csv,76,8,Swift,spectral-norm,False,True,,1.34507
43.64605712890625,32.06298828125,0.0,3.25103759765625,1345.57,Swift/Swift.csv,77,8,Swift,spectral-norm,False,True,,1.34557
43.658447265625,32.06787109375,0.0,3.251220703125,1344.95,Swift/Swift.csv,78,8,Swift,spectral-norm,False,True,,1.34495
43.62945556640625,32.04254150390625,0.0,3.2510986328125,1345.31,Swift/Swift.csv,79,8,Swift,spectral-norm,False,True,,1.34531
43.643310546875,32.05316162109375,0.0,3.24896240234375,1343.18,Swift/Swift.csv,80,8,Swift,spectral-norm,False,True,,1.34318
128.2264404296875,63.51251220703125,0.001220703125,16.63446044921875,6883.56,TypeScript/TypeScript.csv,1,1,TypeScript,n-body,False,True,,6.88356
128.7030029296875,63.71588134765625,0.0,16.5693359375,6855.22,TypeScript/TypeScript.csv,2,1,TypeScript,n-body,False,True,,6.85522
128.1744384765625,63.60772705078125,0.0,16.58062744140625,6860.97,TypeScript/TypeScript.csv,3,1,TypeScript,n-body,False,True,,6.86097
128.11724853515625,63.55682373046875,0.0,16.5714111328125,6856.35,TypeScript/TypeScript.csv,4,1,TypeScript,n-body,False,True,,6.85635
127.99786376953125,63.45599365234375,0.0,16.56610107421875,6854.97,TypeScript/TypeScript.csv,5,1,TypeScript,n-body,False,True,,6.854970000000001
128.375244140625,63.54180908203125,0.0,16.58819580078125,6863.72,TypeScript/TypeScript.csv,6,1,TypeScript,n-body,False,True,,6.86372
128.005615234375,63.422607421875,0.0,16.57147216796875,6856.23,TypeScript/TypeScript.csv,7,1,TypeScript,n-body,False,True,,6.856229999999999
127.97125244140625,63.2640380859375,0.00103759765625,16.56610107421875,6855.15,TypeScript/TypeScript.csv,8,1,TypeScript,n-body,False,True,,6.85515
129.2593994140625,63.9002685546875,0.0,16.7362060546875,6924.48,TypeScript/TypeScript.csv,9,1,TypeScript,n-body,False,True,,6.92448
127.971923828125,63.380859375,0.0,16.56854248046875,6855.83,TypeScript/TypeScript.csv,10,1,TypeScript,n-body,False,True,,6.85583
459.57366943359375,240.4163818359375,0.0013427734375,74.1932373046875,21650.9,TypeScript/TypeScript.csv,11,2,TypeScript,binary-trees,False,True,,21.6509
463.26409912109375,243.1236572265625,0.0,74.002197265625,21632.9,TypeScript/TypeScript.csv,12,2,TypeScript,binary-trees,False,True,,21.632900000000003
465.1317138671875,244.7197265625,0.0010986328125,73.980224609375,21522.4,TypeScript/TypeScript.csv,13,2,TypeScript,binary-trees,False,True,,21.5224
455.85321044921875,237.84637451171875,0.0,74.21490478515625,21665.5,TypeScript/TypeScript.csv,14,2,TypeScript,binary-trees,False,True,,21.6655
462.009765625,241.38543701171875,0.00103759765625,74.43890380859375,21809.0,TypeScript/TypeScript.csv,15,2,TypeScript,binary-trees,False,True,,21.809
458.10546875,239.80670166015625,0.0,73.93023681640625,21601.7,TypeScript/TypeScript.csv,16,2,TypeScript,binary-trees,False,True,,21.6017
455.1427001953125,237.87750244140625,0.001220703125,74.07257080078125,21684.2,TypeScript/TypeScript.csv,17,2,TypeScript,binary-trees,False,True,,21.6842
459.1141357421875,239.2685546875,0.0,74.9906005859375,21983.1,TypeScript/TypeScript.csv,18,2,TypeScript,binary-trees,False,True,,21.9831
458.9141845703125,240.47894287109375,0.0009765625,74.02734375,21624.4,TypeScript/TypeScript.csv,19,2,TypeScript,binary-trees,False,True,,21.6244
469.78485107421875,249.03082275390625,0.0,74.04345703125,21624.2,TypeScript/TypeScript.csv,20,2,TypeScript,binary-trees,False,True,,21.624200000000002
38.63629150390625,18.58355712890625,0.0,5.73944091796875,2106.48,TypeScript/TypeScript.csv,21,3,TypeScript,regex-redux,False,True,,2.10648
38.63201904296875,19.20245361328125,0.0,5.4671630859375,1995.25,TypeScript/TypeScript.csv,22,3,TypeScript,regex-redux,False,True,,1.99525
38.73846435546875,19.21990966796875,0.0,5.46209716796875,1993.96,TypeScript/TypeScript.csv,23,3,TypeScript,regex-redux,False,True,,1.99396
39.14520263671875,19.49267578125,0.00103759765625,5.47381591796875,1997.18,TypeScript/TypeScript.csv,24,3,TypeScript,regex-redux,False,True,,1.99718
38.68841552734375,19.21600341796875,0.0,5.46710205078125,1995.34,TypeScript/TypeScript.csv,25,3,TypeScript,regex-redux,False,True,,1.99534
38.72003173828125,19.2357177734375,0.0,5.4666748046875,1995.51,TypeScript/TypeScript.csv,26,3,TypeScript,regex-redux,False,True,,1.99551
38.85943603515625,19.30535888671875,0.0,5.4635009765625,1995.32,TypeScript/TypeScript.csv,27,3,TypeScript,regex-redux,False,True,,1.99532
38.74310302734375,19.22454833984375,0.0,5.4541015625,1990.61,TypeScript/TypeScript.csv,28,3,TypeScript,regex-redux,False,True,,1.99061
38.77532958984375,19.241943359375,0.0,5.47076416015625,1996.35,TypeScript/TypeScript.csv,29,3,TypeScript,regex-redux,False,True,,1.9963499999999998
38.702392578125,19.2032470703125,0.0,5.46575927734375,1995.55,TypeScript/TypeScript.csv,30,3,TypeScript,regex-redux,False,True,,1.99555
10580.2802734375,5578.889709472656,0.0125732421875,1252.1743774414062,518302.0,TypeScript/TypeScript.csv,31,4,TypeScript,fannkuch-redux,False,True,,518.302
10901.4873046875,5772.2147216796875,0.01312255859375,1248.048828125,516526.0,TypeScript/TypeScript.csv,32,4,TypeScript,fannkuch-redux,False,True,,516.526
10596.867736816406,5583.4976806640625,0.01300048828125,1246.5918579101562,515978.0,TypeScript/TypeScript.csv,33,4,TypeScript,fannkuch-redux,False,True,,515.978
10769.385559082031,5676.35693359375,0.0128173828125,1246.7477416992188,516052.0,TypeScript/TypeScript.csv,34,4,TypeScript,fannkuch-redux,False,True,,516.052
10526.265319824219,5543.244140625,0.01287841796875,1246.963623046875,516142.0,TypeScript/TypeScript.csv,35,4,TypeScript,fannkuch-redux,False,True,,516.142
10855.800109863281,5725.0869140625,0.01263427734375,1246.9074096679688,516112.0,TypeScript/TypeScript.csv,36,4,TypeScript,fannkuch-redux,False,True,,516.112
10770.923706054688,5677.821533203125,0.012939453125,1246.677734375,516024.0,TypeScript/TypeScript.csv,37,4,TypeScript,fannkuch-redux,False,True,,516.024
10764.842224121094,5682.090576171875,0.01300048828125,1247.1500244140625,516222.0,TypeScript/TypeScript.csv,38,4,TypeScript,fannkuch-redux,False,True,,516.222
10534.054443359375,5551.279479980469,0.01226806640625,1248.4763793945312,516771.0,TypeScript/TypeScript.csv,39,4,TypeScript,fannkuch-redux,False,True,,516.771
10867.675842285156,5729.349060058594,0.01287841796875,1248.7383422851562,516869.0,TypeScript/TypeScript.csv,40,4,TypeScript,fannkuch-redux,False,True,,516.869
130.8153076171875,65.13433837890625,0.0009765625,17.34039306640625,6938.57,TypeScript/TypeScript.csv,41,5,TypeScript,fasta,False,True,,6.9385699999999995
130.89630126953125,65.3807373046875,0.0,17.24810791015625,6901.27,TypeScript/TypeScript.csv,42,5,TypeScript,fasta,False,True,,6.90127
131.30413818359375,65.68145751953125,0.0,17.25714111328125,6908.01,TypeScript/TypeScript.csv,43,5,TypeScript,fasta,False,True,,6.90801
132.02197265625,66.11224365234375,0.0,17.243408203125,6901.93,TypeScript/TypeScript.csv,44,5,TypeScript,fasta,False,True,,6.90193
131.3701171875,65.653076171875,0.0,17.25872802734375,6907.24,TypeScript/TypeScript.csv,45,5,TypeScript,fasta,False,True,,6.90724
130.81207275390625,65.4052734375,0.0,17.2371826171875,6895.58,TypeScript/TypeScript.csv,46,5,TypeScript,fasta,False,True,,6.89558
130.81494140625,65.41815185546875,0.00091552734375,17.2364501953125,6896.76,TypeScript/TypeScript.csv,47,5,TypeScript,fasta,False,True,,6.8967600000000004
130.974365234375,65.4544677734375,0.0,17.2607421875,6903.56,TypeScript/TypeScript.csv,48,5,TypeScript,fasta,False,True,,6.903560000000001
131.03131103515625,65.47125244140625,0.0,17.26324462890625,6907.47,TypeScript/TypeScript.csv,49,5,TypeScript,fasta,False,True,,6.90747
131.05255126953125,65.4622802734375,0.0,17.26971435546875,6908.74,TypeScript/TypeScript.csv,50,5,TypeScript,fasta,False,True,,6.90874
103.01025390625,47.972900390625,0.0,13.99603271484375,5789.96,TypeScript/TypeScript.csv,51,6,TypeScript,spectral-norm,False,True,,5.78996
103.083740234375,48.28472900390625,0.0,13.89630126953125,5749.74,TypeScript/TypeScript.csv,52,6,TypeScript,spectral-norm,False,True,,5.74974
103.20458984375,48.34783935546875,0.0009765625,13.89630126953125,5749.08,TypeScript/TypeScript.csv,53,6,TypeScript,spectral-norm,False,True,,5.74908
103.2579345703125,48.36199951171875,0.0,13.89892578125,5749.62,TypeScript/TypeScript.csv,54,6,TypeScript,spectral-norm,False,True,,5.74962
103.51885986328125,48.54412841796875,0.0,13.89837646484375,5750.48,TypeScript/TypeScript.csv,55,6,TypeScript,spectral-norm,False,True,,5.75048
103.07379150390625,48.2802734375,0.0,13.89617919921875,5748.73,TypeScript/TypeScript.csv,56,6,TypeScript,spectral-norm,False,True,,5.748729999999999
103.09051513671875,48.28271484375,0.0,13.89593505859375,5749.18,TypeScript/TypeScript.csv,57,6,TypeScript,spectral-norm,False,True,,5.74918
103.17669677734375,48.34759521484375,0.0,13.89801025390625,5750.69,TypeScript/TypeScript.csv,58,6,TypeScript,spectral-norm,False,True,,5.75069
103.3349609375,48.39581298828125,0.0,13.89593505859375,5749.19,TypeScript/TypeScript.csv,59,6,TypeScript,spectral-norm,False,True,,5.74919
103.731201171875,48.66900634765625,0.0,13.90087890625,5750.9,TypeScript/TypeScript.csv,60,6,TypeScript,spectral-norm,False,True,,5.7509
